kernel_host_7004053664364030334,16,400,16,600,16,800,16,1000,16,1200,32,400,32,600,32,800,32,1000,32,1200,48,400,48,600,48,800,48,1000,48,1200,64,400,64,600,64,800,64,1000,64,1200
external_el_,16,400,16,600,16,800,16,1000,16,1200,32,400,32,600,32,800,32,1000,32,1200,48,400,48,600,48,800,48,1000,48,1200,64,400,64,600,64,800,64,1000,64,1200
get_time_,16,400,16,600,16,800,16,1000,16,1200,32,400,32,600,32,800,32,1000,32,1200,48,400,48,600,48,800,48,1000,48,1200,64,400,64,600,64,800,64,1000,64,1200
kernel_host_6151473719594853315,16,400,16,600,16,800,16,1000,16,1200,32,400,32,600,32,800,32,1000,32,1200,48,400,48,600,48,800,48,1000,48,1200,64,400,64,600,64,800,64,1000,64,1200
kernel_host_2895507310617246303,16,400,16,600,16,800,16,1000,16,1200,32,400,32,600,32,800,32,1000,32,1200,48,400,48,600,48,800,48,1000,48,1200,64,400,64,600,64,800,64,1000,64,1200
bcond6_,16,400,16,600,16,800,16,1000,16,1200,32,400,32,600,32,800,32,1000,32,1200,48,400,48,600,48,800,48,1000,48,1200,64,400,64,600,64,800,64,1000,64,1200
bcond3_u_,16,400,16,600,16,800,16,1000,16,1200,32,400,32,600,32,800,32,1000,32,1200,48,400,48,600,48,800,48,1000,48,1200,64,400,64,600,64,800,64,1000,64,1200
baropg_,16,400,16,600,16,800,16,1000,16,1200,32,400,32,600,32,800,32,1000,32,1200,48,400,48,600,48,800,48,1000,48,1200,64,400,64,600,64,800,64,1000,64,1200
MPI_Waitall,16,400,16,600,16,800,16,1000,16,1200,32,400,32,600,32,800,32,1000,32,1200,48,400,48,600,48,800,48,1000,48,1200,64,400,64,600,64,800,64,1000,64,1200
kernel_host_2403034596777470961,16,400,16,600,16,800,16,1000,16,1200,32,400,32,600,32,800,32,1000,32,1200,48,400,48,600,48,800,48,1000,48,1200,64,400,64,600,64,800,64,1000,64,1200
kernel_host_11974978034716845838,16,400,16,600,16,800,16,1000,16,1200,32,400,32,600,32,800,32,1000,32,1200,48,400,48,600,48,800,48,1000,48,1200,64,400,64,600,64,800,64,1000,64,1200
kernel_host_5613771957553797452,16,400,16,600,16,800,16,1000,16,1200,32,400,32,600,32,800,32,1000,32,1200,48,400,48,600,48,800,48,1000,48,1200,64,400,64,600,64,800,64,1000,64,1200
kernel_host_6678857161791714567,16,400,16,600,16,800,16,1000,16,1200,32,400,32,600,32,800,32,1000,32,1200,48,400,48,600,48,800,48,1000,48,1200,64,400,64,600,64,800,64,1000,64,1200
kernel_host_1406632355128019739,16,400,16,600,16,800,16,1000,16,1200,32,400,32,600,32,800,32,1000,32,1200,48,400,48,600,48,800,48,1000,48,1200,64,400,64,600,64,800,64,1000,64,1200
mpi_get_processor_name_,16,400,16,600,16,800,16,1000,16,1200,32,400,32,600,32,800,32,1000,32,1200,48,400,48,600,48,800,48,1000,48,1200,64,400,64,600,64,800,64,1000,64,1200
init_fields_,16,400,16,600,16,800,16,1000,16,1200,32,400,32,600,32,800,32,1000,32,1200,48,400,48,600,48,800,48,1000,48,1200,64,400,64,600,64,800,64,1000,64,1200
MPI_Bcast,16,400,16,600,16,800,16,1000,16,1200,32,400,32,600,32,800,32,1000,32,1200,48,400,48,600,48,800,48,1000,48,1200,64,400,64,600,64,800,64,1000,64,1200
internal_t_,16,400,16,600,16,800,16,1000,16,1200,32,400,32,600,32,800,32,1000,32,1200,48,400,48,600,48,800,48,1000,48,1200,64,400,64,600,64,800,64,1000,64,1200
MPI_Allreduce,16,400,16,600,16,800,16,1000,16,1200,32,400,32,600,32,800,32,1000,32,1200,48,400,48,600,48,800,48,1000,48,1200,64,400,64,600,64,800,64,1000,64,1200
kernel_host_14913372915240065947,16,400,16,600,16,800,16,1000,16,1200,32,400,32,600,32,800,32,1000,32,1200,48,400,48,600,48,800,48,1000,48,1200,64,400,64,600,64,800,64,1000,64,1200
kernel_host_561946464185660303,16,400,16,600,16,800,16,1000,16,1200,32,400,32,600,32,800,32,1000,32,1200,48,400,48,600,48,800,48,1000,48,1200,64,400,64,600,64,800,64,1000,64,1200
kernel_host_11078693922887474255,16,400,16,600,16,800,16,1000,16,1200,32,400,32,600,32,800,32,1000,32,1200,48,400,48,600,48,800,48,1000,48,1200,64,400,64,600,64,800,64,1000,64,1200
kernel_host_15777227199745514466,16,400,16,600,16,800,16,1000,16,1200,32,400,32,600,32,800,32,1000,32,1200,48,400,48,600,48,800,48,1000,48,1200,64,400,64,600,64,800,64,1000,64,1200
kernel_host_669428828628634244,16,400,16,600,16,800,16,1000,16,1200,32,400,32,600,32,800,32,1000,32,1200,48,400,48,600,48,800,48,1000,48,1200,64,400,64,600,64,800,64,1000,64,1200
kernel_host_17600160524251074110,16,400,16,600,16,800,16,1000,16,1200,32,400,32,600,32,800,32,1000,32,1200,48,400,48,600,48,800,48,1000,48,1200,64,400,64,600,64,800,64,1000,64,1200
kernel_host_2668086296973077183,16,400,16,600,16,800,16,1000,16,1200,32,400,32,600,32,800,32,1000,32,1200,48,400,48,600,48,800,48,1000,48,1200,64,400,64,600,64,800,64,1000,64,1200
kernel_host_3203235421309124674,16,400,16,600,16,800,16,1000,16,1200,32,400,32,600,32,800,32,1000,32,1200,48,400,48,600,48,800,48,1000,48,1200,64,400,64,600,64,800,64,1000,64,1200
read_init_,16,400,16,600,16,800,16,1000,16,1200,32,400,32,600,32,800,32,1000,32,1200,48,400,48,600,48,800,48,1000,48,1200,64,400,64,600,64,800,64,1000,64,1200
main,16,400,16,600,16,800,16,1000,16,1200,32,400,32,600,32,800,32,1000,32,1200,48,400,48,600,48,800,48,1000,48,1200,64,400,64,600,64,800,64,1000,64,1200
bcond2_va_,16,400,16,600,16,800,16,1000,16,1200,32,400,32,600,32,800,32,1000,32,1200,48,400,48,600,48,800,48,1000,48,1200,64,400,64,600,64,800,64,1000,64,1200
kernel_host_14177333148799137211,16,400,16,600,16,800,16,1000,16,1200,32,400,32,600,32,800,32,1000,32,1200,48,400,48,600,48,800,48,1000,48,1200,64,400,64,600,64,800,64,1000,64,1200
kernel_host_3801595614667731380,16,400,16,600,16,800,16,1000,16,1200,32,400,32,600,32,800,32,1000,32,1200,48,400,48,600,48,800,48,1000,48,1200,64,400,64,600,64,800,64,1000,64,1200
bcond1_,16,400,16,600,16,800,16,1000,16,1200,32,400,32,600,32,800,32,1000,32,1200,48,400,48,600,48,800,48,1000,48,1200,64,400,64,600,64,800,64,1000,64,1200
kernel_host_17675233011309389831,16,400,16,600,16,800,16,1000,16,1200,32,400,32,600,32,800,32,1000,32,1200,48,400,48,600,48,800,48,1000,48,1200,64,400,64,600,64,800,64,1000,64,1200
kernel_host_2769894380674479461,16,400,16,600,16,800,16,1000,16,1200,32,400,32,600,32,800,32,1000,32,1200,48,400,48,600,48,800,48,1000,48,1200,64,400,64,600,64,800,64,1000,64,1200
kernel_host_1513189204643337441,16,400,16,600,16,800,16,1000,16,1200,32,400,32,600,32,800,32,1000,32,1200,48,400,48,600,48,800,48,1000,48,1200,64,400,64,600,64,800,64,1000,64,1200
kernel_host_5189765816641970822,16,400,16,600,16,800,16,1000,16,1200,32,400,32,600,32,800,32,1000,32,1200,48,400,48,600,48,800,48,1000,48,1200,64,400,64,600,64,800,64,1000,64,1200
kernel_host_17156898055338419057,16,400,16,600,16,800,16,1000,16,1200,32,400,32,600,32,800,32,1000,32,1200,48,400,48,600,48,800,48,1000,48,1200,64,400,64,600,64,800,64,1000,64,1200
bcond3_v_,16,400,16,600,16,800,16,1000,16,1200,32,400,32,600,32,800,32,1000,32,1200,48,400,48,600,48,800,48,1000,48,1200,64,400,64,600,64,800,64,1000,64,1200
kernel_host_4089695605558063454,16,400,16,600,16,800,16,1000,16,1200,32,400,32,600,32,800,32,1000,32,1200,48,400,48,600,48,800,48,1000,48,1200,64,400,64,600,64,800,64,1000,64,1200
kernel_host_11313705801899030046,16,400,16,600,16,800,16,1000,16,1200,32,400,32,600,32,800,32,1000,32,1200,48,400,48,600,48,800,48,1000,48,1200,64,400,64,600,64,800,64,1000,64,1200
kernel_host_3056794744720896216,16,400,16,600,16,800,16,1000,16,1200,32,400,32,600,32,800,32,1000,32,1200,48,400,48,600,48,800,48,1000,48,1200,64,400,64,600,64,800,64,1000,64,1200
internal_w_,16,400,16,600,16,800,16,1000,16,1200,32,400,32,600,32,800,32,1000,32,1200,48,400,48,600,48,800,48,1000,48,1200,64,400,64,600,64,800,64,1000,64,1200
kernel_host_5341804159594033185,16,400,16,600,16,800,16,1000,16,1200,32,400,32,600,32,800,32,1000,32,1200,48,400,48,600,48,800,48,1000,48,1200,64,400,64,600,64,800,64,1000,64,1200
kernel_host_11243618430834388333,16,400,16,600,16,800,16,1000,16,1200,32,400,32,600,32,800,32,1000,32,1200,48,400,48,600,48,800,48,1000,48,1200,64,400,64,600,64,800,64,1000,64,1200
kernel_host_7308789819381199256,16,400,16,600,16,800,16,1000,16,1200,32,400,32,600,32,800,32,1000,32,1200,48,400,48,600,48,800,48,1000,48,1200,64,400,64,600,64,800,64,1000,64,1200
kernel_host_3362328253860953284,16,400,16,600,16,800,16,1000,16,1200,32,400,32,600,32,800,32,1000,32,1200,48,400,48,600,48,800,48,1000,48,1200,64,400,64,600,64,800,64,1000,64,1200
MPI_Get_count,16,400,16,600,16,800,16,1000,16,1200,32,400,32,600,32,800,32,1000,32,1200,48,400,48,600,48,800,48,1000,48,1200,64,400,64,600,64,800,64,1000,64,1200
kernel_host_4023198913931606276,16,400,16,600,16,800,16,1000,16,1200,32,400,32,600,32,800,32,1000,32,1200,48,400,48,600,48,800,48,1000,48,1200,64,400,64,600,64,800,64,1000,64,1200
MPI_Irecv,16,400,16,600,16,800,16,1000,16,1200,32,400,32,600,32,800,32,1000,32,1200,48,400,48,600,48,800,48,1000,48,1200,64,400,64,600,64,800,64,1000,64,1200
kernel_host_2077031470031862986,16,400,16,600,16,800,16,1000,16,1200,32,400,32,600,32,800,32,1000,32,1200,48,400,48,600,48,800,48,1000,48,1200,64,400,64,600,64,800,64,1000,64,1200
kernel_host_11785900214035726808,16,400,16,600,16,800,16,1000,16,1200,32,400,32,600,32,800,32,1000,32,1200,48,400,48,600,48,800,48,1000,48,1200,64,400,64,600,64,800,64,1000,64,1200
bcond4_,16,400,16,600,16,800,16,1000,16,1200,32,400,32,600,32,800,32,1000,32,1200,48,400,48,600,48,800,48,1000,48,1200,64,400,64,600,64,800,64,1000,64,1200
bcond2_ua_,16,400,16,600,16,800,16,1000,16,1200,32,400,32,600,32,800,32,1000,32,1200,48,400,48,600,48,800,48,1000,48,1200,64,400,64,600,64,800,64,1000,64,1200
kernel_host_9828195426201177678,16,400,16,600,16,800,16,1000,16,1200,32,400,32,600,32,800,32,1000,32,1200,48,400,48,600,48,800,48,1000,48,1200,64,400,64,600,64,800,64,1000,64,1200
kernel_host_10447168533120541692,16,400,16,600,16,800,16,1000,16,1200,32,400,32,600,32,800,32,1000,32,1200,48,400,48,600,48,800,48,1000,48,1200,64,400,64,600,64,800,64,1000,64,1200
kernel_host_13527600874346049264,16,400,16,600,16,800,16,1000,16,1200,32,400,32,600,32,800,32,1000,32,1200,48,400,48,600,48,800,48,1000,48,1200,64,400,64,600,64,800,64,1000,64,1200
kernel_host_17572185407420011884,16,400,16,600,16,800,16,1000,16,1200,32,400,32,600,32,800,32,1000,32,1200,48,400,48,600,48,800,48,1000,48,1200,64,400,64,600,64,800,64,1000,64,1200
lateral_bc_,16,400,16,600,16,800,16,1000,16,1200,32,400,32,600,32,800,32,1000,32,1200,48,400,48,600,48,800,48,1000,48,1200,64,400,64,600,64,800,64,1000,64,1200
kernel_host_16025009267156524296,16,400,16,600,16,800,16,1000,16,1200,32,400,32,600,32,800,32,1000,32,1200,48,400,48,600,48,800,48,1000,48,1200,64,400,64,600,64,800,64,1000,64,1200
kernel_host_18056069231970590520,16,400,16,600,16,800,16,1000,16,1200,32,400,32,600,32,800,32,1000,32,1200,48,400,48,600,48,800,48,1000,48,1200,64,400,64,600,64,800,64,1000,64,1200
kernel_host_7338183325372557907,16,400,16,600,16,800,16,1000,16,1200,32,400,32,600,32,800,32,1000,32,1200,48,400,48,600,48,800,48,1000,48,1200,64,400,64,600,64,800,64,1000,64,1200
__config_MOD_loadconfig,16,400,16,600,16,800,16,1000,16,1200,32,400,32,600,32,800,32,1000,32,1200,48,400,48,600,48,800,48,1000,48,1200,64,400,64,600,64,800,64,1000,64,1200
dens_,16,400,16,600,16,800,16,1000,16,1200,32,400,32,600,32,800,32,1000,32,1200,48,400,48,600,48,800,48,1000,48,1200,64,400,64,600,64,800,64,1000,64,1200
MPI_Gather,16,400,16,600,16,800,16,1000,16,1200,32,400,32,600,32,800,32,1000,32,1200,48,400,48,600,48,800,48,1000,48,1200,64,400,64,600,64,800,64,1000,64,1200
kernel_host_14960680749554967015,16,400,16,600,16,800,16,1000,16,1200,32,400,32,600,32,800,32,1000,32,1200,48,400,48,600,48,800,48,1000,48,1200,64,400,64,600,64,800,64,1000,64,1200
advct_,16,400,16,600,16,800,16,1000,16,1200,32,400,32,600,32,800,32,1000,32,1200,48,400,48,600,48,800,48,1000,48,1200,64,400,64,600,64,800,64,1000,64,1200
kernel_host_4181240233776583252,16,400,16,600,16,800,16,1000,16,1200,32,400,32,600,32,800,32,1000,32,1200,48,400,48,600,48,800,48,1000,48,1200,64,400,64,600,64,800,64,1000,64,1200
kernel_host_10653094078730851825,16,400,16,600,16,800,16,1000,16,1200,32,400,32,600,32,800,32,1000,32,1200,48,400,48,600,48,800,48,1000,48,1200,64,400,64,600,64,800,64,1000,64,1200
kernel_host_1711344829487799974,16,400,16,600,16,800,16,1000,16,1200,32,400,32,600,32,800,32,1000,32,1200,48,400,48,600,48,800,48,1000,48,1200,64,400,64,600,64,800,64,1000,64,1200
kernel_host_14930920824767543618,16,400,16,600,16,800,16,1000,16,1200,32,400,32,600,32,800,32,1000,32,1200,48,400,48,600,48,800,48,1000,48,1200,64,400,64,600,64,800,64,1000,64,1200
mpi_comm_rank_,16,400,16,600,16,800,16,1000,16,1200,32,400,32,600,32,800,32,1000,32,1200,48,400,48,600,48,800,48,1000,48,1200,64,400,64,600,64,800,64,1000,64,1200
kernel_host_13029536952378754949,16,400,16,600,16,800,16,1000,16,1200,32,400,32,600,32,800,32,1000,32,1200,48,400,48,600,48,800,48,1000,48,1200,64,400,64,600,64,800,64,1000,64,1200
sw_memcpy_host,16,400,16,600,16,800,16,1000,16,1200,32,400,32,600,32,800,32,1000,32,1200,48,400,48,600,48,800,48,1000,48,1200,64,400,64,600,64,800,64,1000,64,1200
kernel_host_11544715019137345953,16,400,16,600,16,800,16,1000,16,1200,32,400,32,600,32,800,32,1000,32,1200,48,400,48,600,48,800,48,1000,48,1200,64,400,64,600,64,800,64,1000,64,1200
kernel_host_14523175272559072737,16,400,16,600,16,800,16,1000,16,1200,32,400,32,600,32,800,32,1000,32,1200,48,400,48,600,48,800,48,1000,48,1200,64,400,64,600,64,800,64,1000,64,1200
kernel_host_18110621675970109649,16,400,16,600,16,800,16,1000,16,1200,32,400,32,600,32,800,32,1000,32,1200,48,400,48,600,48,800,48,1000,48,1200,64,400,64,600,64,800,64,1000,64,1200
MPI_Init,16,400,16,600,16,800,16,1000,16,1200,32,400,32,600,32,800,32,1000,32,1200,48,400,48,600,48,800,48,1000,48,1200,64,400,64,600,64,800,64,1000,64,1200
kernel_host_2704996265738245537,16,400,16,600,16,800,16,1000,16,1200,32,400,32,600,32,800,32,1000,32,1200,48,400,48,600,48,800,48,1000,48,1200,64,400,64,600,64,800,64,1000,64,1200
kernel_host_5579468312897313468,16,400,16,600,16,800,16,1000,16,1200,32,400,32,600,32,800,32,1000,32,1200,48,400,48,600,48,800,48,1000,48,1200,64,400,64,600,64,800,64,1000,64,1200
kernel_host_8054816732667103883,16,400,16,600,16,800,16,1000,16,1200,32,400,32,600,32,800,32,1000,32,1200,48,400,48,600,48,800,48,1000,48,1200,64,400,64,600,64,800,64,1000,64,1200
kernel_host_6495952187057350598,16,400,16,600,16,800,16,1000,16,1200,32,400,32,600,32,800,32,1000,32,1200,48,400,48,600,48,800,48,1000,48,1200,64,400,64,600,64,800,64,1000,64,1200
kernel_host_15379746689016184240,16,400,16,600,16,800,16,1000,16,1200,32,400,32,600,32,800,32,1000,32,1200,48,400,48,600,48,800,48,1000,48,1200,64,400,64,600,64,800,64,1000,64,1200
kernel_host_940921560178879518,16,400,16,600,16,800,16,1000,16,1200,32,400,32,600,32,800,32,1000,32,1200,48,400,48,600,48,800,48,1000,48,1200,64,400,64,600,64,800,64,1000,64,1200
kernel_host_5285627496081891117,16,400,16,600,16,800,16,1000,16,1200,32,400,32,600,32,800,32,1000,32,1200,48,400,48,600,48,800,48,1000,48,1200,64,400,64,600,64,800,64,1000,64,1200
kernel_host_9870073709680686895,16,400,16,600,16,800,16,1000,16,1200,32,400,32,600,32,800,32,1000,32,1200,48,400,48,600,48,800,48,1000,48,1200,64,400,64,600,64,800,64,1000,64,1200
advave_,16,400,16,600,16,800,16,1000,16,1200,32,400,32,600,32,800,32,1000,32,1200,48,400,48,600,48,800,48,1000,48,1200,64,400,64,600,64,800,64,1000,64,1200
mpi_comm_size_,16,400,16,600,16,800,16,1000,16,1200,32,400,32,600,32,800,32,1000,32,1200,48,400,48,600,48,800,48,1000,48,1200,64,400,64,600,64,800,64,1000,64,1200
kernel_host_12880096600322512940,16,400,16,600,16,800,16,1000,16,1200,32,400,32,600,32,800,32,1000,32,1200,48,400,48,600,48,800,48,1000,48,1200,64,400,64,600,64,800,64,1000,64,1200
kernel_host_8607595517187487955,16,400,16,600,16,800,16,1000,16,1200,32,400,32,600,32,800,32,1000,32,1200,48,400,48,600,48,800,48,1000,48,1200,64,400,64,600,64,800,64,1000,64,1200
kernel_host_3118027215046091878,16,400,16,600,16,800,16,1000,16,1200,32,400,32,600,32,800,32,1000,32,1200,48,400,48,600,48,800,48,1000,48,1200,64,400,64,600,64,800,64,1000,64,1200
mpi_barrier_,16,400,16,600,16,800,16,1000,16,1200,32,400,32,600,32,800,32,1000,32,1200,48,400,48,600,48,800,48,1000,48,1200,64,400,64,600,64,800,64,1000,64,1200
kernel_host_4064066695173842015,16,400,16,600,16,800,16,1000,16,1200,32,400,32,600,32,800,32,1000,32,1200,48,400,48,600,48,800,48,1000,48,1200,64,400,64,600,64,800,64,1000,64,1200
internal_u_,16,400,16,600,16,800,16,1000,16,1200,32,400,32,600,32,800,32,1000,32,1200,48,400,48,600,48,800,48,1000,48,1200,64,400,64,600,64,800,64,1000,64,1200
smoth_update_,16,400,16,600,16,800,16,1000,16,1200,32,400,32,600,32,800,32,1000,32,1200,48,400,48,600,48,800,48,1000,48,1200,64,400,64,600,64,800,64,1000,64,1200
print_section_,16,400,16,600,16,800,16,1000,16,1200,32,400,32,600,32,800,32,1000,32,1200,48,400,48,600,48,800,48,1000,48,1200,64,400,64,600,64,800,64,1000,64,1200
kernel_host_6269904581008346741,16,400,16,600,16,800,16,1000,16,1200,32,400,32,600,32,800,32,1000,32,1200,48,400,48,600,48,800,48,1000,48,1200,64,400,64,600,64,800,64,1000,64,1200
kernel_host_17257447492840229055,16,400,16,600,16,800,16,1000,16,1200,32,400,32,600,32,800,32,1000,32,1200,48,400,48,600,48,800,48,1000,48,1200,64,400,64,600,64,800,64,1000,64,1200
MAIN__,16,400,16,600,16,800,16,1000,16,1200,32,400,32,600,32,800,32,1000,32,1200,48,400,48,600,48,800,48,1000,48,1200,64,400,64,600,64,800,64,1000,64,1200
kernel_host_5354701768032446803,16,400,16,600,16,800,16,1000,16,1200,32,400,32,600,32,800,32,1000,32,1200,48,400,48,600,48,800,48,1000,48,1200,64,400,64,600,64,800,64,1000,64,1200
kernel_host_18070178787332596206,16,400,16,600,16,800,16,1000,16,1200,32,400,32,600,32,800,32,1000,32,1200,48,400,48,600,48,800,48,1000,48,1200,64,400,64,600,64,800,64,1000,64,1200
kernel_host_9476223794341086031,16,400,16,600,16,800,16,1000,16,1200,32,400,32,600,32,800,32,1000,32,1200,48,400,48,600,48,800,48,1000,48,1200,64,400,64,600,64,800,64,1000,64,1200
MPI_Comm_free,16,400,16,600,16,800,16,1000,16,1200,32,400,32,600,32,800,32,1000,32,1200,48,400,48,600,48,800,48,1000,48,1200,64,400,64,600,64,800,64,1000,64,1200
kernel_host_13670386984375334520,16,400,16,600,16,800,16,1000,16,1200,32,400,32,600,32,800,32,1000,32,1200,48,400,48,600,48,800,48,1000,48,1200,64,400,64,600,64,800,64,1000,64,1200
__libc_start_main,16,400,16,600,16,800,16,1000,16,1200,32,400,32,600,32,800,32,1000,32,1200,48,400,48,600,48,800,48,1000,48,1200,64,400,64,600,64,800,64,1000,64,1200
kernel_host_11711072112829525569,16,400,16,600,16,800,16,1000,16,1200,32,400,32,600,32,800,32,1000,32,1200,48,400,48,600,48,800,48,1000,48,1200,64,400,64,600,64,800,64,1000,64,1200
kernel_host_2904305052371605897,16,400,16,600,16,800,16,1000,16,1200,32,400,32,600,32,800,32,1000,32,1200,48,400,48,600,48,800,48,1000,48,1200,64,400,64,600,64,800,64,1000,64,1200
kernel_host_11735378529907380392,16,400,16,600,16,800,16,1000,16,1200,32,400,32,600,32,800,32,1000,32,1200,48,400,48,600,48,800,48,1000,48,1200,64,400,64,600,64,800,64,1000,64,1200
kernel_host_11734272273339620725,16,400,16,600,16,800,16,1000,16,1200,32,400,32,600,32,800,32,1000,32,1200,48,400,48,600,48,800,48,1000,48,1200,64,400,64,600,64,800,64,1000,64,1200
kernel_host_10908567227736662191,16,400,16,600,16,800,16,1000,16,1200,32,400,32,600,32,800,32,1000,32,1200,48,400,48,600,48,800,48,1000,48,1200,64,400,64,600,64,800,64,1000,64,1200
kernel_host_7666798020544911213,16,400,16,600,16,800,16,1000,16,1200,32,400,32,600,32,800,32,1000,32,1200,48,400,48,600,48,800,48,1000,48,1200,64,400,64,600,64,800,64,1000,64,1200
kernel_host_928901692857333394,16,400,16,600,16,800,16,1000,16,1200,32,400,32,600,32,800,32,1000,32,1200,48,400,48,600,48,800,48,1000,48,1200,64,400,64,600,64,800,64,1000,64,1200
MPI_Get_processor_name,16,400,16,600,16,800,16,1000,16,1200,32,400,32,600,32,800,32,1000,32,1200,48,400,48,600,48,800,48,1000,48,1200,64,400,64,600,64,800,64,1000,64,1200
kernel_host_13005850972175828160,16,400,16,600,16,800,16,1000,16,1200,32,400,32,600,32,800,32,1000,32,1200,48,400,48,600,48,800,48,1000,48,1200,64,400,64,600,64,800,64,1000,64,1200
kernel_host_18092185543702176767,16,400,16,600,16,800,16,1000,16,1200,32,400,32,600,32,800,32,1000,32,1200,48,400,48,600,48,800,48,1000,48,1200,64,400,64,600,64,800,64,1000,64,1200
kernel_host_149332173039792024,16,400,16,600,16,800,16,1000,16,1200,32,400,32,600,32,800,32,1000,32,1200,48,400,48,600,48,800,48,1000,48,1200,64,400,64,600,64,800,64,1000,64,1200
kernel_host_5742318362719794899,16,400,16,600,16,800,16,1000,16,1200,32,400,32,600,32,800,32,1000,32,1200,48,400,48,600,48,800,48,1000,48,1200,64,400,64,600,64,800,64,1000,64,1200
kernel_host_14742595204480865565,16,400,16,600,16,800,16,1000,16,1200,32,400,32,600,32,800,32,1000,32,1200,48,400,48,600,48,800,48,1000,48,1200,64,400,64,600,64,800,64,1000,64,1200
adjust_ufvf_,16,400,16,600,16,800,16,1000,16,1200,32,400,32,600,32,800,32,1000,32,1200,48,400,48,600,48,800,48,1000,48,1200,64,400,64,600,64,800,64,1000,64,1200
MPI_Type_free,16,400,16,600,16,800,16,1000,16,1200,32,400,32,600,32,800,32,1000,32,1200,48,400,48,600,48,800,48,1000,48,1200,64,400,64,600,64,800,64,1000,64,1200
update_initial_,16,400,16,600,16,800,16,1000,16,1200,32,400,32,600,32,800,32,1000,32,1200,48,400,48,600,48,800,48,1000,48,1200,64,400,64,600,64,800,64,1000,64,1200
MPI_Type_commit,16,400,16,600,16,800,16,1000,16,1200,32,400,32,600,32,800,32,1000,32,1200,48,400,48,600,48,800,48,1000,48,1200,64,400,64,600,64,800,64,1000,64,1200
kernel_host_5251974738527917755,16,400,16,600,16,800,16,1000,16,1200,32,400,32,600,32,800,32,1000,32,1200,48,400,48,600,48,800,48,1000,48,1200,64,400,64,600,64,800,64,1000,64,1200
kernel_host_11180554648481108675,16,400,16,600,16,800,16,1000,16,1200,32,400,32,600,32,800,32,1000,32,1200,48,400,48,600,48,800,48,1000,48,1200,64,400,64,600,64,800,64,1000,64,1200
kernel_host_16474014825694923176,16,400,16,600,16,800,16,1000,16,1200,32,400,32,600,32,800,32,1000,32,1200,48,400,48,600,48,800,48,1000,48,1200,64,400,64,600,64,800,64,1000,64,1200
kernel_host_677570178439262390,16,400,16,600,16,800,16,1000,16,1200,32,400,32,600,32,800,32,1000,32,1200,48,400,48,600,48,800,48,1000,48,1200,64,400,64,600,64,800,64,1000,64,1200
kernel_host_10497226412570990612,16,400,16,600,16,800,16,1000,16,1200,32,400,32,600,32,800,32,1000,32,1200,48,400,48,600,48,800,48,1000,48,1200,64,400,64,600,64,800,64,1000,64,1200
kernel_host_10018654585745270947,16,400,16,600,16,800,16,1000,16,1200,32,400,32,600,32,800,32,1000,32,1200,48,400,48,600,48,800,48,1000,48,1200,64,400,64,600,64,800,64,1000,64,1200
kernel_host_7809988743068049318,16,400,16,600,16,800,16,1000,16,1200,32,400,32,600,32,800,32,1000,32,1200,48,400,48,600,48,800,48,1000,48,1200,64,400,64,600,64,800,64,1000,64,1200
kernel_host_14171480367845884996,16,400,16,600,16,800,16,1000,16,1200,32,400,32,600,32,800,32,1000,32,1200,48,400,48,600,48,800,48,1000,48,1200,64,400,64,600,64,800,64,1000,64,1200
external_ua_,16,400,16,600,16,800,16,1000,16,1200,32,400,32,600,32,800,32,1000,32,1200,48,400,48,600,48,800,48,1000,48,1200,64,400,64,600,64,800,64,1000,64,1200
kernel_host_3904638810941265799,16,400,16,600,16,800,16,1000,16,1200,32,400,32,600,32,800,32,1000,32,1200,48,400,48,600,48,800,48,1000,48,1200,64,400,64,600,64,800,64,1000,64,1200
kernel_host_8383241828137858514,16,400,16,600,16,800,16,1000,16,1200,32,400,32,600,32,800,32,1000,32,1200,48,400,48,600,48,800,48,1000,48,1200,64,400,64,600,64,800,64,1000,64,1200
kernel_host_6065031066545417016,16,400,16,600,16,800,16,1000,16,1200,32,400,32,600,32,800,32,1000,32,1200,48,400,48,600,48,800,48,1000,48,1200,64,400,64,600,64,800,64,1000,64,1200
lateral_viscosity_,16,400,16,600,16,800,16,1000,16,1200,32,400,32,600,32,800,32,1000,32,1200,48,400,48,600,48,800,48,1000,48,1200,64,400,64,600,64,800,64,1000,64,1200
adjust_uv_,16,400,16,600,16,800,16,1000,16,1200,32,400,32,600,32,800,32,1000,32,1200,48,400,48,600,48,800,48,1000,48,1200,64,400,64,600,64,800,64,1000,64,1200
kernel_host_10878038741274582305,16,400,16,600,16,800,16,1000,16,1200,32,400,32,600,32,800,32,1000,32,1200,48,400,48,600,48,800,48,1000,48,1200,64,400,64,600,64,800,64,1000,64,1200
kernel_host_12498671133038244182,16,400,16,600,16,800,16,1000,16,1200,32,400,32,600,32,800,32,1000,32,1200,48,400,48,600,48,800,48,1000,48,1200,64,400,64,600,64,800,64,1000,64,1200
MPI_Send,16,400,16,600,16,800,16,1000,16,1200,32,400,32,600,32,800,32,1000,32,1200,48,400,48,600,48,800,48,1000,48,1200,64,400,64,600,64,800,64,1000,64,1200
mode_interaction_,16,400,16,600,16,800,16,1000,16,1200,32,400,32,600,32,800,32,1000,32,1200,48,400,48,600,48,800,48,1000,48,1200,64,400,64,600,64,800,64,1000,64,1200
smoth_update1_,16,400,16,600,16,800,16,1000,16,1200,32,400,32,600,32,800,32,1000,32,1200,48,400,48,600,48,800,48,1000,48,1200,64,400,64,600,64,800,64,1000,64,1200
kernel_host_533893640144992498,16,400,16,600,16,800,16,1000,16,1200,32,400,32,600,32,800,32,1000,32,1200,48,400,48,600,48,800,48,1000,48,1200,64,400,64,600,64,800,64,1000,64,1200
kernel_host_9872960228072659106,16,400,16,600,16,800,16,1000,16,1200,32,400,32,600,32,800,32,1000,32,1200,48,400,48,600,48,800,48,1000,48,1200,64,400,64,600,64,800,64,1000,64,1200
internal_update_,16,400,16,600,16,800,16,1000,16,1200,32,400,32,600,32,800,32,1000,32,1200,48,400,48,600,48,800,48,1000,48,1200,64,400,64,600,64,800,64,1000,64,1200
kernel_host_17356059520636453398,16,400,16,600,16,800,16,1000,16,1200,32,400,32,600,32,800,32,1000,32,1200,48,400,48,600,48,800,48,1000,48,1200,64,400,64,600,64,800,64,1000,64,1200
external_va_,16,400,16,600,16,800,16,1000,16,1200,32,400,32,600,32,800,32,1000,32,1200,48,400,48,600,48,800,48,1000,48,1200,64,400,64,600,64,800,64,1000,64,1200
kernel_host_18194556031340472576,16,400,16,600,16,800,16,1000,16,1200,32,400,32,600,32,800,32,1000,32,1200,48,400,48,600,48,800,48,1000,48,1200,64,400,64,600,64,800,64,1000,64,1200
kernel_host_5305202362360132607,16,400,16,600,16,800,16,1000,16,1200,32,400,32,600,32,800,32,1000,32,1200,48,400,48,600,48,800,48,1000,48,1200,64,400,64,600,64,800,64,1000,64,1200
internal_v_,16,400,16,600,16,800,16,1000,16,1200,32,400,32,600,32,800,32,1000,32,1200,48,400,48,600,48,800,48,1000,48,1200,64,400,64,600,64,800,64,1000,64,1200
MPI_Type_size,16,400,16,600,16,800,16,1000,16,1200,32,400,32,600,32,800,32,1000,32,1200,48,400,48,600,48,800,48,1000,48,1200,64,400,64,600,64,800,64,1000,64,1200
surface_forcing_,16,400,16,600,16,800,16,1000,16,1200,32,400,32,600,32,800,32,1000,32,1200,48,400,48,600,48,800,48,1000,48,1200,64,400,64,600,64,800,64,1000,64,1200
kernel_host_13054536613402403077,16,400,16,600,16,800,16,1000,16,1200,32,400,32,600,32,800,32,1000,32,1200,48,400,48,600,48,800,48,1000,48,1200,64,400,64,600,64,800,64,1000,64,1200
kernel_host_17876976960434219323,16,400,16,600,16,800,16,1000,16,1200,32,400,32,600,32,800,32,1000,32,1200,48,400,48,600,48,800,48,1000,48,1200,64,400,64,600,64,800,64,1000,64,1200
kernel_host_8976449558737060572,16,400,16,600,16,800,16,1000,16,1200,32,400,32,600,32,800,32,1000,32,1200,48,400,48,600,48,800,48,1000,48,1200,64,400,64,600,64,800,64,1000,64,1200
external_update_,16,400,16,600,16,800,16,1000,16,1200,32,400,32,600,32,800,32,1000,32,1200,48,400,48,600,48,800,48,1000,48,1200,64,400,64,600,64,800,64,1000,64,1200
kernel_host_13095133616550115949,16,400,16,600,16,800,16,1000,16,1200,32,400,32,600,32,800,32,1000,32,1200,48,400,48,600,48,800,48,1000,48,1200,64,400,64,600,64,800,64,1000,64,1200
kernel_host_5425075240490291438,16,400,16,600,16,800,16,1000,16,1200,32,400,32,600,32,800,32,1000,32,1200,48,400,48,600,48,800,48,1000,48,1200,64,400,64,600,64,800,64,1000,64,1200
kernel_host_7756675061965279120,16,400,16,600,16,800,16,1000,16,1200,32,400,32,600,32,800,32,1000,32,1200,48,400,48,600,48,800,48,1000,48,1200,64,400,64,600,64,800,64,1000,64,1200
kernel_host_17506849007025892946,16,400,16,600,16,800,16,1000,16,1200,32,400,32,600,32,800,32,1000,32,1200,48,400,48,600,48,800,48,1000,48,1200,64,400,64,600,64,800,64,1000,64,1200
kernel_host_11364641885718042762,16,400,16,600,16,800,16,1000,16,1200,32,400,32,600,32,800,32,1000,32,1200,48,400,48,600,48,800,48,1000,48,1200,64,400,64,600,64,800,64,1000,64,1200
kernel_host_167483268786796797,16,400,16,600,16,800,16,1000,16,1200,32,400,32,600,32,800,32,1000,32,1200,48,400,48,600,48,800,48,1000,48,1200,64,400,64,600,64,800,64,1000,64,1200
MPI_Recv,16,400,16,600,16,800,16,1000,16,1200,32,400,32,600,32,800,32,1000,32,1200,48,400,48,600,48,800,48,1000,48,1200,64,400,64,600,64,800,64,1000,64,1200
MPI_Comm_dup,16,400,16,600,16,800,16,1000,16,1200,32,400,32,600,32,800,32,1000,32,1200,48,400,48,600,48,800,48,1000,48,1200,64,400,64,600,64,800,64,1000,64,1200
kernel_host_14841353772382616086,16,400,16,600,16,800,16,1000,16,1200,32,400,32,600,32,800,32,1000,32,1200,48,400,48,600,48,800,48,1000,48,1200,64,400,64,600,64,800,64,1000,64,1200
bottom_friction_,16,400,16,600,16,800,16,1000,16,1200,32,400,32,600,32,800,32,1000,32,1200,48,400,48,600,48,800,48,1000,48,1200,64,400,64,600,64,800,64,1000,64,1200
MPI_Barrier,16,400,16,600,16,800,16,1000,16,1200,32,400,32,600,32,800,32,1000,32,1200,48,400,48,600,48,800,48,1000,48,1200,64,400,64,600,64,800,64,1000,64,1200
kernel_host_17988520462433045664,16,400,16,600,16,800,16,1000,16,1200,32,400,32,600,32,800,32,1000,32,1200,48,400,48,600,48,800,48,1000,48,1200,64,400,64,600,64,800,64,1000,64,1200
kernel_host_10227889028461526473,16,400,16,600,16,800,16,1000,16,1200,32,400,32,600,32,800,32,1000,32,1200,48,400,48,600,48,800,48,1000,48,1200,64,400,64,600,64,800,64,1000,64,1200
MPI_Isend,16,400,16,600,16,800,16,1000,16,1200,32,400,32,600,32,800,32,1000,32,1200,48,400,48,600,48,800,48,1000,48,1200,64,400,64,600,64,800,64,1000,64,1200
kernel_host_14772865060589351907,16,400,16,600,16,800,16,1000,16,1200,32,400,32,600,32,800,32,1000,32,1200,48,400,48,600,48,800,48,1000,48,1200,64,400,64,600,64,800,64,1000,64,1200
kernel_host_14516561621248944045,16,400,16,600,16,800,16,1000,16,1200,32,400,32,600,32,800,32,1000,32,1200,48,400,48,600,48,800,48,1000,48,1200,64,400,64,600,64,800,64,1000,64,1200
kernel_host_4582267827303034181,16,400,16,600,16,800,16,1000,16,1200,32,400,32,600,32,800,32,1000,32,1200,48,400,48,600,48,800,48,1000,48,1200,64,400,64,600,64,800,64,1000,64,1200
kernel_host_16004796625768757002,16,400,16,600,16,800,16,1000,16,1200,32,400,32,600,32,800,32,1000,32,1200,48,400,48,600,48,800,48,1000,48,1200,64,400,64,600,64,800,64,1000,64,1200
__variables_MOD_init_variables,16,400,16,600,16,800,16,1000,16,1200,32,400,32,600,32,800,32,1000,32,1200,48,400,48,600,48,800,48,1000,48,1200,64,400,64,600,64,800,64,1000,64,1200
kernel_host_13767876723361870048,16,400,16,600,16,800,16,1000,16,1200,32,400,32,600,32,800,32,1000,32,1200,48,400,48,600,48,800,48,1000,48,1200,64,400,64,600,64,800,64,1000,64,1200
internal_q_,16,400,16,600,16,800,16,1000,16,1200,32,400,32,600,32,800,32,1000,32,1200,48,400,48,600,48,800,48,1000,48,1200,64,400,64,600,64,800,64,1000,64,1200
kernel_host_12580761429086804727,16,400,16,600,16,800,16,1000,16,1200,32,400,32,600,32,800,32,1000,32,1200,48,400,48,600,48,800,48,1000,48,1200,64,400,64,600,64,800,64,1000,64,1200
kernel_host_16514618981259130990,16,400,16,600,16,800,16,1000,16,1200,32,400,32,600,32,800,32,1000,32,1200,48,400,48,600,48,800,48,1000,48,1200,64,400,64,600,64,800,64,1000,64,1200
kernel_host_2998007382017772732,16,400,16,600,16,800,16,1000,16,1200,32,400,32,600,32,800,32,1000,32,1200,48,400,48,600,48,800,48,1000,48,1200,64,400,64,600,64,800,64,1000,64,1200
kernel_host_4654656141485052332,16,400,16,600,16,800,16,1000,16,1200,32,400,32,600,32,800,32,1000,32,1200,48,400,48,600,48,800,48,1000,48,1200,64,400,64,600,64,800,64,1000,64,1200
kernel_host_13678541340789269977,16,400,16,600,16,800,16,1000,16,1200,32,400,32,600,32,800,32,1000,32,1200,48,400,48,600,48,800,48,1000,48,1200,64,400,64,600,64,800,64,1000,64,1200
