<?xml version="1.0"?>

<config_definition>

<commandline>
/public1/home/fio_climate_model/FIO-ESM/fioesm/fioesm2_0/models/atm/cam/bld/configure -s -ccsm_seq -ice none -ocn pop2 -comp_intf mct -spmd -dyn fv -res 0.9x1.25 -phys cam5 -chem none -co2_cycle -microphys mg1.5
</commandline>
<entry id="age_of_air_trcs" value="0" list="" valid_values="0,1">
Switch on (off) age of air tracers: 0=off, 1=on.
</entry>
<entry id="cam_bld" value="/public1/home/fio_climate_model/liuyao/wys/esmtest_2022_0817/Buildconf/camconf" list="" valid_values="">
CAM build directory; contains .o and .mod files.
</entry>
<entry id="cam_exe" value="cam" list="" valid_values="">
Name of CAM executable.
</entry>
<entry id="cam_exedir" value="." list="" valid_values="">
Directory where CAM executable will be created.
</entry>
<entry id="cam_root" value="/public1/home/fio_climate_model/FIO-ESM/fioesm/fioesm2_0" list="" valid_values="">
Root directory of CAM source distribution.
</entry>
<entry id="camiop" value="0" list="" valid_values="0,1">
Configure CAM to generate an IOP file that can be used to drive SCAM: 0=no, 1=yes.
This option only supported for the Eulerian dycore.
</entry>
<entry id="carma" value="none" list="" valid_values="none,bc_strat,cirrus,dust,meteor_smoke,pmc,sea_salt,sulfate,test_detrain,test_growth,test_passive,test_radiative,test_swelling,test_tracers">
CARMA sectional microphysics: 
none (disabled), bc_strat (Stratospheric Black Carbon), cirrus (Cirrus Clouds), dust (Dust), meteor_smoke (Meteor Smoke), pmc (Polar Mesospheric Clouds), sea_salt (Sea Salt),
sulfate (Sulfate Aerosols), test_detrain (Detrainment), test_growth (Particle Growth), test_passive (Passive Dust), 
test_radiative (Radiatively Active Dust), test_swelling (Sea Salt), test_tracers (age trajectories).
</entry>
<entry id="cc" value="pgcc" list="" valid_values="">
User specified C compiler overrides Makefile default (linux only).
</entry>
<entry id="ccsm_seq" value="1" list="" valid_values="0,1">
Switch specifies whether CAM is being built by the CCSM sequential scripts.  0 => no, 1 => yes.
</entry>
<entry id="cflags" value="" list="1" valid_values="">
User specified C compiler options to append to Makefile defaults.
</entry>
<entry id="chem" value="none" list="" valid_values="waccm_mozart,waccm_mozart_mam3,waccm_mozart_sulfur,waccm_ghg,trop_mozart,trop_mozart_mam3,trop_mozart_soa,trop_strat_soa,trop_strat_mam3,trop_strat_mam7,super_fast_llnl,super_fast_llnl_mam3,trop_ghg,trop_bam,trop_mam3,trop_mam7,none">
Chemistry package: waccm_mozart, waccm_mozart_mam3, waccm_mozart_sulfur, waccm_ghg, trop_mozart, trop_mozart_mam3, trop_mozart_soa, trop_strat_soa, trop_strat_mam3, trop_strat_mam7, super_fast_llnl, trop_ghg, trop_bam, trop_mam3, trop_mam7, or none.
</entry>
<entry id="chem_proc_bld" value="" list="" valid_values="">
Chemistry preprocessor build directory; contains .o and .mod files.
</entry>
<entry id="chem_proc_src" value="" list="" valid_values="">
Chemistry source directory generated by the chemistry preprocessor; contains F90 files.
</entry>
<entry id="chem_src_dir" value="/public1/home/fio_climate_model/FIO-ESM/fioesm/fioesm2_0/models/atm/cam/src/chemistry/pp_none" list="" valid_values="">
Chemistry source directory; contains F90 files.
</entry>
<entry id="cice_config_cache_dir" value="" list="" valid_values="">
Directory name for the CICE config_cache file.
</entry>
<entry id="cice_config_cache_file" value="" list="" valid_values="">
Filename for the CICE config_cache file.
</entry>
<entry id="cice_decomptype" value="" list="" valid_values="cartesian,spacecurve">
Type of cice decomposition.
</entry>
<entry id="cice_grid" value="" list="" valid_values="">
cice grid is same as cam grid
</entry>
<entry id="cice_mode" value="" list="" valid_values="thermo_only,prescribed">
mode of cice to be used in stand-alone cam test suite
</entry>
<entry id="cice_prestype" value="" list="" valid_values="clim_2000">
if cice_mode is prescribed, input type forcing for prescribed mode
</entry>
<entry id="clubb_sgs" value="0" list="" valid_values="0,1">
Switch to turn on/off CLUBB_SGS package: 0 => no, 1 => yes
</entry>
<entry id="co2_cycle" value="1" list="" valid_values="0,1">
Turn on CO2 cycle in biogeochemistry model: 0 => no, 1 => yes.
</entry>
<entry id="comp_intf" value="mct" list="" valid_values="mct,esmf">
Component interfaces: mct or esmf.  Default: mct.
</entry>
<entry id="cosp" value="0" list="" valid_values="0,1">
Switch to enable building COSP simulator package.  1 => build COSP.
</entry>
<entry id="cosp_libdir" value="" list="" valid_values="">
Directory containing COSP library.
</entry>
<entry id="cppdefs" value="" list="" valid_values="">
User specified CPP defines to append to Makefile defaults.
</entry>
<entry id="csne" value="1" list="" valid_values="">
Number of elements along one edge of a cubed sphere grid.
</entry>
<entry id="csnp" value="1" list="" valid_values="">
Number of points on each edge of the elements in a cubed sphere grid.
</entry>
<entry id="debug" value="0" list="" valid_values="0,1">
Switch to enable debugging options for Fortran compiler: 0=off, 1=on.
</entry>
<entry id="dyn" value="fv" list="" valid_values="eul,sld,fv,homme,se">
Dynamics package: eul, sld, fv, or se.
</entry>
<entry id="edit_chem_mech" value="0" list="" valid_values="0,1">
Switch to allow user to edit chem mechanism file: 0 => no, 1 => yes.
</entry>
<entry id="esmf_libdir" value="" list="" valid_values="">
Directory containing ESMF library (for linking to external ESMF).
</entry>
<entry id="esmf_libvers" value="" list="" valid_values="">
Version of ESMF library.
</entry>
<entry id="fc" value="pgf95" list="" valid_values="">
User specified Fortran compiler overrides Makefile default.
</entry>
<entry id="fc_type" value="pgi" list="" valid_values="pgi,intel,gnu,pathscale,lahey,xlf,nag">
Type of Fortran compiler.  Used when -fc specifies a generic wrapper script
such as mpif90 or ftn.
</entry>
<entry id="fflags" value="" list="1" valid_values="">
User specified Fortran compiler flags to append to Makefile defaults.
</entry>
<entry id="fopt" value="" list="" valid_values="">
User specified Fortran optimization flags to override Makefile defaults.
</entry>
<entry id="hgrid" value="0.9x1.25" list="" valid_values="">
Horizontal grid specifier.  The recognized values depend on
the dynamics type and are contained in the config_horiz_grid.xml file.
</entry>
<entry id="ice" value="none" list="" valid_values="cice,sice,none">
Use cice, stub ice model or no ice model in cam build: cice, sice, none
</entry>
<entry id="lapack_libdir" value="" list="" valid_values="">
Directory containing LAPACK library.
</entry>
<entry id="ldflags" value="" list="1" valid_values="">
User specified load options to append to Makefile defaults.
</entry>
<entry id="linker" value="" list="" valid_values="">
User specified linker.  Overrides the Makefile default $(FC).
</entry>
<entry id="lnd" value="none" list="" valid_values="clm,slnd,none">
Use clm, stub land or no lnd model in cam build: clm, slnd, none
</entry>
<entry id="macrophys" value="park" list="" valid_values="rk,park,clubb_sgs,none">
Macrophysics package: RK, Park, CLUBB_SGS.
</entry>
<entry id="mct_libdir" value="" list="" valid_values="">
Directory containing MCT library (for linking to external MCT).
</entry>
<entry id="microphys" value="mg1.5" list="" valid_values="rk,mg1,mg1.5">
Microphysics package: rk (Rasch and Kristjansson), mg1 (Morrison and Gettelman two moment scheme CAM5.1), mg1.5 (Morrison and Gettelman second version development).
</entry>
<entry id="mpi_inc" value="" list="" valid_values="">
Directory containing MPI include files.
</entry>
<entry id="mpi_lib" value="" list="" valid_values="">
Directory containing MPI library.
</entry>
<entry id="mpi_lib_name" value="" list="" valid_values="">
Name of MPI library.
</entry>
<entry id="nadv" value="9" list="" valid_values="">
Total number of advected constituents.  By default this is computed by
configure.  However, configure has a commandline argument to allow the user
to override the default.
</entry>
<entry id="nadv_tt" value="0" list="" valid_values="">
Total number of advected test tracers.
</entry>
<entry id="nc_inc" value="" list="" valid_values="">
Directory containing NetCDF include files.
</entry>
<entry id="nc_ldflags" value="" list="1" valid_values="">
Arguments for linking NetCDF libraries.
</entry>
<entry id="nc_lib" value="" list="" valid_values="">
Directory containing NetCDF library.
</entry>
<entry id="nc_mod" value="" list="" valid_values="">
Directory containing NetCDF module files.
</entry>
<entry id="nlat" value="192" list="" valid_values="">
Number of unique latitude points in rectangular lat/lon grid.
</entry>
<entry id="nlev" value="30" list="" valid_values="">
Number of vertical levels.
</entry>
<entry id="nlon" value="288" list="" valid_values="">
Number of unique longitude points in rectangular lat/lon grid.
</entry>
<entry id="ntasks" value="" list="" valid_values="">
Number of MPI tasks.  This is used to determine default grid
decompositions.  Currently only used by CICE.
</entry>
<entry id="nthreads" value="" list="" valid_values="">
Number of OMP threads.  This is used to determine default grid
decompositions.  Currently only used by CICE.
</entry>
<entry id="ocn" value="pop2" list="" valid_values="docn,dom,socn,aquaplanet,pop2">
Use data ocean model (docn or dom), stub ocean (socn), or aqua planet ocean
(aquaplanet) in cam build.  When built from the CESM scripts the value of
ocn may be set to pop2, but this doesn't impact how CAM is built.
</entry>
<entry id="offline_drv" value="" list="" valid_values="rad,stub">
 Offline unit driver:
  rad : radiation offline unit driver
  stub : stub offline unit driver
</entry>
<entry id="offline_dyn" value="0" list="" valid_values="0,1">
Switch to turn on FV offline driver: 0 => no, 1 => yes.
</entry>
<entry id="pbl" value="uw" list="" valid_values="uw,hb,hbr,clubb_sgs">
PBL package: uw (University of Washington), hb (Holtslag and Boville), hbr
 (Holtslag, Boville, and Rasch), clubb_sgs.
</entry>
<entry id="pcols" value="16" list="" valid_values="">
Maximum number of columns in a chunk (physics data structure).
</entry>
<entry id="pergro" value="0" list="" valid_values="0,1">
Modifications that allow perturbation growth testing: 0=off, 1=on.
</entry>
<entry id="phys" value="cam5" list="" valid_values="cam3,cam3_5_1,cam4,cam5,ideal,adiabatic">
Physics package: cam3, cam4, cam5, ideal (Held-Suarez forcings), adiabatic.
</entry>
<entry id="pnc_inc" value="" list="" valid_values="">
Directory containing pNetCDF include files.
</entry>
<entry id="pnc_lib" value="" list="" valid_values="">
Directory containing pNetCDF library.
</entry>
<entry id="prog_species" value="" list="1" valid_values="DST,SSLT,SO4,GHG,OC,BC,CARBON16">
Prognostic mozart species packages: list of any subset of the following: DST,SSLT,SO4,GHG,OC,BC,CARBON16
</entry>
<entry id="psubcols" value="1" list="" valid_values="">
Maximum number of sub-columns in a column (physics data structure).
</entry>
<entry id="rad" value="rrtmg" list="" valid_values="rrtmg,camrt">
Radiative transfer calculation: 
camrt (CAM3 and CAM4 RT package), rrtmg (RRTMG package from AER).
</entry>
<entry id="rof" value="none" list="" valid_values="rtm,srof,none">
Use rtm, stub runoff or no runoff model in cam build: rtm, srof, none
</entry>
<entry id="scam" value="0" list="" valid_values="0,1">
Configure CAM for single column mode: 0=off, 1=on.  This option only
supported for the Eulerian dycore.
</entry>
<entry id="smp" value="0" list="" valid_values="0,1">
Switch to enable or disable building SMP version (OPENMP) of CAM: 0=off, 1=on.
</entry>
<entry id="spmd" value="1" list="" valid_values="0,1">
Switch to enable or disable building SPMD version of CAM: 0=off, 1=on.
</entry>
<entry id="target_os" value="linux" list="" valid_values="">
OS for which CAM is being built.  The default value is the name contained
in Perl's $OSNAME variable.  This parameter allows the user to override
that setting to allow for cross-compilation, and for instances where the
$OSNAME value is too generic.  For example, currently on both cray-xt and
bluegene systems $OSNAME has the value "linux".
</entry>
<entry id="trk" value="1" list="" valid_values="">
Highest degree of the associated Legendre polynomials.
</entry>
<entry id="trm" value="1" list="" valid_values="">
Maximum Fourier wavenumber.
</entry>
<entry id="trn" value="1" list="" valid_values="">
Highest degree of the Legendre polynomials for m=0.
</entry>
<entry id="usr_mech_infile" value="" list="" valid_values="">
Path and file name of the user supplied chemistry mechanism file.
</entry>
<entry id="usr_src" value="" list="1" valid_values="">
User source directories to prepend to the filepath.  Multiple directories
are specified as a comma separated list with no embedded white space.
</entry>
<entry id="waccm_phys" value="0" list="" valid_values="0,1">
Switch to turn on waccm physics: 0 => no, 1 => yes.
</entry>
<entry id="waccmx" value="0" list="" valid_values="0,1">
Option to turn on waccmx thermosphere/ionosphere extension: 0 => no, 1 => yes
</entry>

</config_definition>
