kernel_host_17506849007025892946,external_update_, 290, 22742240, 22758551
kernel_host_17876976960434219323,dens_, 11, 21051063, 21052431
external_update_,MAIN__, 300, 1703355746, 1703364513
kernel_host_11974978034716845838,baropg_, 11, 69569681, 69571169
surface_forcing_,MAIN__, 10, 13641606, 13642259
internal_u_,MAIN__, 9, 2006544672, 2006544880
kernel_host_2904305052371605897,lateral_viscosity_, 10, 72866617, 72867467
kernel_host_18056069231970590520,external_va_, 300, 172940828, 172972656
kernel_host_11313705801899030046,internal_u_, 9, 26687190, 26687453
kernel_host_17356059520636453398,external_ua_, 300, 130017541, 130041269
kernel_host_10227889028461526473,external_ua_, 60, 29819453, 29822494
sw_memcpy_host,external_update_, 900, 63113900, 63178430
sw_memcpy_host,surface_forcing_, 2, 147718, 149166
sw_memcpy_host,internal_u_, 144, 26538254, 26566445
sw_memcpy_host,adjust_uv_, 18, 1188907, 1198660
sw_memcpy_host,smoth_update_, 18, 9210932, 9211756
sw_memcpy_host,smoth_update1_, 18, 9315537, 9316389
sw_memcpy_host,internal_w_, 9, 4109680, 4114731
sw_memcpy_host,internal_update_, 60, 4530397, 4537559
sw_memcpy_host,bcond3_u_, 18, 5332680, 5333330
sw_memcpy_host,adjust_ufvf_, 54, 19724018, 19736642
sw_memcpy_host,internal_q_, 36, 14345908, 14357535
sw_memcpy_host,bcond6_, 18, 9286464, 9287873
sw_memcpy_host,update_initial_, 15, 4744430, 4748474
sw_memcpy_host,__variables_MOD_init_variables, 117, 26652534, 26670771
sw_memcpy_host,mode_interaction_, 50, 3279110, 3303121
sw_memcpy_host,read_init_, 3, 585197, 585496
sw_memcpy_host,bcond3_v_, 18, 5276189, 5277334
sw_memcpy_host,bcond2_va_, 900, 63819132, 63918053
sw_memcpy_host,internal_v_, 144, 16872883, 16894245
sw_memcpy_host,internal_t_, 252, 29531489, 29581630
sw_memcpy_host,baropg_, 22, 1290095, 1295497
sw_memcpy_host,bcond2_ua_, 900, 63557652, 63658586
sw_memcpy_host,bcond4_, 54, 27734918, 27748570
kernel_host_11078693922887474255,bcond1_, 300, 24815182, 24877303
kernel_host_11078693922887474255,bcond2_va_, 300, 23725055, 23776255
kernel_host_11078693922887474255,bcond2_ua_, 300, 24922586, 25029246
kernel_host_13095133616550115949,internal_u_, 9, 8685841, 8686288
kernel_host_13095133616550115949,internal_v_, 9, 9104802, 9105091
kernel_host_13095133616550115949,internal_t_, 18, 17796434, 17796808
kernel_host_10018654585745270947,advct_, 10, 60690430, 60690770
__config_MOD_loadconfig,__variables_MOD_init_variables, 1, 16736264, 16736276
kernel_host_14913372915240065947,internal_t_, 18, 139019121, 139020487
kernel_host_9476223794341086031,bcond6_, 18, 65647050, 65651331
main,__libc_start_main, 1, 45257265024, 45287759510
kernel_host_3118027215046091878,bottom_friction_, 1, 189164, 189703
init_fields_,MAIN__, 1, 52901, 52914
lateral_viscosity_,MAIN__, 10, 1707561804, 1707562118
kernel_host_940921560178879518,dens_, 11, 12751004, 12751735
kernel_host_940921560178879518,internal_q_, 9, 10309928, 10314791
kernel_host_4654656141485052332,bcond3_u_, 9, 31354059, 31354473
mpi_barrier_,__variables_MOD_init_variables, 11, 52417443, 52419174
mpi_barrier_,MAIN__, 18, 281308740, 281309657
mpi_barrier_,read_init_, 20, 260606118, 260606874
kernel_host_2895507310617246303,external_va_, 60, 14314438, 14320736
kernel_host_1711344829487799974,bcond4_, 18, 67786318, 67795000
external_ua_,MAIN__, 300, 955203807, 955246099
mpi_comm_rank_,MAIN__, 1, 1668, 1927
kernel_host_13054536613402403077,internal_q_, 9, 1423261, 1423723
kernel_host_8383241828137858514,internal_t_, 18, 3455421, 3456488
kernel_host_10908567227736662191,read_init_, 1, 1162355, 1162512
mpi_comm_size_,MAIN__, 1, 354, 367
kernel_host_11544715019137345953,adjust_uv_, 9, 11126217, 11126486
kernel_host_5354701768032446803,mode_interaction_, 10, 997420, 998893
kernel_host_8054816732667103883,bcond4_, 18, 71921573, 71929930
mpi_get_processor_name_,MAIN__, 1, 4189, 4203
kernel_host_18092185543702176767,internal_v_, 9, 35977290, 35977845
kernel_host_5305202362360132607,internal_q_, 9, 13955622, 13959682
MPI_Init,MAIN__, 1, 4141261808, 4141261838
kernel_host_6495952187057350598,internal_u_, 9, 10274638, 10275085
kernel_host_16025009267156524296,external_ua_, 60, 10452472, 10459663
kernel_host_14930920824767543618,advct_, 10, 70414078, 70414801
MPI_Irecv,external_update_, 300, 620259, 628611
MPI_Irecv,read_init_, 8, 15781, 16000
adjust_uv_,MAIN__, 9, 369629966, 369630129
kernel_host_17572185407420011884,bcond6_, 18, 20703901, 20707052
kernel_host_3362328253860953284,dens_, 33, 49857917, 49859570
kernel_host_3362328253860953284,internal_t_, 18, 27626154, 27634272
kernel_host_16474014825694923176,bcond4_, 36, 145746470, 145762256
smoth_update_,internal_q_, 9, 90172461, 90172599
MPI_Isend,external_update_, 580, 4782153, 4824640
MPI_Isend,internal_u_, 1441, 9094620, 9143770
MPI_Isend,external_ua_, 1553, 7715910, 7894659
MPI_Isend,dens_, 1359, 8500836, 8528575
MPI_Isend,advave_, 140, 650068, 659303
MPI_Isend,external_va_, 1313, 6750094, 6843677
MPI_Isend,bcond3_u_, 18, 165114, 170344
MPI_Isend,internal_q_, 90, 936306, 962194
MPI_Isend,bcond6_, 2, 29096, 30082
MPI_Isend,advct_, 140, 1300920, 1335487
MPI_Isend,MAIN__, 10936, 65710019, 65947917
MPI_Isend,read_init_, 1361, 11013765, 11043024
MPI_Isend,bcond3_v_, 9, 139546, 142976
MPI_Isend,internal_v_, 73, 635830, 649120
MPI_Isend,internal_t_, 1431, 8683836, 8732583
MPI_Isend,baropg_, 1381, 8609910, 8648811
kernel_host_6678857161791714567,internal_v_, 9, 1706249, 1707146
kernel_host_3056794744720896216,internal_u_, 9, 10791924, 10795704
kernel_host_3056794744720896216,internal_v_, 9, 10797345, 10800868
kernel_host_10497226412570990612,adjust_ufvf_, 18, 40755051, 40756109
MPI_Recv,internal_u_, 18, 29270403, 29270790
MPI_Recv,lateral_viscosity_, 20, 83483369, 83486489
MPI_Recv,external_ua_, 250, 30439553, 30449045
MPI_Recv,advave_, 100, 82407978, 82416588
MPI_Recv,internal_w_, 18, 8380416, 8385953
MPI_Recv,external_va_, 130, 4682541, 4692546
MPI_Recv,bcond3_u_, 18, 48864110, 48864742
MPI_Recv,internal_q_, 114, 98156350, 98165616
MPI_Recv,bcond6_, 2, 6300191, 6301307
MPI_Recv,advct_, 98, 50065419, 50074689
MPI_Recv,MAIN__, 64, 4137727, 4140608
MPI_Recv,bcond3_v_, 18, 42335563, 42336010
MPI_Recv,internal_v_, 18, 13846226, 13847445
MPI_Recv,external_el_, 1160, 66187459, 66277465
MPI_Recv,internal_t_, 72, 113593027, 113594868
kernel_host_561946464185660303,update_initial_, 1, 1198206, 1198842
dens_,update_initial_, 1, 24290111, 24290136
dens_,MAIN__, 9, 220584858, 220584998
dens_,read_init_, 1, 485208240, 485208255
kernel_host_7666798020544911213,external_update_, 10, 817043, 818235
kernel_host_3801595614667731380,bcond4_, 18, 66093731, 66103133
MPI_Send,external_update_, 300, 1065824, 1072631
MPI_Send,read_init_, 8, 60068, 60226
kernel_host_17675233011309389831,internal_w_, 9, 20617301, 20618344
kernel_host_15379746689016184240,baropg_, 11, 25481213, 25485256
kernel_host_8976449558737060572,internal_q_, 18, 34091980, 34092887
smoth_update1_,internal_t_, 18, 51400704, 51401020
kernel_host_12880096600322512940,internal_u_, 9, 33174291, 33174558
advave_,mode_interaction_, 10, 291125479, 291125970
kernel_host_17600160524251074110,internal_u_, 9, 20843204, 20847859
kernel_host_17600160524251074110,internal_v_, 9, 10872604, 10876551
kernel_host_17600160524251074110,internal_t_, 18, 22020283, 22028531
internal_w_,MAIN__, 9, 626922071, 626923181
kernel_host_10447168533120541692,internal_u_, 9, 757166, 757735
kernel_host_10447168533120541692,internal_v_, 9, 762170, 762574
kernel_host_10447168533120541692,internal_t_, 18, 1547286, 1548001
MPI_Waitall,external_update_, 880, 11872955, 11893931
MPI_Waitall,internal_u_, 2800, 81424937, 81475795
MPI_Waitall,external_ua_, 1553, 85565358, 85618663
MPI_Waitall,dens_, 2718, 6530369, 6580330
MPI_Waitall,advave_, 100, 17662058, 17664662
MPI_Waitall,external_va_, 1313, 9678798, 9712588
MPI_Waitall,bcond3_u_, 18, 3684611, 3685845
MPI_Waitall,internal_q_, 90, 41931055, 41956101
MPI_Waitall,bcond6_, 2, 4545272, 4545341
MPI_Waitall,advct_, 127, 23861775, 23867625
MPI_Waitall,MAIN__, 21776, 54496655, 54885735
MPI_Waitall,read_init_, 2730, 6723961, 6772327
MPI_Waitall,bcond3_v_, 9, 13874996, 13878466
MPI_Waitall,internal_v_, 73, 11611764, 11613848
MPI_Waitall,internal_t_, 2790, 94487487, 94555771
MPI_Waitall,baropg_, 2740, 17747797, 17797939
kernel_host_11180554648481108675,internal_q_, 9, 1380524, 1384059
kernel_host_12580761429086804727,advave_, 10, 2714087, 2714792
kernel_host_14171480367845884996,adjust_uv_, 18, 20318283, 20324389
kernel_host_14171480367845884996,update_initial_, 2, 2337532, 2338024
kernel_host_14171480367845884996,mode_interaction_, 50, 56643104, 56645065
kernel_host_6269904581008346741,internal_q_, 9, 27237107, 27237906
kernel_host_7809988743068049318,advave_, 10, 2423384, 2423798
lateral_bc_,MAIN__, 10, 5693, 6287
kernel_host_5341804159594033185,internal_u_, 9, 10265121, 10270547
kernel_host_5341804159594033185,bcond3_u_, 9, 10311698, 10315724
kernel_host_5341804159594033185,bcond3_v_, 9, 10152955, 10157640
kernel_host_5341804159594033185,internal_v_, 9, 10111778, 10117568
kernel_host_5341804159594033185,bcond4_, 18, 20634905, 20642964
kernel_host_7756675061965279120,baropg_, 11, 13455393, 13460460
kernel_host_167483268786796797,internal_q_, 9, 23429738, 23430398
external_va_,MAIN__, 300, 806169216, 806176503
kernel_host_14523175272559072737,internal_q_, 9, 10309139, 10309700
MPI_Barrier,external_update_, 7, 4710936, 4723248
MPI_Barrier,internal_u_, 8, 30849253, 30861797
MPI_Barrier,lateral_viscosity_, 1, 29890, 31041
MPI_Barrier,mpi_barrier_, 49, 594290651, 594291978
MPI_Barrier,external_ua_, 3, 87936, 92687
MPI_Barrier,adjust_uv_, 2, 39990931, 39994537
MPI_Barrier,smoth_update_, 1, 30446, 31413
MPI_Barrier,dens_, 9, 35105230, 35117406
MPI_Barrier,advave_, 5, 5779118, 5785206
MPI_Barrier,internal_w_, 2, 11111265, 11113838
MPI_Barrier,external_va_, 3, 14259208, 14263171
MPI_Barrier,bcond3_u_, 1, 30812, 32844
MPI_Barrier,adjust_ufvf_, 2, 64378, 66973
MPI_Barrier,internal_q_, 21, 94212836, 94245338
MPI_Barrier,bcond6_, 5, 16958957, 16966045
MPI_Barrier,advct_, 5, 148737, 155152
MPI_Barrier,update_initial_, 5, 33051301, 33058910
MPI_Barrier,mode_interaction_, 3, 9614930, 9625737
MPI_Barrier,bottom_friction_, 1, 28449, 29558
MPI_Barrier,read_init_, 1, 25201, 25691
MPI_Barrier,bcond1_, 1, 372057, 373727
MPI_Barrier,bcond3_v_, 1, 30407, 31724
MPI_Barrier,internal_v_, 5, 6440141, 6447885
MPI_Barrier,external_el_, 1, 2525289, 2527408
MPI_Barrier,internal_t_, 8, 15559938, 15573127
MPI_Barrier,baropg_, 6, 10919521, 10928782
MPI_Barrier,bcond2_ua_, 2, 7792216, 7794838
MPI_Barrier,bcond4_, 7, 26604896, 26615339
kernel_host_928901692857333394,dens_, 11, 21410757, 21411670
kernel_host_3904638810941265799,internal_q_, 9, 10217600, 10226690
internal_update_,MAIN__, 10, 7102212, 7103170
kernel_host_2668086296973077183,internal_q_, 9, 17576032, 17580055
kernel_host_15777227199745514466,mode_interaction_, 20, 1599858, 1601802
MPI_Bcast,external_update_, 600, 4860526, 4899896
MPI_Bcast,read_init_, 58, 103106005, 103108655
kernel_host_2704996265738245537,internal_w_, 9, 10757256, 10761773
kernel_host_7338183325372557907,internal_q_, 18, 197987847, 197989936
bcond3_u_,internal_u_, 9, 157197111, 157197447
kernel_host_13670386984375334520,bcond2_va_, 300, 38001819, 38013896
kernel_host_13670386984375334520,bcond2_ua_, 300, 38063197, 38083464
kernel_host_14960680749554967015,internal_u_, 9, 592874, 593380
adjust_ufvf_,MAIN__, 9, 418748653, 418748796
MPI_Gather,external_update_, 300, 761117570, 761229385
kernel_host_13005850972175828160,adjust_uv_, 9, 11373179, 11373592
kernel_host_4023198913931606276,update_initial_, 1, 74093, 74730
kernel_host_4023198913931606276,mode_interaction_, 10, 627430, 628125
internal_q_,MAIN__, 9, 6572423776, 6572425452
kernel_host_9872960228072659106,bcond4_, 36, 146157390, 146167575
kernel_host_17156898055338419057,advct_, 10, 21253894, 21257346
bcond6_,internal_q_, 9, 514457886, 514462279
advct_,lateral_viscosity_, 10, 535096092, 535096858
kernel_host_7004053664364030334,external_update_, 900, 105030253, 105089150
MPI_Comm_dup,read_init_, 50, 58952385, 58980175
update_initial_,MAIN__, 1, 716656159, 716656172
kernel_host_13678541340789269977,external_update_, 300, 23180384, 23190928
kernel_host_13678541340789269977,internal_update_, 20, 1560227, 1561390
kernel_host_13678541340789269977,internal_q_, 9, 783082, 783310
kernel_host_13678541340789269977,update_initial_, 2, 164898, 165436
kernel_host_13678541340789269977,internal_t_, 18, 1485564, 1486050
kernel_host_677570178439262390,advave_, 10, 2249395, 2249820
__variables_MOD_init_variables,MAIN__, 1, 16236901028, 16236901041
kernel_host_5251974738527917755,internal_u_, 9, 1548687, 1548930
MPI_Comm_free,read_init_, 50, 254225, 281351
kernel_host_18110621675970109649,internal_q_, 9, 13762163, 13762632
kernel_host_2998007382017772732,dens_, 11, 31857379, 31858127
kernel_host_18070178787332596206,internal_q_, 9, 27889871, 27890498
kernel_host_11735378529907380392,internal_v_, 9, 20489372, 20490450
kernel_host_11711072112829525569,internal_q_, 9, 709424, 712963
kernel_host_5742318362719794899,mode_interaction_, 10, 869619, 870723
mode_interaction_,MAIN__, 10, 1008034350, 1008035162
kernel_host_533893640144992498,advct_, 10, 23591557, 23595830
kernel_host_11243618430834388333,external_update_, 290, 29514459, 29522198
kernel_host_13767876723361870048,smoth_update_, 18, 40593723, 40594754
kernel_host_13767876723361870048,smoth_update1_, 18, 40858723, 40859703
kernel_host_14772865060589351907,advct_, 10, 34269692, 34273816
kernel_host_13527600874346049264,dens_, 22, 24581267, 24582584
kernel_host_1406632355128019739,external_el_, 300, 71020785, 71036185
kernel_host_7308789819381199256,internal_v_, 9, 13504338, 13504513
kernel_host_13029536952378754949,internal_q_, 9, 59983193, 59988403
MPI_Get_processor_name,mpi_get_processor_name_, 1, 3076, 3090
kernel_host_5285627496081891117,dens_, 11, 13018517, 13019379
MAIN__,main, 1, 45257245551, 45257245866
kernel_host_4064066695173842015,baropg_, 11, 13086654, 13092036
kernel_host_10878038741274582305,internal_q_, 18, 20382810, 20386654
kernel_host_9870073709680686895,internal_q_, 9, 18153139, 18158113
MPI_Get_count,read_init_, 100, 304866, 372507
kernel_host_17988520462433045664,baropg_, 11, 18003448, 18009342
kernel_host_1513189204643337441,external_update_, 10, 637113, 638501
kernel_host_1513189204643337441,internal_q_, 18, 1109174, 1109648
bottom_friction_,MAIN__, 1, 32668317, 32668330
read_init_,__variables_MOD_init_variables, 1, 16119059799, 16119059814
kernel_host_5613771957553797452,external_update_, 10, 1002102, 1003414
kernel_host_11785900214035726808,adjust_ufvf_, 18, 34096220, 34098882
MPI_Type_commit,external_update_, 600, 11349774, 11387715
MPI_Type_commit,internal_u_, 1359, 16789170, 16833024
MPI_Type_commit,dens_, 1359, 16217544, 16257854
MPI_Type_commit,MAIN__, 10872, 128674675, 128964341
MPI_Type_commit,read_init_, 1453, 22400528, 22467685
MPI_Type_commit,internal_t_, 1359, 17437818, 17478411
MPI_Type_commit,baropg_, 1359, 16280288, 16330038
bcond1_,external_el_, 300, 120959190, 120988003
bcond3_v_,internal_v_, 9, 153413916, 153414078
kernel_host_6151473719594853315,internal_u_, 9, 1137929, 1138220
kernel_host_6151473719594853315,internal_v_, 9, 1120872, 1121117
kernel_host_6151473719594853315,internal_t_, 18, 2217330, 2217860
MPI_Type_free,external_update_, 600, 596447, 608000
MPI_Type_free,internal_u_, 1359, 1231759, 1259256
MPI_Type_free,dens_, 1359, 1157061, 1180699
MPI_Type_free,MAIN__, 10872, 9951870, 10139785
MPI_Type_free,read_init_, 1453, 1232471, 1266222
MPI_Type_free,internal_t_, 1359, 1217566, 1243562
MPI_Type_free,baropg_, 1359, 1220332, 1245041
bcond2_va_,external_va_, 300, 264092882, 264103097
internal_v_,MAIN__, 9, 1579762622, 1579762922
kernel_host_149332173039792024,internal_u_, 9, 721490, 721776
kernel_host_149332173039792024,internal_v_, 9, 744372, 744672
kernel_host_2769894380674479461,bcond2_va_, 300, 37960318, 38007488
kernel_host_2769894380674479461,bcond2_ua_, 300, 39601050, 39683782
MPI_Type_size,read_init_, 50, 92154, 116867
kernel_host_11364641885718042762,internal_q_, 9, 14357518, 14360372
kernel_host_14742595204480865565,bcond3_v_, 9, 15954280, 15957863
kernel_host_14177333148799137211,dens_, 11, 24328692, 24330110
kernel_host_11734272273339620725,internal_q_, 9, 20174677, 20175098
get_time_,MAIN__, 10, 7815, 8018
kernel_host_9828195426201177678,internal_t_, 18, 28510451, 28519088
kernel_host_2403034596777470961,bcond6_, 18, 60110310, 60118074
external_el_,MAIN__, 300, 374433979, 374478189
kernel_host_5425075240490291438,bcond4_, 18, 72333982, 72344367
kernel_host_3203235421309124674,advave_, 10, 2270110, 2271081
kernel_host_18194556031340472576,external_update_, 290, 33226323, 33240436
kernel_host_4089695605558063454,internal_v_, 9, 722961, 723724
kernel_host_2077031470031862986,dens_, 11, 62277160, 62278692
kernel_host_6065031066545417016,internal_q_, 9, 20535077, 20540050
internal_t_,MAIN__, 18, 4975646162, 4975646602
baropg_,lateral_viscosity_, 10, 956505948, 956506438
baropg_,update_initial_, 1, 426514331, 426514346
kernel_host_5579468312897313468,bcond6_, 18, 65494276, 65497032
kernel_host_16004796625768757002,advave_, 10, 1803894, 1804893
kernel_host_16514618981259130990,internal_t_, 18, 34007625, 34009286
bcond2_ua_,external_ua_, 300, 364398563, 364424551
kernel_host_14841353772382616086,external_va_, 60, 21757252, 21762421
kernel_host_669428828628634244,baropg_, 11, 41688617, 41690534
kernel_host_8607595517187487955,bcond6_, 18, 60033757, 60041618
bcond4_,internal_t_, 18, 1071483516, 1071493407
kernel_host_14516561621248944045,update_initial_, 1, 1307750, 1308393
kernel_host_5189765816641970822,internal_u_, 9, 1675329, 1675585
kernel_host_5189765816641970822,internal_v_, 9, 1643286, 1643520
kernel_host_4181240233776583252,internal_q_, 9, 17011842, 17012639
kernel_host_4582267827303034181,internal_q_, 9, 10351370, 10354996
