external_update_,MAIN__, 50, 358813150, 358818894
surface_forcing_,MAIN__, 10, 9690181, 9690838
internal_u_,MAIN__, 9, 958575568, 958576393
__config_MOD_loadconfig,__variables_MOD_init_variables, 1, 4539578, 4539591
main,__libc_start_main, 1, 18621223404, 18651671581
init_fields_,MAIN__, 1, 50820, 50844
lateral_viscosity_,MAIN__, 10, 979776740, 979777097
mpi_barrier_,__variables_MOD_init_variables, 11, 13745383, 13747271
mpi_barrier_,MAIN__, 18, 48618058, 48619944
mpi_barrier_,read_init_, 20, 50220637, 50222567
external_ua_,MAIN__, 50, 281672134, 281675461
mpi_comm_rank_,MAIN__, 1, 1056, 1721
mpi_comm_size_,MAIN__, 1, 355, 385
mpi_get_processor_name_,MAIN__, 1, 4594, 4609
MPI_Init,MAIN__, 1, 2021353013, 2021353028
MPI_Irecv,external_update_, 50, 99862, 100937
MPI_Irecv,read_init_, 8, 13578, 13909
adjust_uv_,MAIN__, 9, 211308064, 211308575
smoth_update_,internal_q_, 9, 49270414, 49272198
MPI_Isend,external_update_, 80, 593133, 615323
MPI_Isend,internal_u_, 97, 961865, 994851
MPI_Isend,external_ua_, 253, 1130234, 1158922
MPI_Isend,dens_, 15, 110531, 110869
MPI_Isend,advave_, 140, 557196, 567250
MPI_Isend,external_va_, 213, 1005755, 1028579
MPI_Isend,bcond3_u_, 18, 167655, 175449
MPI_Isend,internal_q_, 90, 810219, 849237
MPI_Isend,bcond6_, 2, 27128, 28780
MPI_Isend,advct_, 140, 1249020, 1305439
MPI_Isend,MAIN__, 184, 1065135, 1072193
MPI_Isend,read_init_, 17, 128357, 128749
MPI_Isend,bcond3_v_, 9, 137930, 146888
MPI_Isend,internal_v_, 73, 629470, 646638
MPI_Isend,internal_t_, 87, 757978, 788105
MPI_Isend,baropg_, 37, 396056, 409087
MPI_Recv,internal_u_, 18, 1799123, 1799740
MPI_Recv,lateral_viscosity_, 20, 34416997, 34419868
MPI_Recv,external_ua_, 50, 1654800, 1658800
MPI_Recv,advave_, 100, 44866257, 44875132
MPI_Recv,internal_w_, 18, 1817874, 1826978
MPI_Recv,external_va_, 30, 2283174, 2285159
MPI_Recv,bcond3_u_, 18, 41242226, 41242947
MPI_Recv,internal_q_, 114, 49229907, 49239559
MPI_Recv,bcond6_, 2, 4943629, 4945369
MPI_Recv,advct_, 98, 18300930, 18308123
MPI_Recv,MAIN__, 64, 1458492, 1460094
MPI_Recv,bcond3_v_, 18, 19998446, 19999251
MPI_Recv,internal_v_, 18, 8372892, 8373493
MPI_Recv,external_el_, 160, 16231895, 16244228
MPI_Recv,internal_t_, 72, 35040888, 35042930
dens_,update_initial_, 1, 13270810, 13271293
dens_,MAIN__, 9, 111590484, 111590847
dens_,read_init_, 1, 319298953, 319298979
MPI_Send,external_update_, 50, 194196, 195121
MPI_Send,read_init_, 8, 57107, 57243
smoth_update1_,internal_t_, 18, 26316563, 26318844
advave_,mode_interaction_, 10, 282423564, 282430097
internal_w_,MAIN__, 9, 337087640, 337089648
MPI_Waitall,external_update_, 130, 815326, 821632
MPI_Waitall,internal_u_, 112, 17325433, 17335008
MPI_Waitall,external_ua_, 253, 1458994, 1473714
MPI_Waitall,dens_, 30, 151985, 152571
MPI_Waitall,advave_, 100, 597993, 603682
MPI_Waitall,external_va_, 213, 1365199, 1379879
MPI_Waitall,bcond3_u_, 18, 1746564, 1749367
MPI_Waitall,internal_q_, 90, 8345902, 8368894
MPI_Waitall,bcond6_, 2, 31390, 31751
MPI_Waitall,advct_, 127, 24739640, 24755836
MPI_Waitall,MAIN__, 272, 1004081, 1013330
MPI_Waitall,read_init_, 42, 103777, 104660
MPI_Waitall,bcond3_v_, 9, 1051094, 1055381
MPI_Waitall,internal_v_, 73, 13650414, 13657201
MPI_Waitall,internal_t_, 102, 5768495, 5787924
MPI_Waitall,baropg_, 52, 1847845, 1852236
lateral_bc_,MAIN__, 10, 6976, 8758
external_va_,MAIN__, 50, 210473152, 210478255
MPI_Barrier,external_update_, 7, 207703, 217238
MPI_Barrier,internal_u_, 8, 642440, 653989
MPI_Barrier,lateral_viscosity_, 1, 26586, 28638
MPI_Barrier,mpi_barrier_, 49, 112548779, 112550682
MPI_Barrier,external_ua_, 3, 87367, 91862
MPI_Barrier,adjust_uv_, 2, 57149, 59372
MPI_Barrier,smoth_update_, 1, 29269, 31092
MPI_Barrier,dens_, 9, 258772, 270870
MPI_Barrier,advave_, 5, 159679, 167369
MPI_Barrier,internal_w_, 2, 4098685, 4101988
MPI_Barrier,external_va_, 3, 89385, 94144
MPI_Barrier,bcond3_u_, 1, 29910, 31327
MPI_Barrier,adjust_ufvf_, 2, 61658, 64793
MPI_Barrier,internal_q_, 21, 750521, 776801
MPI_Barrier,bcond6_, 5, 158406, 171478
MPI_Barrier,advct_, 5, 149830, 156509
MPI_Barrier,update_initial_, 5, 189270, 194973
MPI_Barrier,mode_interaction_, 3, 83937, 87187
MPI_Barrier,bottom_friction_, 1, 28434, 29889
MPI_Barrier,read_init_, 1, 26674, 28036
MPI_Barrier,bcond1_, 1, 26951, 28411
MPI_Barrier,bcond3_v_, 1, 34727, 36116
MPI_Barrier,internal_v_, 5, 261607, 268854
MPI_Barrier,external_el_, 1, 28668, 30240
MPI_Barrier,internal_t_, 8, 335131, 346122
MPI_Barrier,baropg_, 6, 1599005, 1606810
MPI_Barrier,bcond2_ua_, 2, 67298, 69406
MPI_Barrier,bcond4_, 7, 5541501, 5550192
internal_update_,MAIN__, 10, 5113880, 5115260
MPI_Bcast,external_update_, 100, 908746, 912431
MPI_Bcast,read_init_, 58, 37905236, 37907189
bcond3_u_,internal_u_, 9, 111989477, 111995299
adjust_ufvf_,MAIN__, 9, 200165801, 200166761
MPI_Gather,external_update_, 50, 13683556, 13704960
internal_q_,MAIN__, 9, 3696445077, 3696446003
bcond6_,internal_q_, 9, 330470569, 330479923
advct_,lateral_viscosity_, 10, 360774761, 360775095
MPI_Comm_dup,read_init_, 50, 6750711, 6775025
update_initial_,MAIN__, 1, 466726980, 466727007
__variables_MOD_init_variables,MAIN__, 1, 4560416947, 4560416971
MPI_Comm_free,read_init_, 50, 689140, 717772
mode_interaction_,MAIN__, 10, 688423239, 688423896
MPI_Get_processor_name,mpi_get_processor_name_, 1, 3316, 3331
MAIN__,main, 1, 18621203810, 18621204050
MPI_Get_count,read_init_, 100, 305371, 373661
bottom_friction_,MAIN__, 1, 24475689, 24475703
read_init_,__variables_MOD_init_variables, 1, 4515656195, 4515656208
MPI_Type_commit,external_update_, 100, 2069070, 2073867
MPI_Type_commit,internal_u_, 15, 194034, 194693
MPI_Type_commit,dens_, 15, 202785, 203706
MPI_Type_commit,MAIN__, 120, 1568478, 1574204
MPI_Type_commit,read_init_, 109, 3747087, 3750835
MPI_Type_commit,internal_t_, 15, 194143, 194953
MPI_Type_commit,baropg_, 15, 500053, 500793
bcond1_,external_el_, 50, 70288953, 70295828
bcond3_v_,internal_v_, 9, 76211967, 76216255
MPI_Type_free,external_update_, 100, 108902, 110522
MPI_Type_free,internal_u_, 15, 14967, 15216
MPI_Type_free,dens_, 15, 16416, 16673
MPI_Type_free,MAIN__, 120, 115957, 118102
MPI_Type_free,read_init_, 109, 66856, 71898
MPI_Type_free,internal_t_, 15, 14504, 14774
MPI_Type_free,baropg_, 15, 14233, 14535
bcond2_va_,external_va_, 50, 31699372, 31704244
internal_v_,MAIN__, 9, 833981938, 833983535
MPI_Type_size,read_init_, 50, 103893, 125269
get_time_,MAIN__, 10, 8257, 8852
external_el_,MAIN__, 50, 129404982, 129409539
internal_t_,MAIN__, 18, 2454495570, 2454497132
baropg_,lateral_viscosity_, 10, 497037972, 497039390
baropg_,update_initial_, 1, 257680904, 257680918
bcond2_ua_,external_ua_, 50, 94772888, 94780322
bcond4_,internal_t_, 18, 630500817, 630514723
