kernel_host_17876976960434219323,dens_, 11, 4685587, 4692685
external_update_,MAIN__, 50, 916041355, 916042291
kernel_host_11974978034716845838,baropg_, 11, 16974149, 16976721
surface_forcing_,MAIN__, 10, 9103864, 9104070
internal_u_,MAIN__, 9, 2724671935, 2724672341
kernel_host_2904305052371605897,lateral_viscosity_, 10, 21771037, 21771557
kernel_host_18056069231970590520,external_va_, 50, 8437668, 8443102
kernel_host_11313705801899030046,internal_u_, 9, 3874813, 3875291
kernel_host_17356059520636453398,external_ua_, 50, 6752698, 6758492
kernel_host_10227889028461526473,external_ua_, 10, 1538969, 1539438
sw_memcpy_host,surface_forcing_, 2, 50398, 51823
sw_memcpy_host,internal_u_, 144, 4229470, 4253748
sw_memcpy_host,adjust_uv_, 18, 501101, 508797
sw_memcpy_host,smoth_update_, 18, 1786070, 1786537
sw_memcpy_host,smoth_update1_, 18, 1809515, 1810205
sw_memcpy_host,internal_w_, 9, 863102, 867598
sw_memcpy_host,internal_update_, 60, 1295984, 1302446
sw_memcpy_host,bcond3_u_, 18, 1083241, 1083869
sw_memcpy_host,adjust_ufvf_, 54, 4054953, 4067325
sw_memcpy_host,internal_q_, 36, 2943432, 2954043
sw_memcpy_host,bcond6_, 18, 1837009, 1838951
sw_memcpy_host,update_initial_, 15, 944950, 947325
sw_memcpy_host,__variables_MOD_init_variables, 117, 5541778, 5544540
sw_memcpy_host,mode_interaction_, 50, 1359717, 1380833
sw_memcpy_host,read_init_, 3, 144348, 144641
sw_memcpy_host,bcond3_v_, 18, 1092033, 1092950
sw_memcpy_host,bcond2_va_, 150, 3177016, 3194513
sw_memcpy_host,internal_v_, 144, 4217996, 4237372
sw_memcpy_host,internal_t_, 252, 7655254, 7700454
sw_memcpy_host,baropg_, 22, 487671, 491186
sw_memcpy_host,bcond2_ua_, 150, 3268506, 3284060
sw_memcpy_host,bcond4_, 54, 5405115, 5417168
kernel_host_11078693922887474255,bcond1_, 50, 1469006, 1478786
kernel_host_11078693922887474255,bcond2_va_, 50, 1458882, 1463117
kernel_host_11078693922887474255,bcond2_ua_, 50, 1546626, 1556342
kernel_host_13095133616550115949,internal_u_, 9, 1927338, 1927611
kernel_host_13095133616550115949,internal_v_, 9, 1940603, 1941181
kernel_host_13095133616550115949,internal_t_, 18, 4020861, 4021256
kernel_host_10018654585745270947,advct_, 10, 17196782, 17197877
__config_MOD_loadconfig,__variables_MOD_init_variables, 1, 11447042, 11447054
kernel_host_14913372915240065947,internal_t_, 18, 39022647, 39023263
kernel_host_9476223794341086031,bcond6_, 18, 16043808, 16048335
main,__libc_start_main, 1, 36404126660, 36434620844
kernel_host_3118027215046091878,bottom_friction_, 1, 91098, 91479
init_fields_,MAIN__, 1, 52127, 52140
lateral_viscosity_,MAIN__, 10, 863286221, 863286546
kernel_host_940921560178879518,dens_, 11, 2909076, 2909492
kernel_host_940921560178879518,internal_q_, 9, 2434828, 2438145
kernel_host_4654656141485052332,bcond3_u_, 9, 9052246, 9052746
mpi_barrier_,__variables_MOD_init_variables, 11, 54387004, 54389259
mpi_barrier_,MAIN__, 18, 2070381070, 2070381712
mpi_barrier_,read_init_, 20, 206259552, 206260346
kernel_host_2895507310617246303,external_va_, 10, 731635, 733476
kernel_host_1711344829487799974,bcond4_, 18, 17427810, 17434478
external_ua_,MAIN__, 50, 264769280, 264770608
mpi_comm_rank_,MAIN__, 1, 1869, 1988
kernel_host_13054536613402403077,internal_q_, 9, 502973, 503390
kernel_host_8383241828137858514,internal_t_, 18, 1075856, 1076393
kernel_host_10908567227736662191,read_init_, 1, 250220, 250532
mpi_comm_size_,MAIN__, 1, 340, 353
kernel_host_11544715019137345953,adjust_uv_, 9, 3022564, 3022979
kernel_host_5354701768032446803,mode_interaction_, 10, 361742, 362810
kernel_host_8054816732667103883,bcond4_, 18, 17455769, 17462114
mpi_get_processor_name_,MAIN__, 1, 4969, 4984
kernel_host_18092185543702176767,internal_v_, 9, 10605785, 10606432
kernel_host_5305202362360132607,internal_q_, 9, 3290476, 3292602
MPI_Init,MAIN__, 1, 4145174770, 4145174805
kernel_host_6495952187057350598,internal_u_, 9, 2203840, 2204915
kernel_host_16025009267156524296,external_ua_, 10, 561044, 562267
kernel_host_14930920824767543618,advct_, 10, 19304232, 19305290
MPI_Irecv,external_update_, 50, 92164, 94954
MPI_Irecv,read_init_, 8, 14959, 15282
adjust_uv_,MAIN__, 9, 219397590, 219397996
kernel_host_17572185407420011884,bcond6_, 18, 4479897, 4481569
kernel_host_3362328253860953284,dens_, 33, 10776520, 10778262
kernel_host_3362328253860953284,internal_t_, 18, 5890658, 5895486
kernel_host_16474014825694923176,bcond4_, 36, 40806493, 40818903
smoth_update_,internal_q_, 9, 46334132, 46334355
MPI_Isend,internal_u_, 1781, 11431924, 11490975
MPI_Isend,external_ua_, 85, 766922, 776325
MPI_Isend,dens_, 1699, 10679768, 10716366
MPI_Isend,advave_, 86, 444703, 449168
MPI_Isend,external_va_, 85, 740329, 748326
MPI_Isend,bcond3_u_, 18, 169280, 173670
MPI_Isend,internal_q_, 90, 842801, 866794
MPI_Isend,bcond6_, 2, 163748, 164967
MPI_Isend,advct_, 140, 1170617, 1201645
MPI_Isend,MAIN__, 13656, 82883490, 83174389
MPI_Isend,read_init_, 1701, 82893764, 82982821
MPI_Isend,bcond3_v_, 9, 130958, 134896
MPI_Isend,internal_v_, 73, 602798, 612645
MPI_Isend,internal_t_, 1771, 10758444, 10809246
MPI_Isend,baropg_, 1721, 10777802, 10818247
kernel_host_6678857161791714567,internal_v_, 9, 566815, 567250
kernel_host_3056794744720896216,internal_u_, 9, 2846259, 2849398
kernel_host_3056794744720896216,internal_v_, 9, 2852418, 2855446
kernel_host_10497226412570990612,adjust_ufvf_, 18, 9349564, 9351025
MPI_Recv,internal_u_, 18, 55133679, 55134282
MPI_Recv,lateral_viscosity_, 20, 19807274, 19809920
MPI_Recv,external_ua_, 11, 15236100, 15236387
MPI_Recv,advave_, 28, 41911660, 41914141
MPI_Recv,internal_w_, 18, 4553531, 4557396
MPI_Recv,external_va_, 11, 5480977, 5481473
MPI_Recv,bcond3_u_, 18, 95147912, 95148432
MPI_Recv,internal_q_, 114, 90212382, 90223370
MPI_Recv,bcond6_, 2, 4577915, 4579875
MPI_Recv,advct_, 98, 58887852, 58895015
MPI_Recv,MAIN__, 64, 1342279, 1343613
MPI_Recv,bcond3_v_, 18, 27305733, 27306818
MPI_Recv,internal_v_, 18, 77421075, 77421708
MPI_Recv,internal_t_, 72, 255063114, 255065083
kernel_host_561946464185660303,update_initial_, 1, 283647, 284247
dens_,update_initial_, 1, 7044630, 7044644
dens_,MAIN__, 9, 53632150, 53632303
dens_,read_init_, 1, 484496173, 484496188
kernel_host_7666798020544911213,external_update_, 10, 313016, 314114
kernel_host_3801595614667731380,bcond4_, 18, 16365351, 16374544
MPI_Send,external_update_, 50, 174409, 175457
MPI_Send,read_init_, 8, 61491, 61664
kernel_host_17675233011309389831,internal_w_, 9, 6480494, 6481177
kernel_host_15379746689016184240,baropg_, 11, 6381372, 6383445
kernel_host_8976449558737060572,internal_q_, 18, 7667018, 7668236
smoth_update1_,internal_t_, 18, 12571184, 12571487
kernel_host_12880096600322512940,internal_u_, 9, 9456372, 9457005
advave_,mode_interaction_, 10, 392029778, 392030116
kernel_host_17600160524251074110,internal_u_, 9, 2836175, 2840229
kernel_host_17600160524251074110,internal_v_, 9, 2831649, 2835449
kernel_host_17600160524251074110,internal_t_, 18, 5672496, 5679858
internal_w_,MAIN__, 9, 323842212, 323842654
kernel_host_10447168533120541692,internal_u_, 9, 292780, 293014
kernel_host_10447168533120541692,internal_v_, 9, 322222, 322550
kernel_host_10447168533120541692,internal_t_, 18, 606310, 606634
MPI_Waitall,external_update_, 50, 145980, 148665
MPI_Waitall,internal_u_, 3480, 242392016, 242455882
MPI_Waitall,external_ua_, 85, 1006876, 1008693
MPI_Waitall,dens_, 3398, 10663040, 10723664
MPI_Waitall,advave_, 64, 550079, 551448
MPI_Waitall,external_va_, 85, 1157442, 1159858
MPI_Waitall,bcond3_u_, 18, 1202507756, 1202508855
MPI_Waitall,internal_q_, 90, 26310710, 26329180
MPI_Waitall,bcond6_, 2, 33825, 33888
MPI_Waitall,advct_, 127, 18015998, 18021999
MPI_Waitall,MAIN__, 27216, 85254183, 85735694
MPI_Waitall,read_init_, 3410, 13148771, 13256048
MPI_Waitall,bcond3_v_, 9, 149163961, 149166638
MPI_Waitall,internal_v_, 73, 652770242, 652773369
MPI_Waitall,internal_t_, 3470, 158842753, 158919314
MPI_Waitall,baropg_, 3420, 26433311, 26494765
kernel_host_11180554648481108675,internal_q_, 9, 492819, 494544
kernel_host_12580761429086804727,advave_, 10, 820055, 820809
kernel_host_14171480367845884996,adjust_uv_, 18, 4389042, 4394385
kernel_host_14171480367845884996,update_initial_, 2, 482444, 482811
kernel_host_14171480367845884996,mode_interaction_, 50, 11919496, 11923055
kernel_host_6269904581008346741,internal_q_, 9, 7545497, 7547311
kernel_host_7809988743068049318,advave_, 10, 740343, 741875
lateral_bc_,MAIN__, 10, 4893, 5148
kernel_host_5341804159594033185,internal_u_, 9, 2237312, 2241799
kernel_host_5341804159594033185,bcond3_u_, 9, 2237972, 2242444
kernel_host_5341804159594033185,bcond3_v_, 9, 2237322, 2241675
kernel_host_5341804159594033185,internal_v_, 9, 2209124, 2213825
kernel_host_5341804159594033185,bcond4_, 18, 4557531, 4565223
kernel_host_7756675061965279120,baropg_, 11, 3160362, 3165927
kernel_host_167483268786796797,internal_q_, 9, 5367291, 5368660
external_va_,MAIN__, 50, 207714837, 207716295
kernel_host_14523175272559072737,internal_q_, 9, 2124083, 2124895
MPI_Barrier,external_update_, 3, 98710, 103559
MPI_Barrier,internal_u_, 8, 231939252, 231952137
MPI_Barrier,lateral_viscosity_, 1, 56735344, 56736490
MPI_Barrier,mpi_barrier_, 49, 2330982834, 2330984086
MPI_Barrier,external_ua_, 3, 32012465, 32016741
MPI_Barrier,adjust_uv_, 2, 23868166, 23871250
MPI_Barrier,smoth_update_, 1, 6950343, 6951950
MPI_Barrier,dens_, 9, 111273159, 111285040
MPI_Barrier,advave_, 5, 167571185, 167576456
MPI_Barrier,internal_w_, 2, 38999734, 39003195
MPI_Barrier,external_va_, 3, 13832549, 13836214
MPI_Barrier,bcond3_u_, 1, 16947881, 16949814
MPI_Barrier,adjust_ufvf_, 2, 19873929, 19876458
MPI_Barrier,internal_q_, 21, 337477021, 337507840
MPI_Barrier,bcond6_, 5, 70856758, 70864163
MPI_Barrier,advct_, 5, 7160153, 7166990
MPI_Barrier,update_initial_, 5, 50955483, 50962531
MPI_Barrier,mode_interaction_, 3, 25820238, 25825896
MPI_Barrier,bottom_friction_, 1, 30012, 31651
MPI_Barrier,read_init_, 1, 28200, 29390
MPI_Barrier,bcond1_, 1, 6404156, 6405157
MPI_Barrier,bcond3_v_, 1, 8872226, 8873659
MPI_Barrier,internal_v_, 5, 190711, 196255
MPI_Barrier,external_el_, 1, 12828579, 12830155
MPI_Barrier,internal_t_, 8, 234365845, 234424420
MPI_Barrier,baropg_, 6, 76887437, 76896280
MPI_Barrier,bcond2_ua_, 2, 20763385, 20765900
MPI_Barrier,bcond4_, 7, 58212818, 58223060
kernel_host_928901692857333394,dens_, 11, 4915143, 4916146
kernel_host_3904638810941265799,internal_q_, 9, 2208871, 2213674
internal_update_,MAIN__, 10, 2719056, 2719551
kernel_host_2668086296973077183,internal_q_, 9, 4458590, 4462872
kernel_host_15777227199745514466,mode_interaction_, 20, 570155, 571766
MPI_Bcast,external_update_, 100, 4041539, 4049376
MPI_Bcast,read_init_, 58, 113831073, 113833952
kernel_host_2704996265738245537,internal_w_, 9, 2509146, 2513815
kernel_host_7338183325372557907,internal_q_, 18, 52051824, 52053123
bcond3_u_,internal_u_, 9, 1372627460, 1372627633
kernel_host_13670386984375334520,bcond2_va_, 50, 2279942, 2282792
kernel_host_13670386984375334520,bcond2_ua_, 50, 2341492, 2345811
kernel_host_14960680749554967015,internal_u_, 9, 243407, 243655
adjust_ufvf_,MAIN__, 9, 200688659, 200688792
MPI_Gather,external_update_, 50, 773699275, 773710149
kernel_host_13005850972175828160,adjust_uv_, 9, 3063140, 3063630
kernel_host_4023198913931606276,update_initial_, 1, 32445, 33137
kernel_host_4023198913931606276,mode_interaction_, 10, 245598, 245893
internal_q_,MAIN__, 9, 3449020377, 3449022030
kernel_host_9872960228072659106,bcond4_, 36, 40885561, 40892314
kernel_host_17156898055338419057,advct_, 10, 6013760, 6017776
bcond6_,internal_q_, 9, 320694779, 320699188
advct_,lateral_viscosity_, 10, 343973084, 343974049
MPI_Comm_dup,read_init_, 50, 78862200, 78888697
update_initial_,MAIN__, 1, 590451594, 590451607
kernel_host_13678541340789269977,internal_update_, 20, 551616, 552269
kernel_host_13678541340789269977,internal_q_, 9, 306842, 307437
kernel_host_13678541340789269977,update_initial_, 2, 62889, 63434
kernel_host_13678541340789269977,internal_t_, 18, 545237, 545868
kernel_host_677570178439262390,advave_, 10, 698534, 699246
__variables_MOD_init_variables,MAIN__, 1, 14331740390, 14331740403
kernel_host_5251974738527917755,internal_u_, 9, 514770, 515035
MPI_Comm_free,read_init_, 50, 276376, 306301
kernel_host_18110621675970109649,internal_q_, 9, 3330332, 3331001
kernel_host_2998007382017772732,dens_, 11, 7316842, 7317942
kernel_host_18070178787332596206,internal_q_, 9, 7886215, 7887588
kernel_host_11735378529907380392,internal_v_, 9, 4466134, 4466485
kernel_host_11711072112829525569,internal_q_, 9, 317390, 320004
kernel_host_5742318362719794899,mode_interaction_, 10, 324387, 325635
mode_interaction_,MAIN__, 10, 730413792, 730414799
kernel_host_533893640144992498,advct_, 10, 5821249, 5825441
kernel_host_13767876723361870048,smoth_update_, 18, 9205647, 9207200
kernel_host_13767876723361870048,smoth_update1_, 18, 9285778, 9286678
kernel_host_14772865060589351907,advct_, 10, 8063803, 8067806
kernel_host_13527600874346049264,dens_, 22, 5180496, 5181642
kernel_host_1406632355128019739,external_el_, 50, 3811042, 3815880
kernel_host_7308789819381199256,internal_v_, 9, 2973570, 2973742
kernel_host_13029536952378754949,internal_q_, 9, 15992083, 15996185
MPI_Get_processor_name,mpi_get_processor_name_, 1, 4038, 4053
kernel_host_5285627496081891117,dens_, 11, 3087125, 3088212
MAIN__,main, 1, 36404107705, 36404107914
kernel_host_4064066695173842015,baropg_, 11, 3143327, 3147679
kernel_host_10878038741274582305,internal_q_, 18, 4159199, 4162013
kernel_host_9870073709680686895,internal_q_, 9, 4495255, 4499435
MPI_Get_count,read_init_, 100, 319412, 390369
kernel_host_17988520462433045664,baropg_, 11, 4533590, 4537862
kernel_host_1513189204643337441,external_update_, 10, 284674, 286137
kernel_host_1513189204643337441,internal_q_, 18, 441007, 442234
bottom_friction_,MAIN__, 1, 27706605, 27706618
read_init_,__variables_MOD_init_variables, 1, 14249765639, 14249765652
kernel_host_5613771957553797452,external_update_, 10, 355556, 356756
kernel_host_11785900214035726808,adjust_ufvf_, 18, 7660642, 7662240
MPI_Type_commit,external_update_, 100, 1956335, 1963599
MPI_Type_commit,internal_u_, 1699, 20384557, 20436854
MPI_Type_commit,dens_, 1699, 20340232, 20400082
MPI_Type_commit,MAIN__, 13592, 160833995, 161199741
MPI_Type_commit,read_init_, 1793, 43579443, 43902578
MPI_Type_commit,internal_t_, 1699, 20067730, 20117454
MPI_Type_commit,baropg_, 1699, 20072624, 20125001
bcond1_,external_el_, 50, 44682555, 44686239
bcond3_v_,internal_v_, 9, 237570063, 237570236
kernel_host_6151473719594853315,internal_u_, 9, 398857, 399071
kernel_host_6151473719594853315,internal_v_, 9, 401663, 401865
kernel_host_6151473719594853315,internal_t_, 18, 922490, 922980
MPI_Type_free,external_update_, 100, 106691, 108753
MPI_Type_free,internal_u_, 1699, 1639164, 1669518
MPI_Type_free,dens_, 1699, 1508947, 1538699
MPI_Type_free,MAIN__, 13592, 12656428, 12921445
MPI_Type_free,read_init_, 1793, 2312455, 2415301
MPI_Type_free,internal_t_, 1699, 1581916, 1611080
MPI_Type_free,baropg_, 1699, 1552330, 1582669
bcond2_va_,external_va_, 50, 24789198, 24790768
internal_v_,MAIN__, 9, 1654684092, 1654684258
kernel_host_149332173039792024,internal_u_, 9, 261529, 261951
kernel_host_149332173039792024,internal_v_, 9, 260792, 261060
kernel_host_2769894380674479461,bcond2_va_, 50, 2198782, 2203230
kernel_host_2769894380674479461,bcond2_ua_, 50, 2351075, 2361078
MPI_Type_size,read_init_, 50, 93048, 112941
kernel_host_11364641885718042762,internal_q_, 9, 3674075, 3674788
kernel_host_14742595204480865565,bcond3_v_, 9, 5671677, 5676369
kernel_host_14177333148799137211,dens_, 11, 5750999, 5752214
kernel_host_11734272273339620725,internal_q_, 9, 4437384, 4438479
get_time_,MAIN__, 10, 7072, 7600
kernel_host_9828195426201177678,internal_t_, 18, 7211628, 7218955
kernel_host_2403034596777470961,bcond6_, 18, 15080115, 15086213
external_el_,MAIN__, 50, 103415852, 103421292
kernel_host_5425075240490291438,bcond4_, 18, 17558996, 17566860
kernel_host_3203235421309124674,advave_, 10, 710933, 712359
kernel_host_4089695605558063454,internal_v_, 9, 274199, 275275
kernel_host_2077031470031862986,dens_, 11, 15212024, 15212956
kernel_host_6065031066545417016,internal_q_, 9, 4876448, 4880228
internal_t_,MAIN__, 18, 2894670918, 2894671309
baropg_,lateral_viscosity_, 10, 375936597, 375937793
baropg_,update_initial_, 1, 367973714, 367973729
kernel_host_5579468312897313468,bcond6_, 18, 16120820, 16122015
kernel_host_16004796625768757002,advave_, 10, 560858, 562138
kernel_host_16514618981259130990,internal_t_, 18, 7712724, 7715349
bcond2_ua_,external_ua_, 50, 97922090, 97925433
kernel_host_14841353772382616086,external_va_, 10, 1221733, 1223604
kernel_host_669428828628634244,baropg_, 11, 11452441, 11454006
kernel_host_8607595517187487955,bcond6_, 18, 15050043, 15056790
bcond4_,internal_t_, 18, 586334035, 586343839
kernel_host_14516561621248944045,update_initial_, 1, 248332, 248930
kernel_host_5189765816641970822,internal_u_, 9, 570942, 571118
kernel_host_5189765816641970822,internal_v_, 9, 520824, 520999
kernel_host_4181240233776583252,internal_q_, 9, 4225903, 4226777
kernel_host_4582267827303034181,internal_q_, 9, 2643654, 2647141
