external_update_,MAIN__, 50, 379865341, 379869822
surface_forcing_,MAIN__, 10, 7024832, 7025340
internal_u_,MAIN__, 9, 381550849, 381552114
__config_MOD_loadconfig,__variables_MOD_init_variables, 1, 6330843, 6330873
main,_ZNSt14__array_traitsIiLm3EE6_S_refERA3_Kim, 1, 11329913388, 11360388641
init_fields_,MAIN__, 1, 51424, 51450
lateral_viscosity_,MAIN__, 10, 346430661, 346431370
__oa_utils_MOD_i2s,__variables_MOD_init_variables, 11, 34277052, 34279724
__oa_utils_MOD_i2s,MAIN__, 18, 62740112, 62741496
__oa_utils_MOD_i2s,read_init_, 20, 137176879, 137178139
external_ua_,MAIN__, 50, 184930331, 184934391
__oa_utils_MOD_i2s,MAIN__, 1, 1477, 1699
__oa_utils_MOD_i2s,MAIN__, 1, 349, 362
__oa_utils_MOD_string_f2c,MAIN__, 1, 4594, 4609
__oa_utils_MOD_string_f2c,MAIN__, 1, 2033834515, 2033834528
__oa_utils_MOD_string_f2c,external_update_, 50, 105633, 106708
__oa_utils_MOD_string_f2c,read_init_, 8, 163767, 164614
adjust_uv_,MAIN__, 9, 73340445, 73341101
smoth_update_,internal_q_, 9, 27981275, 27982610
__oa_utils_MOD_toc,external_update_, 80, 553222, 572795
__oa_utils_MOD_toc,internal_u_, 177, 1294507, 1325771
__oa_utils_MOD_toc,external_ua_, 253, 1028983, 1053568
__oa_utils_MOD_toc,dens_, 95, 549453, 551545
__oa_utils_MOD_toc,advave_, 140, 518776, 525130
__oa_utils_MOD_toc,external_va_, 213, 937165, 954871
__oa_utils_MOD_toc,bcond3_u_, 18, 140191, 146265
__oa_utils_MOD_toc,internal_q_, 90, 600802, 626488
__oa_utils_MOD_toc,bcond6_, 2, 29130, 30834
__oa_utils_MOD_toc,advct_, 140, 958376, 993633
__oa_utils_MOD_toc,MAIN__, 824, 4550370, 4571374
__oa_utils_MOD_toc,read_init_, 97, 620744, 622817
__oa_utils_MOD_toc,bcond3_v_, 9, 124232, 127407
__oa_utils_MOD_toc,internal_v_, 73, 483250, 495372
__oa_utils_MOD_toc,internal_t_, 167, 984910, 1007336
__oa_utils_MOD_toc,baropg_, 117, 809712, 824424
__oa_utils_MOD_tic,internal_u_, 18, 2701102, 2701854
__oa_utils_MOD_tic,lateral_viscosity_, 20, 2861656, 2863862
__oa_utils_MOD_tic,external_ua_, 50, 2704674, 2708465
__oa_utils_MOD_tic,advave_, 100, 21422636, 21429025
__oa_utils_MOD_tic,internal_w_, 18, 1870504, 1875277
__oa_utils_MOD_tic,external_va_, 30, 13693411, 13694856
__oa_utils_MOD_tic,bcond3_u_, 18, 6416918, 6417774
__oa_utils_MOD_tic,internal_q_, 114, 30738908, 30748366
__oa_utils_MOD_tic,bcond6_, 2, 9168111, 9169674
__oa_utils_MOD_tic,advct_, 98, 14465598, 14471473
__oa_utils_MOD_tic,MAIN__, 64, 1076699, 1078153
__oa_utils_MOD_tic,bcond3_v_, 18, 7121210, 7122298
__oa_utils_MOD_tic,internal_v_, 18, 1129259, 1129942
__oa_utils_MOD_tic,external_el_, 160, 4327158, 4338745
__oa_utils_MOD_tic,internal_t_, 72, 49579693, 49583284
dens_,update_initial_, 1, 3434034, 3434999
dens_,MAIN__, 9, 23080491, 23080871
dens_,read_init_, 1, 243416518, 243416543
__oa_min_max_MOD_abs_max_array,external_update_, 50, 188395, 189287
__oa_min_max_MOD_abs_max_array,read_init_, 8, 62005, 62147
smoth_update1_,internal_t_, 18, 5366489, 5368387
advave_,mode_interaction_, 10, 159858265, 159864618
internal_w_,MAIN__, 9, 102861759, 102863508
__oa_min_max_MOD_max_array_array,external_update_, 130, 844870, 851410
__oa_min_max_MOD_max_array_array,internal_u_, 272, 17056520, 17068103
__oa_min_max_MOD_max_array_array,external_ua_, 253, 1328213, 1344028
__oa_min_max_MOD_max_array_array,dens_, 190, 498055, 501291
__oa_min_max_MOD_max_array_array,advave_, 100, 590247, 595728
__oa_min_max_MOD_max_array_array,external_va_, 213, 1259053, 1272684
__oa_min_max_MOD_max_array_array,bcond3_u_, 18, 906184, 907771
__oa_min_max_MOD_max_array_array,internal_q_, 90, 16318225, 16329797
__oa_min_max_MOD_max_array_array,bcond6_, 2, 32204, 32545
__oa_min_max_MOD_max_array_array,advct_, 127, 14029856, 14042372
__oa_min_max_MOD_max_array_array,MAIN__, 1552, 4077747, 4105410
__oa_min_max_MOD_max_array_array,read_init_, 202, 460794, 464526
__oa_min_max_MOD_max_array_array,bcond3_v_, 9, 560935, 563771
__oa_min_max_MOD_max_array_array,internal_v_, 73, 4112251, 4118369
__oa_min_max_MOD_max_array_array,internal_t_, 262, 5632847, 5645124
__oa_min_max_MOD_max_array_array,baropg_, 212, 3809117, 3815451
lateral_bc_,MAIN__, 10, 5077, 6685
external_va_,MAIN__, 50, 141281695, 141288530
__oa_set_with_mask_MOD_set_with_mask_array_node_array,external_update_, 7, 986908, 995159
__oa_set_with_mask_MOD_set_with_mask_array_node_array,internal_u_, 8, 2809558, 2819931
__oa_set_with_mask_MOD_set_with_mask_array_node_array,lateral_viscosity_, 1, 41647, 42967
__oa_set_with_mask_MOD_set_with_mask_array_node_array,__oa_utils_MOD_i2s, 49, 234153342, 234155270
__oa_set_with_mask_MOD_set_with_mask_array_node_array,external_ua_, 3, 2670885, 2674855
__oa_set_with_mask_MOD_set_with_mask_array_node_array,adjust_uv_, 2, 60147, 69282
__oa_set_with_mask_MOD_set_with_mask_array_node_array,smoth_update_, 1, 29576, 30980
__oa_set_with_mask_MOD_set_with_mask_array_node_array,dens_, 9, 16474194, 16485288
__oa_set_with_mask_MOD_set_with_mask_array_node_array,advave_, 5, 3842967, 3849502
__oa_set_with_mask_MOD_set_with_mask_array_node_array,internal_w_, 2, 521072, 524511
__oa_set_with_mask_MOD_set_with_mask_array_node_array,external_va_, 3, 2353585, 2357737
__oa_set_with_mask_MOD_set_with_mask_array_node_array,bcond3_u_, 1, 31880, 32873
__oa_set_with_mask_MOD_set_with_mask_array_node_array,adjust_ufvf_, 2, 12390927, 12392808
__oa_set_with_mask_MOD_set_with_mask_array_node_array,internal_q_, 21, 34747441, 34775176
__oa_set_with_mask_MOD_set_with_mask_array_node_array,bcond6_, 5, 202928, 208357
__oa_set_with_mask_MOD_set_with_mask_array_node_array,advct_, 5, 252274, 304481
__oa_set_with_mask_MOD_set_with_mask_array_node_array,update_initial_, 5, 191142, 196325
__oa_set_with_mask_MOD_set_with_mask_array_node_array,mode_interaction_, 3, 90787, 95188
__oa_set_with_mask_MOD_set_with_mask_array_node_array,bottom_friction_, 1, 28782, 77771
__oa_set_with_mask_MOD_set_with_mask_array_node_array,read_init_, 1, 72068, 73428
__oa_set_with_mask_MOD_set_with_mask_array_node_array,bcond1_, 1, 76241, 77926
__oa_set_with_mask_MOD_set_with_mask_array_node_array,bcond3_v_, 1, 2717664, 2718595
__oa_set_with_mask_MOD_set_with_mask_array_node_array,internal_v_, 5, 3720374, 3728227
__oa_set_with_mask_MOD_set_with_mask_array_node_array,external_el_, 1, 27696369, 27697364
__oa_set_with_mask_MOD_set_with_mask_array_node_array,internal_t_, 8, 1030004, 1040532
__oa_set_with_mask_MOD_set_with_mask_array_node_array,baropg_, 6, 10256142, 10263473
__oa_set_with_mask_MOD_set_with_mask_array_node_array,bcond2_ua_, 2, 60895, 63656
__oa_set_with_mask_MOD_set_with_mask_array_node_array,bcond4_, 7, 8393145, 8401987
internal_update_,MAIN__, 10, 3042250, 3043188
__oa_set_with_mask_MOD_set_with_mask_array_const_double_node,external_update_, 100, 840240, 843431
__oa_set_with_mask_MOD_set_with_mask_array_const_double_node,read_init_, 58, 92213147, 92216268
bcond3_u_,internal_u_, 9, 44309886, 44314064
adjust_ufvf_,MAIN__, 9, 89893684, 89894427
__oa_set_with_mask_MOD_set_with_mask_array_const_double_array,external_update_, 50, 160049492, 160060389
internal_q_,MAIN__, 9, 1248861904, 1248862795
bcond6_,internal_q_, 9, 173883910, 173890021
advct_,lateral_viscosity_, 10, 210108736, 210109239
__oa_shift_MOD_circshift_array,read_init_, 50, 14849151, 14884169
update_initial_,MAIN__, 1, 292296294, 292296307
__variables_MOD_init_variables,MAIN__, 1, 4369994320, 4369994349
__oa_shift_MOD_circshift_array,read_init_, 50, 575064, 601462
mode_interaction_,MAIN__, 10, 289023264, 289023611
__oa_init_fnl_MOD_oa_init,__oa_utils_MOD_string_f2c, 1, 3704, 3717
MAIN__,main, 1, 11329894291, 11329894504
__oa_init_fnl_MOD_oa_init,read_init_, 100, 335954, 411682
bottom_friction_,MAIN__, 1, 23757540, 23757568
read_init_,__variables_MOD_init_variables, 1, 4319467211, 4319467224
__oa_type_MOD_set_rvalue_array,external_update_, 100, 1973094, 1978364
__oa_type_MOD_set_rvalue_array,internal_u_, 95, 1121883, 1124520
__oa_type_MOD_set_rvalue_array,dens_, 95, 1126569, 1128707
__oa_type_MOD_set_rvalue_array,MAIN__, 760, 9064447, 9082339
__oa_type_MOD_set_rvalue_array,read_init_, 189, 4185857, 4192482
__oa_type_MOD_set_rvalue_array,internal_t_, 95, 1134465, 1137051
__oa_type_MOD_set_rvalue_array,baropg_, 95, 1123926, 1126773
bcond1_,external_el_, 50, 32279151, 32284618
bcond3_v_,internal_v_, 9, 46755311, 46760574
__oa_type_MOD_set_stencil,external_update_, 100, 98026, 99924
__oa_type_MOD_set_stencil,internal_u_, 95, 84271, 86092
__oa_type_MOD_set_stencil,dens_, 95, 78907, 80455
__oa_type_MOD_set_stencil,MAIN__, 760, 681424, 695266
__oa_type_MOD_set_stencil,read_init_, 189, 127622, 134939
__oa_type_MOD_set_stencil,internal_t_, 95, 86788, 88611
__oa_type_MOD_set_stencil,baropg_, 95, 78517, 80366
bcond2_va_,external_va_, 50, 22734234, 22738473
internal_v_,MAIN__, 9, 295723994, 295724973
__oa_type_MOD_is_rvalue_node,read_init_, 50, 50170, 56327
get_time_,MAIN__, 10, 8309, 8719
external_el_,MAIN__, 50, 100694538, 100697042
internal_t_,MAIN__, 18, 833808890, 833809659
baropg_,lateral_viscosity_, 10, 97653038, 97654062
baropg_,update_initial_, 1, 168288923, 168288936
bcond2_ua_,external_ua_, 50, 72666236, 72673431
bcond4_,internal_t_, 18, 293669133, 293679770
