kernel_host_17506849007025892946,external_update_, 2, 59820, 60166
kernel_host_17876976960434219323,dens_, 11, 3806247, 3807597
external_update_,MAIN__, 50, 1127872575, 1127873553
kernel_host_11974978034716845838,baropg_, 11, 14024286, 14025714
surface_forcing_,MAIN__, 10, 8447438, 8448250
internal_u_,MAIN__, 9, 1263903763, 1263904852
kernel_host_2904305052371605897,lateral_viscosity_, 10, 17676488, 17677229
kernel_host_18056069231970590520,external_va_, 50, 7664432, 7669467
kernel_host_11313705801899030046,internal_u_, 9, 3141316, 3141862
kernel_host_17356059520636453398,external_ua_, 50, 6153774, 6158640
kernel_host_10227889028461526473,external_ua_, 10, 1417418, 1417929
sw_memcpy_host,external_update_, 6, 114781, 115332
sw_memcpy_host,surface_forcing_, 2, 46080, 47618
sw_memcpy_host,internal_u_, 144, 3717201, 3735632
sw_memcpy_host,adjust_uv_, 18, 493140, 501453
sw_memcpy_host,smoth_update_, 18, 1587811, 1588468
sw_memcpy_host,smoth_update1_, 18, 1530760, 1532214
sw_memcpy_host,internal_w_, 9, 706910, 711455
sw_memcpy_host,internal_update_, 60, 1078653, 1080250
sw_memcpy_host,bcond3_u_, 18, 894377, 895085
sw_memcpy_host,adjust_ufvf_, 54, 3394322, 3402709
sw_memcpy_host,internal_q_, 36, 2526986, 2534488
sw_memcpy_host,bcond6_, 18, 1594605, 1595270
sw_memcpy_host,update_initial_, 15, 797988, 800305
sw_memcpy_host,__variables_MOD_init_variables, 117, 4808396, 4811253
sw_memcpy_host,mode_interaction_, 50, 1309982, 1330594
sw_memcpy_host,read_init_, 3, 124823, 124925
sw_memcpy_host,bcond3_v_, 18, 899441, 900314
sw_memcpy_host,bcond2_va_, 150, 2710611, 2713433
sw_memcpy_host,internal_v_, 144, 3658937, 3674835
sw_memcpy_host,internal_t_, 252, 6694567, 6728084
sw_memcpy_host,baropg_, 22, 462663, 466575
sw_memcpy_host,bcond2_ua_, 150, 2758390, 2761596
sw_memcpy_host,bcond4_, 54, 4610891, 4620914
kernel_host_11078693922887474255,bcond1_, 50, 1290107, 1296690
kernel_host_11078693922887474255,bcond2_va_, 50, 1231476, 1235883
kernel_host_11078693922887474255,bcond2_ua_, 50, 1335786, 1343340
kernel_host_13095133616550115949,internal_u_, 9, 1621925, 1622666
kernel_host_13095133616550115949,internal_v_, 9, 1774183, 1774698
kernel_host_13095133616550115949,internal_t_, 18, 3357088, 3358698
kernel_host_10018654585745270947,advct_, 10, 13865672, 13866555
__config_MOD_loadconfig,__variables_MOD_init_variables, 1, 6793500, 6793513
kernel_host_14913372915240065947,internal_t_, 18, 32220661, 32221310
kernel_host_9476223794341086031,bcond6_, 18, 13280325, 13283077
main,__libc_start_main, 1, 36271674565, 36302224123
kernel_host_3118027215046091878,bottom_friction_, 1, 84116, 84602
init_fields_,MAIN__, 1, 52560, 52573
lateral_viscosity_,MAIN__, 10, 821976947, 821977255
kernel_host_940921560178879518,dens_, 11, 2432075, 2432400
kernel_host_940921560178879518,internal_q_, 9, 1996736, 1999444
kernel_host_4654656141485052332,bcond3_u_, 9, 7338141, 7338366
mpi_barrier_,__variables_MOD_init_variables, 11, 71446717, 71448759
mpi_barrier_,MAIN__, 18, 3208083185, 3208084207
mpi_barrier_,read_init_, 20, 197956162, 197957859
kernel_host_2895507310617246303,external_va_, 10, 635253, 636545
kernel_host_1711344829487799974,bcond4_, 18, 14150777, 14155572
external_ua_,MAIN__, 50, 266262052, 266263363
mpi_comm_rank_,MAIN__, 1, 1399, 1746
kernel_host_13054536613402403077,internal_q_, 9, 437170, 437519
kernel_host_8383241828137858514,internal_t_, 18, 949752, 950125
kernel_host_10908567227736662191,read_init_, 1, 206947, 207335
mpi_comm_size_,MAIN__, 1, 340, 353
kernel_host_11544715019137345953,adjust_uv_, 9, 2443741, 2444243
kernel_host_5354701768032446803,mode_interaction_, 10, 307421, 308596
kernel_host_8054816732667103883,bcond4_, 18, 14433571, 14438364
mpi_get_processor_name_,MAIN__, 1, 3873, 3895
kernel_host_18092185543702176767,internal_v_, 9, 8683155, 8684144
kernel_host_5305202362360132607,internal_q_, 9, 2650638, 2653112
MPI_Init,MAIN__, 1, 4176496219, 4176496266
kernel_host_6495952187057350598,internal_u_, 9, 1843844, 1844226
kernel_host_16025009267156524296,external_ua_, 10, 491717, 492925
kernel_host_14930920824767543618,advct_, 10, 15650137, 15651602
MPI_Irecv,external_update_, 50, 107452, 108754
MPI_Irecv,read_init_, 8, 17236, 17561
adjust_uv_,MAIN__, 9, 150229759, 150230294
kernel_host_17572185407420011884,bcond6_, 18, 3715282, 3716947
kernel_host_3362328253860953284,dens_, 33, 8640399, 8642219
kernel_host_3362328253860953284,internal_t_, 18, 4916454, 4919592
kernel_host_16474014825694923176,bcond4_, 36, 33297449, 33311553
smoth_update_,internal_q_, 9, 50922825, 50922956
MPI_Isend,external_update_, 4, 46299, 47331
MPI_Isend,internal_u_, 2181, 13689670, 13753359
MPI_Isend,external_ua_, 95, 727787, 735763
MPI_Isend,dens_, 2099, 13293831, 13336680
MPI_Isend,advave_, 86, 414313, 419296
MPI_Isend,external_va_, 91, 717450, 725331
MPI_Isend,bcond3_u_, 18, 146009, 149201
MPI_Isend,internal_q_, 90, 750396, 774990
MPI_Isend,bcond6_, 2, 28352, 29473
MPI_Isend,advct_, 140, 1089368, 1127393
MPI_Isend,MAIN__, 16856, 103277662, 103639694
MPI_Isend,read_init_, 2101, 130540160, 130654918
MPI_Isend,bcond3_v_, 9, 130584, 134979
MPI_Isend,internal_v_, 73, 570097, 578754
MPI_Isend,internal_t_, 2171, 13350288, 13410366
MPI_Isend,baropg_, 2121, 13274302, 13324478
kernel_host_6678857161791714567,internal_v_, 9, 489390, 489959
kernel_host_3056794744720896216,internal_u_, 9, 2310025, 2313375
kernel_host_3056794744720896216,internal_v_, 9, 2293672, 2295667
kernel_host_10497226412570990612,adjust_ufvf_, 18, 7594150, 7595281
MPI_Recv,internal_u_, 18, 12732447, 12733483
MPI_Recv,lateral_viscosity_, 20, 56771016, 56773291
MPI_Recv,external_ua_, 19, 3170950, 3171368
MPI_Recv,advave_, 28, 42407691, 42411075
MPI_Recv,internal_w_, 18, 7769320, 7773071
MPI_Recv,external_va_, 15, 1041074, 1041510
MPI_Recv,bcond3_u_, 18, 1357006, 1357561
MPI_Recv,internal_q_, 114, 54290902, 54300003
MPI_Recv,bcond6_, 2, 55218, 56915
MPI_Recv,advct_, 98, 36651680, 36657469
MPI_Recv,MAIN__, 64, 2147437, 2148933
MPI_Recv,bcond3_v_, 18, 13477914, 13479474
MPI_Recv,internal_v_, 18, 40667615, 40668239
MPI_Recv,external_el_, 8, 12403837, 12404172
MPI_Recv,internal_t_, 72, 139447370, 139449169
kernel_host_561946464185660303,update_initial_, 1, 230028, 230656
dens_,update_initial_, 1, 5932689, 5932702
dens_,MAIN__, 9, 44584297, 44584464
dens_,read_init_, 1, 544817089, 544817103
kernel_host_7666798020544911213,external_update_, 10, 276739, 277476
kernel_host_3801595614667731380,bcond4_, 18, 13304531, 13312818
MPI_Send,external_update_, 50, 180435, 181470
MPI_Send,read_init_, 8, 63856, 64038
kernel_host_17675233011309389831,internal_w_, 9, 5298874, 5299558
kernel_host_15379746689016184240,baropg_, 11, 5234664, 5236690
kernel_host_8976449558737060572,internal_q_, 18, 6243692, 6244740
smoth_update1_,internal_t_, 18, 10114344, 10114856
kernel_host_12880096600322512940,internal_u_, 9, 7717880, 7718168
advave_,mode_interaction_, 10, 359567307, 359568050
kernel_host_17600160524251074110,internal_u_, 9, 2361425, 2364505
kernel_host_17600160524251074110,internal_v_, 9, 2323167, 2327298
kernel_host_17600160524251074110,internal_t_, 18, 5914945, 5922222
internal_w_,MAIN__, 9, 281564748, 281564963
kernel_host_10447168533120541692,internal_u_, 9, 237770, 239326
kernel_host_10447168533120541692,internal_v_, 9, 238822, 239620
kernel_host_10447168533120541692,internal_t_, 18, 516106, 517264
MPI_Waitall,external_update_, 54, 202812, 204465
MPI_Waitall,internal_u_, 4280, 44473544, 44551451
MPI_Waitall,external_ua_, 95, 954985, 957297
MPI_Waitall,dens_, 4198, 16153025, 16229865
MPI_Waitall,advave_, 64, 541829, 543249
MPI_Waitall,external_va_, 91, 932965, 935109
MPI_Waitall,bcond3_u_, 18, 45184226, 45185357
MPI_Waitall,internal_q_, 90, 33536203, 33553936
MPI_Waitall,bcond6_, 2, 35422, 35485
MPI_Waitall,advct_, 127, 35667678, 35675470
MPI_Waitall,MAIN__, 33616, 127670194, 128263822
MPI_Waitall,read_init_, 4210, 17037865, 17174501
MPI_Waitall,bcond3_v_, 9, 27531770, 27535097
MPI_Waitall,internal_v_, 73, 37715856, 37717985
MPI_Waitall,internal_t_, 4270, 333699010, 333787385
MPI_Waitall,baropg_, 4220, 25054306, 25131870
kernel_host_11180554648481108675,internal_q_, 9, 417552, 419093
kernel_host_12580761429086804727,advave_, 10, 734246, 734510
kernel_host_14171480367845884996,adjust_uv_, 18, 3650651, 3655148
kernel_host_14171480367845884996,update_initial_, 2, 396619, 397285
kernel_host_14171480367845884996,mode_interaction_, 50, 9846966, 9850373
kernel_host_6269904581008346741,internal_q_, 9, 5943728, 5945002
kernel_host_7809988743068049318,advave_, 10, 639721, 640634
lateral_bc_,MAIN__, 10, 6006, 6231
kernel_host_5341804159594033185,internal_u_, 9, 1861976, 1865527
kernel_host_5341804159594033185,bcond3_u_, 9, 1867076, 1870670
kernel_host_5341804159594033185,bcond3_v_, 9, 1860208, 1864313
kernel_host_5341804159594033185,internal_v_, 9, 1857445, 1861070
kernel_host_5341804159594033185,bcond4_, 18, 3698784, 3704619
kernel_host_7756675061965279120,baropg_, 11, 2639643, 2644584
kernel_host_167483268786796797,internal_q_, 9, 4237520, 4238780
external_va_,MAIN__, 50, 256235546, 256236706
kernel_host_14523175272559072737,internal_q_, 9, 1743256, 1744355
MPI_Barrier,external_update_, 7, 91428336, 91484713
MPI_Barrier,internal_u_, 8, 274035210, 274046941
MPI_Barrier,lateral_viscosity_, 1, 44101100, 44102583
MPI_Barrier,mpi_barrier_, 49, 3477441550, 3477443296
MPI_Barrier,external_ua_, 3, 42116950, 42166721
MPI_Barrier,adjust_uv_, 2, 23033722, 23036194
MPI_Barrier,smoth_update_, 1, 18891080, 18892545
MPI_Barrier,dens_, 9, 189064165, 189078275
MPI_Barrier,advave_, 5, 154478489, 154484807
MPI_Barrier,internal_w_, 2, 34983587, 35032454
MPI_Barrier,external_va_, 3, 119429388, 119432953
MPI_Barrier,bcond3_u_, 1, 58783404, 58784836
MPI_Barrier,adjust_ufvf_, 2, 64580823, 64583104
MPI_Barrier,internal_q_, 21, 551571095, 551601565
MPI_Barrier,bcond6_, 5, 143814456, 143822320
MPI_Barrier,advct_, 5, 55208767, 55261939
MPI_Barrier,update_initial_, 5, 147947911, 147955597
MPI_Barrier,mode_interaction_, 3, 48507963, 48512527
MPI_Barrier,bottom_friction_, 1, 30020, 31738
MPI_Barrier,read_init_, 1, 27758, 28810
MPI_Barrier,bcond1_, 1, 17352638, 17354146
MPI_Barrier,bcond3_v_, 1, 51391859, 51392930
MPI_Barrier,internal_v_, 5, 110784489, 110792194
MPI_Barrier,external_el_, 1, 22147204, 22148464
MPI_Barrier,internal_t_, 8, 218681864, 218790397
MPI_Barrier,baropg_, 6, 111118676, 111127642
MPI_Barrier,bcond2_ua_, 2, 41352718, 41355889
MPI_Barrier,bcond4_, 7, 800420729, 800431317
kernel_host_928901692857333394,dens_, 11, 3945787, 3946467
kernel_host_3904638810941265799,internal_q_, 9, 1883724, 1889912
internal_update_,MAIN__, 10, 2366493, 2367223
kernel_host_2668086296973077183,internal_q_, 9, 3663818, 3667823
kernel_host_15777227199745514466,mode_interaction_, 20, 525886, 527480
MPI_Bcast,external_update_, 100, 1468444, 1477485
MPI_Bcast,read_init_, 58, 118448857, 118452211
kernel_host_2704996265738245537,internal_w_, 9, 2095228, 2099383
kernel_host_7338183325372557907,internal_q_, 18, 41985176, 41986472
bcond3_u_,internal_u_, 9, 189422314, 189423171
kernel_host_13670386984375334520,bcond2_va_, 50, 1997393, 1999258
kernel_host_13670386984375334520,bcond2_ua_, 50, 2025191, 2028586
kernel_host_14960680749554967015,internal_u_, 9, 215483, 215654
adjust_ufvf_,MAIN__, 9, 239518257, 239518573
MPI_Gather,external_update_, 50, 813365148, 813376034
kernel_host_13005850972175828160,adjust_uv_, 9, 2502600, 2502831
kernel_host_4023198913931606276,update_initial_, 1, 30241, 30874
kernel_host_4023198913931606276,mode_interaction_, 10, 214847, 215070
internal_q_,MAIN__, 9, 3423347129, 3423348168
kernel_host_9872960228072659106,bcond4_, 36, 33104717, 33111749
kernel_host_17156898055338419057,advct_, 10, 4989678, 4993993
bcond6_,internal_q_, 9, 355543225, 355546840
advct_,lateral_viscosity_, 10, 335346097, 335346270
kernel_host_7004053664364030334,external_update_, 6, 216125, 216987
MPI_Comm_dup,read_init_, 50, 105239924, 105267291
update_initial_,MAIN__, 1, 667157370, 667157384
kernel_host_13678541340789269977,external_update_, 2, 52512, 52571
kernel_host_13678541340789269977,internal_update_, 20, 460421, 461232
kernel_host_13678541340789269977,internal_q_, 9, 277076, 277905
kernel_host_13678541340789269977,update_initial_, 2, 56278, 56822
kernel_host_13678541340789269977,internal_t_, 18, 467262, 467855
kernel_host_677570178439262390,advave_, 10, 605293, 605859
__variables_MOD_init_variables,MAIN__, 1, 13932522008, 13932522021
kernel_host_5251974738527917755,internal_u_, 9, 448454, 448693
MPI_Comm_free,read_init_, 50, 751290, 1263381
kernel_host_18110621675970109649,internal_q_, 9, 2738015, 2738918
kernel_host_2998007382017772732,dens_, 11, 5857286, 5858036
kernel_host_18070178787332596206,internal_q_, 9, 6417879, 6418891
kernel_host_11735378529907380392,internal_v_, 9, 3593448, 3594081
kernel_host_11711072112829525569,internal_q_, 9, 284468, 287691
kernel_host_5742318362719794899,mode_interaction_, 10, 276926, 277621
mode_interaction_,MAIN__, 10, 663426558, 663427669
kernel_host_533893640144992498,advct_, 10, 4773253, 4775738
kernel_host_11243618430834388333,external_update_, 2, 71457, 71515
kernel_host_13767876723361870048,smoth_update_, 18, 7487110, 7488280
kernel_host_13767876723361870048,smoth_update1_, 18, 7378997, 7379761
kernel_host_14772865060589351907,advct_, 10, 6354261, 6357505
kernel_host_13527600874346049264,dens_, 22, 4220538, 4222795
kernel_host_1406632355128019739,external_el_, 50, 3390290, 3396250
kernel_host_7308789819381199256,internal_v_, 9, 2425898, 2426173
kernel_host_13029536952378754949,internal_q_, 9, 12962097, 12966656
MPI_Get_processor_name,mpi_get_processor_name_, 1, 2957, 2975
kernel_host_5285627496081891117,dens_, 11, 2425000, 2425943
MAIN__,main, 1, 36271655298, 36271655566
kernel_host_4064066695173842015,baropg_, 11, 2627793, 2632910
kernel_host_10878038741274582305,internal_q_, 18, 3418232, 3420789
kernel_host_9870073709680686895,internal_q_, 9, 3632053, 3635650
MPI_Get_count,read_init_, 100, 316693, 388242
kernel_host_17988520462433045664,baropg_, 11, 3633515, 3637604
kernel_host_1513189204643337441,external_update_, 10, 232200, 233357
kernel_host_1513189204643337441,internal_q_, 18, 384016, 384725
bottom_friction_,MAIN__, 1, 23570728, 23570746
read_init_,__variables_MOD_init_variables, 1, 13840431805, 13840431818
kernel_host_5613771957553797452,external_update_, 10, 297320, 298406
kernel_host_11785900214035726808,adjust_ufvf_, 18, 6225500, 6226674
MPI_Type_commit,external_update_, 100, 1962364, 1967613
MPI_Type_commit,internal_u_, 2099, 24867817, 24927530
MPI_Type_commit,dens_, 2099, 25126599, 25195248
MPI_Type_commit,MAIN__, 16792, 203346553, 203784080
MPI_Type_commit,read_init_, 2193, 62279792, 62723582
MPI_Type_commit,internal_t_, 2099, 25411590, 25475197
MPI_Type_commit,baropg_, 2099, 24918715, 24977409
bcond1_,external_el_, 50, 50011883, 50015372
bcond3_v_,internal_v_, 9, 136874310, 136874913
kernel_host_6151473719594853315,internal_u_, 9, 346807, 347742
kernel_host_6151473719594853315,internal_v_, 9, 344934, 345558
kernel_host_6151473719594853315,internal_t_, 18, 670891, 672403
MPI_Type_free,external_update_, 100, 114422, 116686
MPI_Type_free,internal_u_, 2099, 1926694, 1963857
MPI_Type_free,dens_, 2099, 1810265, 1846590
MPI_Type_free,MAIN__, 16792, 16061970, 16371840
MPI_Type_free,read_init_, 2193, 2638580, 2780918
MPI_Type_free,internal_t_, 2099, 1965296, 2003698
MPI_Type_free,baropg_, 2099, 1868232, 1905412
bcond2_va_,external_va_, 50, 23302693, 23304018
internal_v_,MAIN__, 9, 938487646, 938487830
kernel_host_149332173039792024,internal_u_, 9, 228626, 228863
kernel_host_149332173039792024,internal_v_, 9, 224033, 224376
kernel_host_2769894380674479461,bcond2_va_, 50, 1880191, 1883419
kernel_host_2769894380674479461,bcond2_ua_, 50, 2013603, 2021550
MPI_Type_size,read_init_, 50, 78134, 97974
kernel_host_11364641885718042762,internal_q_, 9, 2980142, 2981203
kernel_host_14742595204480865565,bcond3_v_, 9, 4665249, 4668520
kernel_host_14177333148799137211,dens_, 11, 4572600, 4573729
kernel_host_11734272273339620725,internal_q_, 9, 3727395, 3728326
get_time_,MAIN__, 10, 7243, 7579
kernel_host_9828195426201177678,internal_t_, 18, 5848996, 5856985
kernel_host_2403034596777470961,bcond6_, 18, 12452535, 12458725
external_el_,MAIN__, 50, 122243452, 122250876
kernel_host_5425075240490291438,bcond4_, 18, 14187836, 14194370
kernel_host_3203235421309124674,advave_, 10, 634729, 635352
kernel_host_18194556031340472576,external_update_, 2, 78261, 78297
kernel_host_4089695605558063454,internal_v_, 9, 248407, 248782
kernel_host_2077031470031862986,dens_, 11, 12600609, 12601984
kernel_host_6065031066545417016,internal_q_, 9, 3931056, 3934612
internal_t_,MAIN__, 18, 3848016864, 3848017438
baropg_,lateral_viscosity_, 10, 334242244, 334242708
baropg_,update_initial_, 1, 381059770, 381059785
kernel_host_5579468312897313468,bcond6_, 18, 13305064, 13307900
kernel_host_16004796625768757002,advave_, 10, 495030, 495976
kernel_host_16514618981259130990,internal_t_, 18, 6195022, 6196180
bcond2_ua_,external_ua_, 50, 112614666, 112619128
kernel_host_14841353772382616086,external_va_, 10, 1127995, 1129382
kernel_host_669428828628634244,baropg_, 11, 9242737, 9243753
kernel_host_8607595517187487955,bcond6_, 18, 12435371, 12442044
bcond4_,internal_t_, 18, 1254018462, 1254026948
kernel_host_14516561621248944045,update_initial_, 1, 209401, 209878
kernel_host_5189765816641970822,internal_u_, 9, 482589, 482775
kernel_host_5189765816641970822,internal_v_, 9, 471732, 471943
kernel_host_4181240233776583252,internal_q_, 9, 3477362, 3478226
kernel_host_4582267827303034181,internal_q_, 9, 2181887, 2184839
