external_update_,MAIN__, 50, 294503071, 294506123
surface_forcing_,MAIN__, 10, 8972426, 8973291
internal_u_,MAIN__, 9, 737212721, 737213486
__config_MOD_loadconfig,__variables_MOD_init_variables, 1, 5088319, 5088338
main,__libc_start_main, 1, 15696561444, 15727105695
init_fields_,MAIN__, 1, 52512, 52526
lateral_viscosity_,MAIN__, 10, 739980522, 739981454
mpi_barrier_,__variables_MOD_init_variables, 11, 21279104, 21281565
mpi_barrier_,MAIN__, 18, 41215624, 41217500
mpi_barrier_,read_init_, 20, 140232876, 140233727
external_ua_,MAIN__, 50, 197649150, 197654011
mpi_comm_rank_,MAIN__, 1, 1159, 1319
mpi_comm_size_,MAIN__, 1, 350, 380
mpi_get_processor_name_,MAIN__, 1, 4497, 4515
MPI_Init,MAIN__, 1, 2014940375, 2014940402
MPI_Irecv,external_update_, 50, 94461, 95397
MPI_Irecv,read_init_, 8, 14661, 15259
adjust_uv_,MAIN__, 9, 140518921, 140519800
smoth_update_,internal_q_, 9, 125578583, 125579925
MPI_Isend,external_update_, 80, 592519, 614624
MPI_Isend,internal_u_, 105, 1056809, 1090744
MPI_Isend,external_ua_, 253, 1192547, 1228897
MPI_Isend,dens_, 23, 149234, 149853
MPI_Isend,advave_, 140, 517059, 526523
MPI_Isend,external_va_, 213, 949223, 973465
MPI_Isend,bcond3_u_, 18, 152981, 160369
MPI_Isend,internal_q_, 90, 857691, 899333
MPI_Isend,bcond6_, 2, 27280, 28662
MPI_Isend,advct_, 140, 1212311, 1263079
MPI_Isend,MAIN__, 248, 1458829, 1466760
MPI_Isend,read_init_, 25, 182180, 182729
MPI_Isend,bcond3_v_, 9, 136412, 143705
MPI_Isend,internal_v_, 73, 582967, 600730
MPI_Isend,internal_t_, 95, 827002, 859787
MPI_Isend,baropg_, 45, 420200, 433701
MPI_Recv,internal_u_, 18, 30181749, 30182416
MPI_Recv,lateral_viscosity_, 20, 15478797, 15482305
MPI_Recv,external_ua_, 50, 4254397, 4258229
MPI_Recv,advave_, 100, 18498201, 18508048
MPI_Recv,internal_w_, 18, 3447593, 3456427
MPI_Recv,external_va_, 30, 1401935, 1403775
MPI_Recv,bcond3_u_, 18, 15923921, 15924500
MPI_Recv,internal_q_, 114, 30767002, 30778481
MPI_Recv,bcond6_, 2, 1547460, 1548918
MPI_Recv,advct_, 98, 32991753, 32998462
MPI_Recv,MAIN__, 64, 1416902, 1419202
MPI_Recv,bcond3_v_, 18, 5222825, 5223904
MPI_Recv,internal_v_, 18, 18535263, 18536030
MPI_Recv,external_el_, 160, 23000101, 23012977
MPI_Recv,internal_t_, 72, 113957481, 113960147
dens_,update_initial_, 1, 9389377, 9389876
dens_,MAIN__, 9, 75892931, 75893926
dens_,read_init_, 1, 309398706, 309398719
MPI_Send,external_update_, 50, 198087, 199023
MPI_Send,read_init_, 8, 59146, 59331
smoth_update1_,internal_t_, 18, 17566260, 17568931
advave_,mode_interaction_, 10, 153530770, 153537098
internal_w_,MAIN__, 9, 244048636, 244050783
MPI_Waitall,external_update_, 130, 941195, 948294
MPI_Waitall,internal_u_, 128, 15764598, 15775897
MPI_Waitall,external_ua_, 253, 1454450, 1471728
MPI_Waitall,dens_, 46, 114496, 115284
MPI_Waitall,advave_, 100, 605273, 610874
MPI_Waitall,external_va_, 213, 1343273, 1359024
MPI_Waitall,bcond3_u_, 18, 1001824, 1003754
MPI_Waitall,internal_q_, 90, 15009919, 15037542
MPI_Waitall,bcond6_, 2, 31674, 32063
MPI_Waitall,advct_, 127, 13828840, 13845654
MPI_Waitall,MAIN__, 400, 1294048, 1305160
MPI_Waitall,read_init_, 58, 130810, 132256
MPI_Waitall,bcond3_v_, 9, 4582166, 4586071
MPI_Waitall,internal_v_, 73, 11285160, 11291790
MPI_Waitall,internal_t_, 118, 13461812, 13483925
MPI_Waitall,baropg_, 68, 4461916, 4465608
lateral_bc_,MAIN__, 10, 5465, 7496
external_va_,MAIN__, 50, 143592992, 143598601
MPI_Barrier,external_update_, 7, 214585, 224748
MPI_Barrier,internal_u_, 8, 295164, 306856
MPI_Barrier,lateral_viscosity_, 1, 33870, 35312
MPI_Barrier,mpi_barrier_, 49, 202689321, 202691314
MPI_Barrier,external_ua_, 3, 184615, 188396
MPI_Barrier,adjust_uv_, 2, 57483, 60465
MPI_Barrier,smoth_update_, 1, 30457, 32240
MPI_Barrier,dens_, 9, 268470, 278430
MPI_Barrier,advave_, 5, 163943, 170044
MPI_Barrier,internal_w_, 2, 109735, 112884
MPI_Barrier,external_va_, 3, 89239, 93304
MPI_Barrier,bcond3_u_, 1, 29211, 30847
MPI_Barrier,adjust_ufvf_, 2, 63044, 65361
MPI_Barrier,internal_q_, 21, 725446, 796156
MPI_Barrier,bcond6_, 5, 152101, 160410
MPI_Barrier,advct_, 5, 204930, 210760
MPI_Barrier,update_initial_, 5, 192981, 198411
MPI_Barrier,mode_interaction_, 3, 86593, 89994
MPI_Barrier,bottom_friction_, 1, 28774, 30414
MPI_Barrier,read_init_, 1, 27489, 28859
MPI_Barrier,bcond1_, 1, 28464, 30056
MPI_Barrier,bcond3_v_, 1, 34959, 36135
MPI_Barrier,internal_v_, 5, 165692, 217831
MPI_Barrier,external_el_, 1, 30559, 31700
MPI_Barrier,internal_t_, 8, 331163, 341701
MPI_Barrier,baropg_, 6, 329887, 338092
MPI_Barrier,bcond2_ua_, 2, 69948, 72542
MPI_Barrier,bcond4_, 7, 299866, 309538
internal_update_,MAIN__, 10, 3868615, 3869784
MPI_Bcast,external_update_, 100, 899282, 902530
MPI_Bcast,read_init_, 58, 81329582, 81333920
bcond3_u_,internal_u_, 9, 70871511, 70876084
adjust_ufvf_,MAIN__, 9, 145950412, 145951279
MPI_Gather,external_update_, 50, 69979790, 69996330
internal_q_,MAIN__, 9, 2681280404, 2681281257
bcond6_,internal_q_, 9, 248847200, 248855011
advct_,lateral_viscosity_, 10, 328110898, 328111542
MPI_Comm_dup,read_init_, 50, 7851655, 7873967
update_initial_,MAIN__, 1, 371803781, 371803796
__variables_MOD_init_variables,MAIN__, 1, 4704461016, 4704461029
MPI_Comm_free,read_init_, 50, 394467, 465421
mode_interaction_,MAIN__, 10, 417168471, 417168939
MPI_Get_processor_name,mpi_get_processor_name_, 1, 3433, 3448
MAIN__,main, 1, 15696541298, 15696541672
MPI_Get_count,read_init_, 100, 303580, 374921
bottom_friction_,MAIN__, 1, 23541409, 23541422
read_init_,__variables_MOD_init_variables, 1, 4659596470, 4659596483
MPI_Type_commit,external_update_, 100, 2062572, 2067780
MPI_Type_commit,internal_u_, 23, 306741, 307610
MPI_Type_commit,dens_, 23, 294020, 295259
MPI_Type_commit,MAIN__, 184, 2461421, 2467435
MPI_Type_commit,read_init_, 117, 4168976, 4175193
MPI_Type_commit,internal_t_, 23, 302484, 303436
MPI_Type_commit,baropg_, 23, 295070, 296086
bcond1_,external_el_, 50, 33976259, 33983374
bcond3_v_,internal_v_, 9, 62254406, 62259392
MPI_Type_free,external_update_, 100, 107775, 110359
MPI_Type_free,internal_u_, 23, 20939, 21364
MPI_Type_free,dens_, 23, 20289, 20673
MPI_Type_free,MAIN__, 184, 174083, 177155
MPI_Type_free,read_init_, 117, 78320, 88869
MPI_Type_free,internal_t_, 23, 20775, 21187
MPI_Type_free,baropg_, 23, 19852, 20289
bcond2_va_,external_va_, 50, 28348296, 28352568
internal_v_,MAIN__, 9, 634349053, 634349915
MPI_Type_size,read_init_, 50, 77759, 91163
get_time_,MAIN__, 10, 8269, 8454
external_el_,MAIN__, 50, 96446920, 96453110
internal_t_,MAIN__, 18, 1944220947, 1944222344
baropg_,lateral_viscosity_, 10, 337320767, 337322977
baropg_,update_initial_, 1, 181335246, 181335410
bcond2_ua_,external_ua_, 50, 77962629, 77970647
bcond4_,internal_t_, 18, 489253914, 489269769
