external_update_,MAIN__, 50, 375157984, 375163524
surface_forcing_,MAIN__, 10, 21189936, 21190193
internal_u_,MAIN__, 9, 3227131518, 3227132533
__config_MOD_loadconfig,__variables_MOD_init_variables, 1, 4739692, 4739710
main,__libc_start_main, 1, 44654081800, 44684486461
init_fields_,MAIN__, 1, 51408, 51421
lateral_viscosity_,MAIN__, 10, 2993870063, 2993870504
mpi_barrier_,__variables_MOD_init_variables, 11, 1003450, 1005801
mpi_barrier_,MAIN__, 18, 15542460, 15543565
mpi_barrier_,read_init_, 20, 16443610, 16444938
external_ua_,MAIN__, 50, 345334118, 345339503
mpi_comm_rank_,MAIN__, 1, 1310, 1413
mpi_comm_size_,MAIN__, 1, 329, 353
mpi_get_processor_name_,MAIN__, 1, 4764, 4779
MPI_Init,MAIN__, 1, 2020284880, 2020284894
MPI_Irecv,external_update_, 50, 95429, 97150
MPI_Irecv,read_init_, 8, 14703, 14851
adjust_uv_,MAIN__, 9, 617179912, 617180301
smoth_update_,internal_q_, 9, 126872069, 126873663
MPI_Isend,external_update_, 80, 523432, 543893
MPI_Isend,internal_u_, 85, 815534, 849101
MPI_Isend,external_ua_, 253, 1168668, 1211538
MPI_Isend,dens_, 3, 32540, 32595
MPI_Isend,advave_, 140, 522703, 536585
MPI_Isend,external_va_, 213, 1021934, 1042618
MPI_Isend,bcond3_u_, 18, 165042, 173668
MPI_Isend,internal_q_, 90, 889430, 934801
MPI_Isend,bcond6_, 2, 25599, 27069
MPI_Isend,advct_, 140, 1201811, 1257814
MPI_Isend,MAIN__, 88, 506227, 511944
MPI_Isend,read_init_, 5, 54007, 54126
MPI_Isend,bcond3_v_, 9, 122536, 130713
MPI_Isend,internal_v_, 73, 555492, 578016
MPI_Isend,internal_t_, 75, 756432, 792596
MPI_Isend,baropg_, 25, 280214, 295092
MPI_Recv,internal_u_, 18, 79372643, 79373269
MPI_Recv,lateral_viscosity_, 20, 119597858, 119600523
MPI_Recv,external_ua_, 50, 1219677, 1223391
MPI_Recv,advave_, 100, 3743616, 3756034
MPI_Recv,internal_w_, 18, 7031151, 7039814
MPI_Recv,external_va_, 30, 1216247, 1218108
MPI_Recv,bcond3_u_, 18, 63116000, 63116713
MPI_Recv,internal_q_, 114, 61943128, 61953674
MPI_Recv,bcond6_, 2, 1316329, 1317965
MPI_Recv,advct_, 98, 21310830, 21317501
MPI_Recv,MAIN__, 64, 1288069, 1289698
MPI_Recv,bcond3_v_, 18, 66454005, 66455330
MPI_Recv,internal_v_, 18, 94955532, 94956182
MPI_Recv,external_el_, 160, 19374979, 19394850
MPI_Recv,internal_t_, 72, 696549269, 696551688
dens_,update_initial_, 1, 50143802, 50144277
dens_,MAIN__, 9, 439227107, 439227942
dens_,read_init_, 1, 265247225, 265247238
MPI_Send,external_update_, 50, 196428, 197466
MPI_Send,read_init_, 8, 59984, 60137
smoth_update1_,internal_t_, 18, 106875151, 106876633
advave_,mode_interaction_, 10, 162141671, 162146968
internal_w_,MAIN__, 9, 1216152956, 1216155410
MPI_Waitall,external_update_, 130, 4686270, 4690924
MPI_Waitall,internal_u_, 88, 280094857, 280105752
MPI_Waitall,external_ua_, 253, 23439513, 23460027
MPI_Waitall,dens_, 6, 30832, 30947
MPI_Waitall,advave_, 100, 3690261, 3697320
MPI_Waitall,external_va_, 213, 12984768, 12998417
MPI_Waitall,bcond3_u_, 18, 41748, 45437
MPI_Waitall,internal_q_, 90, 651337, 706396
MPI_Waitall,bcond6_, 2, 1162736, 1163115
MPI_Waitall,advct_, 127, 8089619, 8110447
MPI_Waitall,MAIN__, 80, 562360, 570725
MPI_Waitall,read_init_, 18, 122599, 123038
MPI_Waitall,bcond3_v_, 9, 45499, 51698
MPI_Waitall,internal_v_, 73, 53519416, 53527590
MPI_Waitall,internal_t_, 78, 380388, 410842
MPI_Waitall,baropg_, 28, 33754560, 33757773
lateral_bc_,MAIN__, 10, 6008, 8010
external_va_,MAIN__, 50, 257525240, 257530399
MPI_Barrier,external_update_, 7, 200034, 208370
MPI_Barrier,internal_u_, 8, 22826556, 22832997
MPI_Barrier,lateral_viscosity_, 1, 31210, 32964
MPI_Barrier,mpi_barrier_, 49, 32956923, 32958409
MPI_Barrier,external_ua_, 3, 86387, 90822
MPI_Barrier,adjust_uv_, 2, 54346, 55952
MPI_Barrier,smoth_update_, 1, 28180, 28926
MPI_Barrier,dens_, 9, 257029, 268989
MPI_Barrier,advave_, 5, 159597, 166411
MPI_Barrier,internal_w_, 2, 57412, 59684
MPI_Barrier,external_va_, 3, 90141, 94322
MPI_Barrier,bcond3_u_, 1, 28575, 29253
MPI_Barrier,adjust_ufvf_, 2, 59917, 61417
MPI_Barrier,internal_q_, 21, 583613, 602068
MPI_Barrier,bcond6_, 5, 144199, 149364
MPI_Barrier,advct_, 5, 143644, 151392
MPI_Barrier,update_initial_, 5, 144140, 151312
MPI_Barrier,mode_interaction_, 3, 87195, 91102
MPI_Barrier,bottom_friction_, 1, 28797, 30852
MPI_Barrier,read_init_, 1, 26343, 27335
MPI_Barrier,bcond1_, 1, 28047, 30124
MPI_Barrier,bcond3_v_, 1, 34070, 34819
MPI_Barrier,internal_v_, 5, 8091686, 8096142
MPI_Barrier,external_el_, 1, 28922, 29916
MPI_Barrier,internal_t_, 8, 230308, 237321
MPI_Barrier,baropg_, 6, 2185467, 2194702
MPI_Barrier,bcond2_ua_, 2, 59224, 62375
MPI_Barrier,bcond4_, 7, 190876, 197904
internal_update_,MAIN__, 10, 12445110, 12445641
MPI_Bcast,external_update_, 100, 1040885, 1045968
MPI_Bcast,read_init_, 58, 5300986, 5302290
bcond3_u_,internal_u_, 9, 205367248, 205371440
adjust_ufvf_,MAIN__, 9, 694247019, 694247837
MPI_Gather,external_update_, 50, 17653115, 17683332
internal_q_,MAIN__, 9, 11639163410, 11639164092
bcond6_,internal_q_, 9, 741674020, 741680866
advct_,lateral_viscosity_, 10, 657908629, 657909436
MPI_Comm_dup,read_init_, 50, 4206566, 4231675
update_initial_,MAIN__, 1, 618487821, 618487991
__variables_MOD_init_variables,MAIN__, 1, 6350738644, 6350738670
MPI_Comm_free,read_init_, 50, 279995, 305069
mode_interaction_,MAIN__, 10, 1563389689, 1563390630
MPI_Get_processor_name,mpi_get_processor_name_, 1, 3758, 3778
MAIN__,main, 1, 44654062414, 44654062609
MPI_Get_count,read_init_, 100, 289773, 352221
bottom_friction_,MAIN__, 1, 27181100, 27181126
read_init_,__variables_MOD_init_variables, 1, 6238781136, 6238781149
MPI_Type_commit,external_update_, 100, 1896126, 1901972
MPI_Type_commit,internal_u_, 3, 55659, 56032
MPI_Type_commit,dens_, 3, 52239, 52602
MPI_Type_commit,MAIN__, 24, 426789, 430165
MPI_Type_commit,read_init_, 97, 4674884, 4679933
MPI_Type_commit,internal_t_, 3, 54531, 54892
MPI_Type_commit,baropg_, 3, 51802, 52172
bcond1_,external_el_, 50, 42211521, 42224449
bcond3_v_,internal_v_, 9, 182011122, 182016901
MPI_Type_free,external_update_, 100, 102494, 104125
MPI_Type_free,internal_u_, 3, 4541, 4598
MPI_Type_free,dens_, 3, 3339, 3389
MPI_Type_free,MAIN__, 24, 31156, 31641
MPI_Type_free,read_init_, 97, 60680, 66746
MPI_Type_free,internal_t_, 3, 4156, 4209
MPI_Type_free,baropg_, 3, 3016, 3069
bcond2_va_,external_va_, 50, 70115706, 70123914
internal_v_,MAIN__, 9, 2905821817, 2905823512
MPI_Type_size,read_init_, 50, 104554, 125787
get_time_,MAIN__, 10, 8065, 8515
external_el_,MAIN__, 50, 121223419, 121226872
internal_t_,MAIN__, 18, 9136245715, 9136246674
baropg_,lateral_viscosity_, 10, 2029805591, 2029807628
baropg_,update_initial_, 1, 344427697, 344427713
bcond2_ua_,external_ua_, 50, 121709528, 121722504
bcond4_,internal_t_, 18, 1765297873, 1765312770
