kernel_host_17506849007025892946,external_update_, 1, 83026, 83533
kernel_host_17876976960434219323,dens_, 11, 19568375, 19569386
external_update_,MAIN__, 50, 1178608175, 1178609154
kernel_host_11974978034716845838,baropg_, 11, 70800073, 70801140
surface_forcing_,MAIN__, 10, 19060775, 19061835
internal_u_,MAIN__, 9, 5032171248, 5032171515
kernel_host_2904305052371605897,lateral_viscosity_, 10, 92861051, 92861335
kernel_host_18056069231970590520,external_va_, 50, 31176924, 31180393
kernel_host_11313705801899030046,internal_u_, 9, 15788168, 15789011
kernel_host_17356059520636453398,external_ua_, 50, 24027887, 24033431
kernel_host_10227889028461526473,external_ua_, 10, 5783712, 5784074
sw_memcpy_host,external_update_, 3, 183839, 183918
sw_memcpy_host,surface_forcing_, 2, 125906, 127486
sw_memcpy_host,internal_u_, 144, 13291084, 13679620
sw_memcpy_host,adjust_uv_, 18, 1009320, 1017550
sw_memcpy_host,smoth_update_, 18, 8673877, 8674275
sw_memcpy_host,smoth_update1_, 18, 8406034, 8406573
sw_memcpy_host,internal_w_, 9, 3990991, 3997949
sw_memcpy_host,internal_update_, 60, 4100598, 4104726
sw_memcpy_host,bcond3_u_, 18, 4741883, 4743058
sw_memcpy_host,adjust_ufvf_, 54, 19881949, 19900893
sw_memcpy_host,internal_q_, 36, 12854354, 12864160
sw_memcpy_host,bcond6_, 18, 8382685, 8384127
sw_memcpy_host,update_initial_, 15, 4132840, 4136875
sw_memcpy_host,__variables_MOD_init_variables, 117, 23836722, 23845260
sw_memcpy_host,mode_interaction_, 50, 2592400, 2618460
sw_memcpy_host,read_init_, 3, 545618, 545890
sw_memcpy_host,bcond3_v_, 18, 5941586, 5942383
sw_memcpy_host,bcond2_va_, 150, 9268107, 9281343
sw_memcpy_host,internal_v_, 144, 14003655, 14023102
sw_memcpy_host,internal_t_, 252, 26165720, 26211042
sw_memcpy_host,baropg_, 22, 1036724, 1042157
sw_memcpy_host,bcond2_ua_, 150, 9429482, 9444061
sw_memcpy_host,bcond4_, 54, 26515471, 26529355
kernel_host_11078693922887474255,bcond1_, 50, 3914759, 3927081
kernel_host_11078693922887474255,bcond2_va_, 50, 3827533, 3836571
kernel_host_11078693922887474255,bcond2_ua_, 50, 3984930, 3996627
kernel_host_13095133616550115949,internal_u_, 9, 7906761, 7907074
kernel_host_13095133616550115949,internal_v_, 9, 8051381, 8051786
kernel_host_13095133616550115949,internal_t_, 18, 16001088, 16001445
kernel_host_10018654585745270947,advct_, 10, 70885816, 70886473
__config_MOD_loadconfig,__variables_MOD_init_variables, 1, 7101960, 7101972
kernel_host_14913372915240065947,internal_t_, 18, 165114130, 165115276
kernel_host_9476223794341086031,bcond6_, 18, 66877037, 66880176
main,__libc_start_main, 1, 77636161252, 77666573300
kernel_host_3118027215046091878,bottom_friction_, 1, 301506, 301818
init_fields_,MAIN__, 1, 52481, 52494
lateral_viscosity_,MAIN__, 10, 5145481097, 5145481248
kernel_host_940921560178879518,dens_, 11, 11754808, 11755052
kernel_host_940921560178879518,internal_q_, 9, 9547229, 9550745
kernel_host_4654656141485052332,bcond3_u_, 9, 37374429, 37375604
mpi_barrier_,__variables_MOD_init_variables, 11, 49961495, 49963180
mpi_barrier_,MAIN__, 18, 1915200007, 1915201253
mpi_barrier_,read_init_, 20, 139697890, 139699050
kernel_host_2895507310617246303,external_va_, 10, 2383504, 2385936
kernel_host_1711344829487799974,bcond4_, 18, 73066082, 73072730
external_ua_,MAIN__, 50, 286379265, 286383066
mpi_comm_rank_,MAIN__, 1, 1469, 1697
kernel_host_13054536613402403077,internal_q_, 9, 1455557, 1455916
kernel_host_8383241828137858514,internal_t_, 18, 3465366, 3465657
kernel_host_10908567227736662191,read_init_, 1, 982794, 982876
mpi_comm_size_,MAIN__, 1, 305, 329
kernel_host_11544715019137345953,adjust_uv_, 9, 12348267, 12348697
kernel_host_5354701768032446803,mode_interaction_, 10, 965275, 966578
kernel_host_8054816732667103883,bcond4_, 18, 74198239, 74205599
mpi_get_processor_name_,MAIN__, 1, 4561, 4670
kernel_host_18092185543702176767,internal_v_, 9, 44180443, 44180617
kernel_host_5305202362360132607,internal_q_, 9, 13635771, 13639331
MPI_Init,MAIN__, 1, 2089627166, 2089627180
kernel_host_6495952187057350598,internal_u_, 9, 8895440, 8895835
kernel_host_16025009267156524296,external_ua_, 10, 1740376, 1741764
kernel_host_14930920824767543618,advct_, 10, 80314033, 80314936
MPI_Irecv,external_update_, 50, 96568, 97932
MPI_Irecv,read_init_, 8, 14569, 15047
adjust_uv_,MAIN__, 9, 1597057658, 1597058090
kernel_host_17572185407420011884,bcond6_, 18, 18308291, 18312250
kernel_host_3362328253860953284,dens_, 33, 45207273, 45209200
kernel_host_3362328253860953284,internal_t_, 18, 24747213, 24755338
kernel_host_16474014825694923176,bcond4_, 36, 171268056, 171284072
smoth_update_,internal_q_, 9, 81566182, 81566600
MPI_Isend,external_update_, 2, 26128, 27097
MPI_Isend,internal_u_, 481, 3123746, 3153041
MPI_Isend,external_ua_, 90, 780503, 791501
MPI_Isend,dens_, 399, 2342469, 2350473
MPI_Isend,advave_, 86, 432637, 438658
MPI_Isend,external_va_, 88, 694489, 705803
MPI_Isend,bcond3_u_, 18, 176940, 182801
MPI_Isend,internal_q_, 90, 932606, 963438
MPI_Isend,bcond6_, 2, 27418, 28489
MPI_Isend,advct_, 140, 1286171, 1325453
MPI_Isend,MAIN__, 3256, 18908655, 18980254
MPI_Isend,read_init_, 401, 2534526, 2543189
MPI_Isend,bcond3_v_, 9, 135458, 139470
MPI_Isend,internal_v_, 73, 583123, 595512
MPI_Isend,internal_t_, 471, 3011086, 3040352
MPI_Isend,baropg_, 421, 2654597, 2670917
kernel_host_6678857161791714567,internal_v_, 9, 1779831, 1781004
kernel_host_3056794744720896216,internal_u_, 9, 11284138, 11287767
kernel_host_3056794744720896216,internal_v_, 9, 11283675, 11287607
kernel_host_10497226412570990612,adjust_ufvf_, 18, 39936200, 39936758
MPI_Recv,internal_u_, 18, 48076799, 48077502
MPI_Recv,lateral_viscosity_, 20, 194801370, 194803447
MPI_Recv,external_ua_, 15, 882842, 883170
MPI_Recv,advave_, 28, 31552107, 31555259
MPI_Recv,internal_w_, 18, 171514927, 171518901
MPI_Recv,external_va_, 13, 10667912, 10668521
MPI_Recv,bcond3_u_, 18, 610609724, 610610151
MPI_Recv,internal_q_, 114, 180757511, 180765264
MPI_Recv,bcond6_, 2, 5779114, 5779858
MPI_Recv,advct_, 98, 59850783, 59857564
MPI_Recv,MAIN__, 64, 5080110, 5082526
MPI_Recv,bcond3_v_, 18, 206187321, 206188451
MPI_Recv,internal_v_, 18, 87212541, 87213162
MPI_Recv,external_el_, 4, 4418366, 4418713
MPI_Recv,internal_t_, 72, 796851226, 796853655
kernel_host_561946464185660303,update_initial_, 1, 1101924, 1102460
dens_,update_initial_, 1, 24190420, 24190434
dens_,MAIN__, 9, 209628364, 209628505
dens_,read_init_, 1, 348218788, 348218802
kernel_host_7666798020544911213,external_update_, 10, 773022, 774003
kernel_host_3801595614667731380,bcond4_, 18, 68706215, 68714190
MPI_Send,external_update_, 50, 176791, 177827
MPI_Send,read_init_, 8, 199165, 199814
kernel_host_17675233011309389831,internal_w_, 9, 27608925, 27609647
kernel_host_15379746689016184240,baropg_, 11, 25886906, 25890155
kernel_host_8976449558737060572,internal_q_, 18, 31379499, 31380907
smoth_update1_,internal_t_, 18, 47553655, 47554094
kernel_host_12880096600322512940,internal_u_, 9, 38825346, 38826112
advave_,mode_interaction_, 10, 745033259, 745033481
kernel_host_17600160524251074110,internal_u_, 9, 11179780, 11183540
kernel_host_17600160524251074110,internal_v_, 9, 11198241, 11203108
kernel_host_17600160524251074110,internal_t_, 18, 22411333, 22418266
internal_w_,MAIN__, 9, 3333841253, 3333843290
kernel_host_10447168533120541692,internal_u_, 9, 754867, 755117
kernel_host_10447168533120541692,internal_v_, 9, 761710, 761958
kernel_host_10447168533120541692,internal_t_, 18, 1664683, 1665240
MPI_Waitall,external_update_, 52, 216716, 218205
MPI_Waitall,internal_u_, 880, 746525652, 746542905
MPI_Waitall,external_ua_, 90, 41965809, 41968605
MPI_Waitall,dens_, 798, 2799906, 2814174
MPI_Waitall,advave_, 64, 531847770, 531849679
MPI_Waitall,external_va_, 88, 40915530, 40918770
MPI_Waitall,bcond3_u_, 18, 1007506122, 1007507740
MPI_Waitall,internal_q_, 90, 530644367, 530671348
MPI_Waitall,bcond6_, 2, 1655982, 1656025
MPI_Waitall,advct_, 127, 50088460, 50096909
MPI_Waitall,MAIN__, 6416, 23536369, 23655848
MPI_Waitall,read_init_, 810, 2939137, 2953224
MPI_Waitall,bcond3_v_, 9, 163687597, 163691481
MPI_Waitall,internal_v_, 73, 884512962, 884515835
MPI_Waitall,internal_t_, 870, 681632887, 681667107
MPI_Waitall,baropg_, 820, 15983833, 15998434
kernel_host_11180554648481108675,internal_q_, 9, 1462174, 1465100
kernel_host_12580761429086804727,advave_, 10, 2727161, 2727581
kernel_host_14171480367845884996,adjust_uv_, 18, 18006320, 18011512
kernel_host_14171480367845884996,update_initial_, 2, 1957029, 1957436
kernel_host_14171480367845884996,mode_interaction_, 50, 50045399, 50046568
kernel_host_6269904581008346741,internal_q_, 9, 29861286, 29862009
kernel_host_7809988743068049318,advave_, 10, 2429727, 2430821
lateral_bc_,MAIN__, 10, 5880, 6114
kernel_host_5341804159594033185,internal_u_, 9, 8968185, 8972762
kernel_host_5341804159594033185,bcond3_u_, 9, 9044790, 9049014
kernel_host_5341804159594033185,bcond3_v_, 9, 9161697, 9165817
kernel_host_5341804159594033185,internal_v_, 9, 9714519, 9719623
kernel_host_5341804159594033185,bcond4_, 18, 18148961, 18155872
kernel_host_7756675061965279120,baropg_, 11, 12796585, 12803653
kernel_host_167483268786796797,internal_q_, 9, 21782523, 21783313
external_va_,MAIN__, 50, 253246702, 253250423
kernel_host_14523175272559072737,internal_q_, 9, 8721250, 8722207
MPI_Barrier,external_update_, 7, 39283417, 39293985
MPI_Barrier,internal_u_, 8, 152630261, 152641642
MPI_Barrier,lateral_viscosity_, 1, 29206, 30857
MPI_Barrier,mpi_barrier_, 49, 2104819989, 2104821790
MPI_Barrier,external_ua_, 3, 11403418, 11407682
MPI_Barrier,adjust_uv_, 2, 6999397, 7003035
MPI_Barrier,smoth_update_, 1, 29780, 31256
MPI_Barrier,dens_, 9, 86313274, 86371069
MPI_Barrier,advave_, 5, 11034428, 11042039
MPI_Barrier,internal_w_, 2, 18012607, 18015802
MPI_Barrier,external_va_, 3, 8203342, 8207112
MPI_Barrier,bcond3_u_, 1, 14660683, 14662050
MPI_Barrier,adjust_ufvf_, 2, 3207273, 3210161
MPI_Barrier,internal_q_, 21, 490374990, 490402241
MPI_Barrier,bcond6_, 5, 19569379, 19576320
MPI_Barrier,advct_, 5, 157378, 163042
MPI_Barrier,update_initial_, 5, 7889171, 7897882
MPI_Barrier,mode_interaction_, 3, 9296617, 9300863
MPI_Barrier,bottom_friction_, 1, 28520, 30173
MPI_Barrier,read_init_, 1, 28668, 29873
MPI_Barrier,bcond1_, 1, 2173903, 2175200
MPI_Barrier,bcond3_v_, 1, 32813, 34617
MPI_Barrier,internal_v_, 5, 6322282, 6330854
MPI_Barrier,external_el_, 1, 34545860, 34547286
MPI_Barrier,internal_t_, 8, 25434574, 25446391
MPI_Barrier,baropg_, 6, 22752537, 22805226
MPI_Barrier,bcond2_ua_, 2, 1773069, 1776621
MPI_Barrier,bcond4_, 7, 18165885, 18176737
kernel_host_928901692857333394,dens_, 11, 20403951, 20404835
kernel_host_3904638810941265799,internal_q_, 9, 8898132, 8909425
internal_update_,MAIN__, 10, 6675254, 6676004
kernel_host_2668086296973077183,internal_q_, 9, 18179692, 18184254
kernel_host_15777227199745514466,mode_interaction_, 20, 1539186, 1540764
MPI_Bcast,external_update_, 100, 831362, 835278
MPI_Bcast,read_init_, 58, 90805106, 90807078
kernel_host_2704996265738245537,internal_w_, 9, 10070074, 10073586
kernel_host_7338183325372557907,internal_q_, 18, 219601049, 219603450
bcond3_u_,internal_u_, 9, 1733625517, 1733626129
kernel_host_13670386984375334520,bcond2_va_, 50, 7084928, 7087398
kernel_host_13670386984375334520,bcond2_ua_, 50, 7128850, 7134256
kernel_host_14960680749554967015,internal_u_, 9, 556813, 557345
adjust_ufvf_,MAIN__, 9, 2545506177, 2545506320
MPI_Gather,external_update_, 50, 911132583, 911152163
kernel_host_13005850972175828160,adjust_uv_, 9, 12548349, 12548681
kernel_host_4023198913931606276,update_initial_, 1, 62875, 63459
kernel_host_4023198913931606276,mode_interaction_, 10, 559325, 559705
internal_q_,MAIN__, 9, 10971336765, 10971338127
kernel_host_9872960228072659106,bcond4_, 36, 171383619, 171390832
kernel_host_17156898055338419057,advct_, 10, 25100688, 25103604
bcond6_,internal_q_, 9, 490345642, 490349825
advct_,lateral_viscosity_, 10, 563786408, 563787194
kernel_host_7004053664364030334,external_update_, 3, 353211, 353835
MPI_Comm_dup,read_init_, 50, 31253817, 31278990
update_initial_,MAIN__, 1, 598198874, 598198887
kernel_host_13678541340789269977,external_update_, 1, 77903, 77923
kernel_host_13678541340789269977,internal_update_, 20, 1505067, 1505796
kernel_host_13678541340789269977,internal_q_, 9, 788645, 788871
kernel_host_13678541340789269977,update_initial_, 2, 158642, 159175
kernel_host_13678541340789269977,internal_t_, 18, 1402499, 1402988
kernel_host_677570178439262390,advave_, 10, 2299616, 2300269
__variables_MOD_init_variables,MAIN__, 1, 16506301909, 16506301922
kernel_host_5251974738527917755,internal_u_, 9, 1550230, 1550420
MPI_Comm_free,read_init_, 50, 623299, 655521
kernel_host_18110621675970109649,internal_q_, 9, 13555119, 13555743
kernel_host_2998007382017772732,dens_, 11, 30793543, 30794662
kernel_host_18070178787332596206,internal_q_, 9, 33005346, 33006154
kernel_host_11735378529907380392,internal_v_, 9, 18615596, 18616715
kernel_host_11711072112829525569,internal_q_, 9, 704699, 708764
kernel_host_5742318362719794899,mode_interaction_, 10, 808724, 810190
mode_interaction_,MAIN__, 10, 7035028693, 7035029565
kernel_host_533893640144992498,advct_, 10, 23734116, 23737344
kernel_host_11243618430834388333,external_update_, 1, 111039, 111133
kernel_host_13767876723361870048,smoth_update_, 18, 38340967, 38343082
kernel_host_13767876723361870048,smoth_update1_, 18, 37901475, 37902325
kernel_host_14772865060589351907,advct_, 10, 32621552, 32625914
kernel_host_13527600874346049264,dens_, 22, 21288730, 21289990
kernel_host_1406632355128019739,external_el_, 50, 12625169, 12634219
kernel_host_7308789819381199256,internal_v_, 9, 12390753, 12390994
kernel_host_13029536952378754949,internal_q_, 9, 68156399, 68161849
MPI_Get_processor_name,mpi_get_processor_name_, 1, 3569, 3582
kernel_host_5285627496081891117,dens_, 11, 12449202, 12450037
MAIN__,main, 1, 77636142247, 77636142447
kernel_host_4064066695173842015,baropg_, 11, 12309705, 12315190
kernel_host_10878038741274582305,internal_q_, 18, 17279718, 17283976
kernel_host_9870073709680686895,internal_q_, 9, 18398614, 18403022
MPI_Get_count,read_init_, 100, 299861, 374506
kernel_host_17988520462433045664,baropg_, 11, 17908227, 17912723
kernel_host_1513189204643337441,external_update_, 10, 590968, 593161
kernel_host_1513189204643337441,internal_q_, 18, 1016482, 1017012
bottom_friction_,MAIN__, 1, 38678780, 38678794
read_init_,__variables_MOD_init_variables, 1, 16386700926, 16386700941
kernel_host_5613771957553797452,external_update_, 10, 973454, 974592
kernel_host_11785900214035726808,adjust_ufvf_, 18, 32552821, 32555576
MPI_Type_commit,external_update_, 100, 1865417, 1869584
MPI_Type_commit,internal_u_, 399, 4712212, 4724230
MPI_Type_commit,dens_, 399, 4703668, 4715360
MPI_Type_commit,MAIN__, 3192, 37565795, 37682566
MPI_Type_commit,read_init_, 493, 9942365, 9959512
MPI_Type_commit,internal_t_, 399, 4768808, 4780697
MPI_Type_commit,baropg_, 399, 4829599, 4842067
bcond1_,external_el_, 50, 39218719, 39223911
bcond3_v_,internal_v_, 9, 472433823, 472434006
kernel_host_6151473719594853315,internal_u_, 9, 1184281, 1184490
kernel_host_6151473719594853315,internal_v_, 9, 1203547, 1203790
kernel_host_6151473719594853315,internal_t_, 18, 2517150, 2517810
MPI_Type_free,external_update_, 100, 104000, 106148
MPI_Type_free,internal_u_, 399, 354918, 362326
MPI_Type_free,dens_, 399, 343719, 350616
MPI_Type_free,MAIN__, 3192, 2822354, 2878411
MPI_Type_free,read_init_, 493, 397176, 410888
MPI_Type_free,internal_t_, 399, 358415, 366395
MPI_Type_free,baropg_, 399, 350708, 357729
bcond2_va_,external_va_, 50, 44074616, 44076167
internal_v_,MAIN__, 9, 9695905464, 9695905778
kernel_host_149332173039792024,internal_u_, 9, 696095, 696430
kernel_host_149332173039792024,internal_v_, 9, 753890, 754363
kernel_host_2769894380674479461,bcond2_va_, 50, 6829890, 6836193
kernel_host_2769894380674479461,bcond2_ua_, 50, 7021405, 7031271
MPI_Type_size,read_init_, 50, 86328, 107238
kernel_host_11364641885718042762,internal_q_, 9, 15087400, 15090628
kernel_host_14742595204480865565,bcond3_v_, 9, 23611888, 23616160
kernel_host_14177333148799137211,dens_, 11, 23619840, 23620918
kernel_host_11734272273339620725,internal_q_, 9, 18497720, 18498434
get_time_,MAIN__, 10, 7991, 8581
kernel_host_9828195426201177678,internal_t_, 18, 29028752, 29036063
kernel_host_2403034596777470961,bcond6_, 18, 61589628, 61595907
external_el_,MAIN__, 50, 133060669, 133065490
kernel_host_5425075240490291438,bcond4_, 18, 74160362, 74166832
kernel_host_3203235421309124674,advave_, 10, 2294413, 2294903
kernel_host_18194556031340472576,external_update_, 1, 122853, 122873
kernel_host_4089695605558063454,internal_v_, 9, 692906, 693817
kernel_host_2077031470031862986,dens_, 11, 65019899, 65021252
kernel_host_6065031066545417016,internal_q_, 9, 19858786, 19863785
internal_t_,MAIN__, 18, 8853714365, 8853715565
baropg_,lateral_viscosity_, 10, 4252219099, 4252219821
baropg_,update_initial_, 1, 359968917, 359968935
kernel_host_5579468312897313468,bcond6_, 18, 67890689, 67895452
kernel_host_16004796625768757002,advave_, 10, 1763152, 1764745
kernel_host_16514618981259130990,internal_t_, 18, 31550633, 31552532
bcond2_ua_,external_ua_, 50, 97834429, 97838807
kernel_host_14841353772382616086,external_va_, 10, 4335830, 4337148
kernel_host_669428828628634244,baropg_, 11, 46953846, 46954609
kernel_host_8607595517187487955,bcond6_, 18, 61675310, 61683409
bcond4_,internal_t_, 18, 1141257704, 1141266755
kernel_host_14516561621248944045,update_initial_, 1, 1004298, 1004803
kernel_host_5189765816641970822,internal_u_, 9, 1652262, 1652440
kernel_host_5189765816641970822,internal_v_, 9, 1654190, 1654335
kernel_host_4181240233776583252,internal_q_, 9, 17120074, 17120782
kernel_host_4582267827303034181,internal_q_, 9, 10223930, 10228490
