external_update_,MAIN__, 50, 361661426, 361664560
surface_forcing_,MAIN__, 10, 7696274, 7696883
internal_u_,MAIN__, 9, 561645540, 561646411
__config_MOD_loadconfig,__variables_MOD_init_variables, 1, 5674344, 5674369
main,__libc_start_main, 1, 13779475133, 13809914355
init_fields_,MAIN__, 1, 52461, 52474
lateral_viscosity_,MAIN__, 10, 587698412, 587698936
mpi_barrier_,__variables_MOD_init_variables, 11, 17722494, 17725639
mpi_barrier_,MAIN__, 18, 47489518, 47491837
mpi_barrier_,read_init_, 20, 97753524, 97756076
external_ua_,MAIN__, 50, 242294590, 242297928
mpi_comm_rank_,MAIN__, 1, 1272, 1396
mpi_comm_size_,MAIN__, 1, 317, 343
mpi_get_processor_name_,MAIN__, 1, 4065, 4080
MPI_Init,MAIN__, 1, 2021523603, 2021523627
MPI_Irecv,external_update_, 50, 94414, 95793
MPI_Irecv,read_init_, 8, 17251, 17661
adjust_uv_,MAIN__, 9, 118510936, 118511944
smoth_update_,internal_q_, 9, 42493216, 42494497
MPI_Isend,external_update_, 80, 598468, 620392
MPI_Isend,internal_u_, 129, 1112507, 1142799
MPI_Isend,external_ua_, 253, 1070995, 1105429
MPI_Isend,dens_, 47, 279323, 280266
MPI_Isend,advave_, 140, 507443, 515991
MPI_Isend,external_va_, 213, 974118, 995360
MPI_Isend,bcond3_u_, 18, 155734, 164290
MPI_Isend,internal_q_, 90, 688842, 724400
MPI_Isend,bcond6_, 2, 29030, 30530
MPI_Isend,advct_, 140, 1069677, 1110300
MPI_Isend,MAIN__, 440, 2485011, 2497851
MPI_Isend,read_init_, 49, 329541, 330563
MPI_Isend,bcond3_v_, 9, 136716, 143219
MPI_Isend,internal_v_, 73, 537883, 553989
MPI_Isend,internal_t_, 119, 840455, 867173
MPI_Isend,baropg_, 69, 554255, 568079
MPI_Recv,internal_u_, 18, 7267602, 7268241
MPI_Recv,lateral_viscosity_, 20, 9852387, 9855062
MPI_Recv,external_ua_, 50, 13681034, 13684558
MPI_Recv,advave_, 100, 22778910, 22787619
MPI_Recv,internal_w_, 18, 10440875, 10445554
MPI_Recv,external_va_, 30, 2802278, 2803794
MPI_Recv,bcond3_u_, 18, 2890289, 2891235
MPI_Recv,internal_q_, 114, 56873658, 56883884
MPI_Recv,bcond6_, 2, 51557, 53113
MPI_Recv,advct_, 98, 22378913, 22386241
MPI_Recv,MAIN__, 64, 982675, 984356
MPI_Recv,bcond3_v_, 18, 6525795, 6526660
MPI_Recv,internal_v_, 18, 2511220, 2511928
MPI_Recv,external_el_, 160, 21471334, 21483270
MPI_Recv,internal_t_, 72, 13100167, 13102609
dens_,update_initial_, 1, 5830130, 5830660
dens_,MAIN__, 9, 44362421, 44363482
dens_,read_init_, 1, 320921791, 320921806
MPI_Send,external_update_, 50, 190204, 191164
MPI_Send,read_init_, 8, 262931, 263252
smoth_update1_,internal_t_, 18, 10139308, 10141073
advave_,mode_interaction_, 10, 303410059, 303415740
internal_w_,MAIN__, 9, 196211623, 196213516
MPI_Waitall,external_update_, 130, 849066, 854443
MPI_Waitall,internal_u_, 176, 5772713, 5783917
MPI_Waitall,external_ua_, 253, 1385976, 1400831
MPI_Waitall,dens_, 94, 226761, 228382
MPI_Waitall,advave_, 100, 640037, 645442
MPI_Waitall,external_va_, 213, 1300024, 1313955
MPI_Waitall,bcond3_u_, 18, 3287497, 3289923
MPI_Waitall,internal_q_, 90, 4850903, 4864019
MPI_Waitall,bcond6_, 2, 33210, 33562
MPI_Waitall,advct_, 127, 10259591, 10275778
MPI_Waitall,MAIN__, 784, 4535936, 4552702
MPI_Waitall,read_init_, 106, 259361, 261607
MPI_Waitall,bcond3_v_, 9, 2663334, 2665580
MPI_Waitall,internal_v_, 73, 2839761, 2845574
MPI_Waitall,internal_t_, 166, 31794356, 31810810
MPI_Waitall,baropg_, 116, 10661759, 10666618
lateral_bc_,MAIN__, 10, 4421, 6360
external_va_,MAIN__, 50, 166961988, 166967875
MPI_Barrier,external_update_, 7, 208493, 219818
MPI_Barrier,internal_u_, 8, 259900, 272672
MPI_Barrier,lateral_viscosity_, 1, 28140, 29941
MPI_Barrier,mpi_barrier_, 49, 162923024, 162924867
MPI_Barrier,external_ua_, 3, 89040, 93769
MPI_Barrier,adjust_uv_, 2, 59140, 62088
MPI_Barrier,smoth_update_, 1, 29528, 31337
MPI_Barrier,dens_, 9, 283843, 295663
MPI_Barrier,advave_, 5, 159678, 167537
MPI_Barrier,internal_w_, 2, 61469, 65100
MPI_Barrier,external_va_, 3, 88336, 91669
MPI_Barrier,bcond3_u_, 1, 29421, 31038
MPI_Barrier,adjust_ufvf_, 2, 70397, 73191
MPI_Barrier,internal_q_, 21, 621690, 652084
MPI_Barrier,bcond6_, 5, 155696, 164175
MPI_Barrier,advct_, 5, 149022, 156455
MPI_Barrier,update_initial_, 5, 140727, 147256
MPI_Barrier,mode_interaction_, 3, 87142, 91857
MPI_Barrier,bottom_friction_, 1, 29141, 30329
MPI_Barrier,read_init_, 1, 27403, 28613
MPI_Barrier,bcond1_, 1, 28731, 30338
MPI_Barrier,bcond3_v_, 1, 34802, 36488
MPI_Barrier,internal_v_, 5, 167709, 176260
MPI_Barrier,external_el_, 1, 30071, 31703
MPI_Barrier,internal_t_, 8, 248562, 259220
MPI_Barrier,baropg_, 6, 187620, 197436
MPI_Barrier,bcond2_ua_, 2, 63876, 66811
MPI_Barrier,bcond4_, 7, 204092, 213399
internal_update_,MAIN__, 10, 3456250, 3457154
MPI_Bcast,external_update_, 100, 944720, 947646
MPI_Bcast,read_init_, 58, 71998650, 72001393
bcond3_u_,internal_u_, 9, 59888118, 59894356
adjust_ufvf_,MAIN__, 9, 121412380, 121413116
MPI_Gather,external_update_, 50, 67825500, 67838956
internal_q_,MAIN__, 9, 2020838684, 2020839126
bcond6_,internal_q_, 9, 240720373, 240727868
advct_,lateral_viscosity_, 10, 310876089, 310876700
MPI_Comm_dup,read_init_, 50, 9671131, 9698360
update_initial_,MAIN__, 1, 386808637, 386808652
__variables_MOD_init_variables,MAIN__, 1, 4298908359, 4298908386
MPI_Comm_free,read_init_, 50, 1115532, 1188358
mode_interaction_,MAIN__, 10, 537609719, 537610364
MPI_Get_processor_name,mpi_get_processor_name_, 1, 3086, 3101
MAIN__,main, 1, 13779455319, 13779455529
MPI_Get_count,read_init_, 100, 312547, 384926
bottom_friction_,MAIN__, 1, 29543819, 29543832
read_init_,__variables_MOD_init_variables, 1, 4264442559, 4264442572
MPI_Type_commit,external_update_, 100, 1969716, 1976284
MPI_Type_commit,internal_u_, 47, 576596, 578235
MPI_Type_commit,dens_, 47, 568917, 570229
MPI_Type_commit,MAIN__, 376, 4655294, 4665510
MPI_Type_commit,read_init_, 141, 5022605, 5027492
MPI_Type_commit,internal_t_, 47, 1377381, 1378855
MPI_Type_commit,baropg_, 47, 574195, 575807
bcond1_,external_el_, 50, 85831137, 85837136
bcond3_v_,internal_v_, 9, 60646871, 60651290
MPI_Type_free,external_update_, 100, 109517, 111542
MPI_Type_free,internal_u_, 47, 100087, 100957
MPI_Type_free,dens_, 47, 38815, 39487
MPI_Type_free,MAIN__, 376, 341091, 347659
MPI_Type_free,read_init_, 141, 99808, 108693
MPI_Type_free,internal_t_, 47, 44123, 44991
MPI_Type_free,baropg_, 47, 40368, 41174
bcond2_va_,external_va_, 50, 25235182, 25239990
internal_v_,MAIN__, 9, 445850878, 445852070
MPI_Type_size,read_init_, 50, 61154, 68293
get_time_,MAIN__, 10, 7517, 7913
external_el_,MAIN__, 50, 162189802, 162193792
internal_t_,MAIN__, 18, 1375476310, 1375477892
baropg_,lateral_viscosity_, 10, 182504158, 182506111
baropg_,update_initial_, 1, 218034918, 218034934
bcond2_ua_,external_ua_, 50, 87402426, 87411223
bcond4_,internal_t_, 18, 451555192, 451570285
