external_update_ ??:?,MAIN__ gomo.F90:4, 50, 535082255, 535083692
surface_forcing_ ??:?,MAIN__ gomo.F90:4, 10, 7517528, 7518092
internal_u_ ??:?,MAIN__ gomo.F90:4, 9, 489209892, 489210251
main gomo.F90:5,__libc_start_main libc-start.c:295, 1, 13122431692, 13154573166
__config_MOD_loadconfig ??:?,__variables_MOD_init_variables variables.F90:70, 1, 6739615, 6739654
mpi_barrier_ mpiwrapper_f.c:415,__variables_MOD_init_variables variables.F90:70, 11, 38300166, 38302221
mpi_barrier_ mpiwrapper_f.c:415,MAIN__ gomo.F90:4, 18, 86559200, 86559624
mpi_barrier_ mpiwrapper_f.c:415,read_init_ read_init.F90:3, 20, 145957813, 145960888
init_fields_ ??:?,MAIN__ gomo.F90:4, 1, 53398, 53414
lateral_viscosity_ ??:?,MAIN__ gomo.F90:4, 10, 486204527, 486205036
mpi_comm_rank_ mpiwrapper_f.c:1487,MAIN__ gomo.F90:4, 1, 1368, 1833
mpi_comm_size_ mpiwrapper_f.c:1621,MAIN__ gomo.F90:4, 1, 456, 480
external_ua_ ??:?,MAIN__ gomo.F90:4, 50, 287751245, 287752291
mpi_get_processor_name_ mpiwrapper_f.c:2927,MAIN__ gomo.F90:4, 1, 4413, 4429
MPI_Init mpiwrapper.c:17,MAIN__ gomo.F90:4, 1, 2118221121, 2118221166
MPI_Irecv mpiwrapper.c:250,external_update_ ??:?, 50, 105883, 107203
MPI_Irecv mpiwrapper.c:250,read_init_ read_init.F90:3, 8, 15293, 15447
MPI_Isend mpiwrapper.c:306,external_update_ ??:?, 80, 581000, 593710
MPI_Isend mpiwrapper.c:306,internal_u_ ??:?, 177, 1853033, 1879715
MPI_Isend mpiwrapper.c:306,external_ua_ ??:?, 253, 1020736, 1034892
MPI_Isend mpiwrapper.c:306,dens_ ??:?, 95, 570276, 571853
MPI_Isend mpiwrapper.c:306,advave_ ??:?, 140, 517270, 522758
MPI_Isend mpiwrapper.c:306,external_va_ ??:?, 213, 999805, 1014770
MPI_Isend mpiwrapper.c:306,bcond3_u_ ??:?, 18, 146252, 149643
MPI_Isend mpiwrapper.c:306,internal_q_ ??:?, 90, 638346, 654879
MPI_Isend mpiwrapper.c:306,bcond6_ ??:?, 2, 29671, 31533
MPI_Isend mpiwrapper.c:306,advct_ ??:?, 140, 968080, 994495
MPI_Isend mpiwrapper.c:306,MAIN__ gomo.F90:4, 824, 4789974, 4807393
MPI_Isend mpiwrapper.c:306,read_init_ read_init.F90:3, 97, 626277, 628001
MPI_Isend mpiwrapper.c:306,bcond3_v_ ??:?, 9, 122699, 125459
MPI_Isend mpiwrapper.c:306,internal_v_ ??:?, 73, 492381, 507242
MPI_Isend mpiwrapper.c:306,internal_t_ ??:?, 167, 1028645, 1043862
MPI_Isend mpiwrapper.c:306,baropg_ ??:?, 117, 823680, 836039
adjust_uv_ ??:?,MAIN__ gomo.F90:4, 9, 85437961, 85438104
smoth_update_ ??:?,internal_q_ ??:?, 9, 28904283, 28904496
MPI_Recv mpiwrapper.c:360,internal_u_ ??:?, 18, 2165906, 2166234
MPI_Recv mpiwrapper.c:360,lateral_viscosity_ ??:?, 20, 5199252, 5200956
MPI_Recv mpiwrapper.c:360,external_ua_ ??:?, 50, 12823696, 12826081
MPI_Recv mpiwrapper.c:360,advave_ ??:?, 100, 17193928, 17200286
MPI_Recv mpiwrapper.c:360,internal_w_ ??:?, 18, 1457515, 1460407
MPI_Recv mpiwrapper.c:360,external_va_ ??:?, 30, 9410252, 9411278
MPI_Recv mpiwrapper.c:360,bcond3_u_ ??:?, 18, 6229442, 6229794
MPI_Recv mpiwrapper.c:360,internal_q_ ??:?, 114, 67197966, 67207833
MPI_Recv mpiwrapper.c:360,bcond6_ ??:?, 2, 2201068, 2202586
MPI_Recv mpiwrapper.c:360,advct_ ??:?, 98, 39065554, 39069979
MPI_Recv mpiwrapper.c:360,MAIN__ gomo.F90:4, 64, 1082195, 1083582
MPI_Recv mpiwrapper.c:360,bcond3_v_ ??:?, 18, 10618062, 10619418
MPI_Recv mpiwrapper.c:360,internal_v_ ??:?, 18, 990675, 991026
MPI_Recv mpiwrapper.c:360,external_el_ ??:?, 160, 16365811, 16371800
MPI_Recv mpiwrapper.c:360,internal_t_ ??:?, 72, 23111964, 23113505
MPI_Send mpiwrapper.c:445,external_update_ ??:?, 50, 179815, 180741
MPI_Send mpiwrapper.c:445,read_init_ read_init.F90:3, 8, 62675, 62818
dens_ ??:?,update_initial_ ??:?, 1, 3597251, 3598389
dens_ ??:?,MAIN__ gomo.F90:4, 9, 24051165, 24051331
dens_ ??:?,read_init_ read_init.F90:3, 1, 339263401, 339263440
MPI_Waitall mpiwrapper.c:737,external_update_ ??:?, 130, 901166, 904890
MPI_Waitall mpiwrapper.c:737,internal_u_ ??:?, 272, 3745398, 3751683
MPI_Waitall mpiwrapper.c:737,external_ua_ ??:?, 253, 1419457, 1425932
MPI_Waitall mpiwrapper.c:737,dens_ ??:?, 190, 523106, 526661
MPI_Waitall mpiwrapper.c:737,advave_ ??:?, 100, 617106, 619449
MPI_Waitall mpiwrapper.c:737,external_va_ ??:?, 213, 1456643, 1462309
MPI_Waitall mpiwrapper.c:737,bcond3_u_ ??:?, 18, 3852051, 3853113
MPI_Waitall mpiwrapper.c:737,internal_q_ ??:?, 90, 6486606, 6493863
MPI_Waitall mpiwrapper.c:737,bcond6_ ??:?, 2, 33128, 33171
MPI_Waitall mpiwrapper.c:737,advct_ ??:?, 127, 26826134, 26832047
MPI_Waitall mpiwrapper.c:737,MAIN__ gomo.F90:4, 1552, 4239458, 4268978
MPI_Waitall mpiwrapper.c:737,read_init_ read_init.F90:3, 202, 475184, 478708
MPI_Waitall mpiwrapper.c:737,bcond3_v_ ??:?, 9, 1766833, 1767897
MPI_Waitall mpiwrapper.c:737,internal_v_ ??:?, 73, 21178287, 21181221
MPI_Waitall mpiwrapper.c:737,internal_t_ ??:?, 262, 23816228, 23824645
MPI_Waitall mpiwrapper.c:737,baropg_ ??:?, 212, 23234523, 23238703
smoth_update1_ ??:?,internal_t_ ??:?, 18, 5531780, 5533205
advave_ ??:?,mode_interaction_ ??:?, 10, 176735439, 176740303
internal_w_ ??:?,MAIN__ gomo.F90:4, 9, 107097711, 107098490
lateral_bc_ ??:?,MAIN__ gomo.F90:4, 10, 7125, 7485
MPI_Barrier mpiwrapper.c:1099,external_update_ ??:?, 7, 222036, 235986
MPI_Barrier mpiwrapper.c:1099,internal_u_ ??:?, 8, 17770437, 17786815
MPI_Barrier mpiwrapper.c:1099,mpi_barrier_ mpiwrapper_f.c:415, 49, 270768990, 270770422
MPI_Barrier mpiwrapper.c:1099,lateral_viscosity_ ??:?, 1, 45225, 47299
MPI_Barrier mpiwrapper.c:1099,external_ua_ ??:?, 3, 93661, 98958
MPI_Barrier mpiwrapper.c:1099,adjust_uv_ ??:?, 2, 2100647, 2104835
MPI_Barrier mpiwrapper.c:1099,smoth_update_ ??:?, 1, 333575, 336153
MPI_Barrier mpiwrapper.c:1099,dens_ ??:?, 9, 6245134, 6262893
MPI_Barrier mpiwrapper.c:1099,advave_ ??:?, 5, 12847297, 12855273
MPI_Barrier mpiwrapper.c:1099,internal_w_ ??:?, 2, 72021, 74750
MPI_Barrier mpiwrapper.c:1099,external_va_ ??:?, 3, 94047, 99287
MPI_Barrier mpiwrapper.c:1099,bcond3_u_ ??:?, 1, 32559, 34337
MPI_Barrier mpiwrapper.c:1099,adjust_ufvf_ ??:?, 2, 1876632, 1880520
MPI_Barrier mpiwrapper.c:1099,internal_q_ ??:?, 21, 30178787, 30220660
MPI_Barrier mpiwrapper.c:1099,bcond6_ ??:?, 5, 615426, 624451
MPI_Barrier mpiwrapper.c:1099,advct_ ??:?, 5, 227960, 236287
MPI_Barrier mpiwrapper.c:1099,update_initial_ ??:?, 5, 1003217, 1012840
MPI_Barrier mpiwrapper.c:1099,mode_interaction_ ??:?, 3, 3810467, 3816294
MPI_Barrier mpiwrapper.c:1099,bottom_friction_ ??:?, 1, 30506, 32687
MPI_Barrier mpiwrapper.c:1099,read_init_ read_init.F90:3, 1, 29027, 30146
MPI_Barrier mpiwrapper.c:1099,bcond1_ ??:?, 1, 30492, 32401
MPI_Barrier mpiwrapper.c:1099,bcond3_v_ ??:?, 1, 33426, 35203
MPI_Barrier mpiwrapper.c:1099,internal_v_ ??:?, 5, 1282990, 1293998
MPI_Barrier mpiwrapper.c:1099,external_el_ ??:?, 1, 527511, 529159
MPI_Barrier mpiwrapper.c:1099,internal_t_ ??:?, 8, 2065000, 2080954
MPI_Barrier mpiwrapper.c:1099,baropg_ ??:?, 6, 203507, 214765
MPI_Barrier mpiwrapper.c:1099,bcond2_ua_ ??:?, 2, 75262, 79643
MPI_Barrier mpiwrapper.c:1099,bcond4_ ??:?, 7, 14293175, 14307971
MPI_Bcast mpiwrapper.c:1125,external_update_ ??:?, 100, 893207, 895484
MPI_Bcast mpiwrapper.c:1125,read_init_ read_init.F90:3, 58, 86412359, 86414284
external_va_ ??:?,MAIN__ gomo.F90:4, 50, 188165355, 188168131
internal_update_ ??:?,MAIN__ gomo.F90:4, 10, 3162000, 3162914
MPI_Gather mpiwrapper.c:1154,external_update_ ??:?, 50, 122817732, 122828583
bcond3_u_ ??:?,internal_u_ ??:?, 9, 84324151, 84328953
adjust_ufvf_ ??:?,MAIN__ gomo.F90:4, 9, 99796081, 99797066
MPI_Comm_dup mpiwrapper.c:1403,read_init_ read_init.F90:3, 50, 13950336, 14005291
internal_q_ ??:?,MAIN__ gomo.F90:4, 9, 1501849231, 1501849567
MPI_Comm_free mpiwrapper.c:1425,read_init_ read_init.F90:3, 50, 609957, 643327
bcond6_ ??:?,internal_q_ ??:?, 9, 240276948, 240281875
advct_ ??:?,lateral_viscosity_ ??:?, 10, 340362610, 340362903
update_initial_ ??:?,MAIN__ gomo.F90:4, 1, 381484410, 381484432
__variables_MOD_init_variables variables.F90:70,MAIN__ gomo.F90:4, 1, 4937924159, 4937924185
mode_interaction_ ??:?,MAIN__ gomo.F90:4, 10, 312567388, 312567588
MPI_Get_processor_name mpiwrapper.c:2390,mpi_get_processor_name_ mpiwrapper_f.c:2927, 1, 3239, 3270
MAIN__ gomo.F90:4,main gomo.F90:5, 1, 13122410093, 13122410275
MPI_Get_count mpiwrapper.c:2620,read_init_ read_init.F90:3, 100, 330222, 442765
MPI_Type_commit mpiwrapper.c:2638,external_update_ ??:?, 100, 2054403, 2056691
MPI_Type_commit mpiwrapper.c:2638,internal_u_ ??:?, 95, 1252085, 1256530
MPI_Type_commit mpiwrapper.c:2638,dens_ ??:?, 95, 1189047, 1192989
MPI_Type_commit mpiwrapper.c:2638,MAIN__ gomo.F90:4, 760, 9530189, 9554426
MPI_Type_commit mpiwrapper.c:2638,read_init_ read_init.F90:3, 189, 4290292, 4297245
MPI_Type_commit mpiwrapper.c:2638,internal_t_ ??:?, 95, 1199411, 1202911
MPI_Type_commit mpiwrapper.c:2638,baropg_ ??:?, 95, 1186547, 1190024
MPI_Type_free mpiwrapper.c:2695,external_update_ ??:?, 100, 82063, 83738
MPI_Type_free mpiwrapper.c:2695,internal_u_ ??:?, 95, 97090, 98689
MPI_Type_free mpiwrapper.c:2695,dens_ ??:?, 95, 86358, 87950
MPI_Type_free mpiwrapper.c:2695,MAIN__ gomo.F90:4, 760, 752989, 765749
MPI_Type_free mpiwrapper.c:2695,read_init_ read_init.F90:3, 189, 131328, 137430
MPI_Type_free mpiwrapper.c:2695,internal_t_ ??:?, 95, 91077, 92646
MPI_Type_free mpiwrapper.c:2695,baropg_ ??:?, 95, 85879, 87537
bottom_friction_ ??:?,MAIN__ gomo.F90:4, 1, 23173632, 23173666
read_init_ read_init.F90:3,__variables_MOD_init_variables variables.F90:70, 1, 4885116494, 4885116534
MPI_Type_size mpiwrapper.c:2799,read_init_ read_init.F90:3, 50, 61252, 66848
bcond1_ ??:?,external_el_ ??:?, 50, 45063485, 45069787
bcond3_v_ ??:?,internal_v_ ??:?, 9, 48596885, 48601179
bcond2_va_ ??:?,external_va_ ??:?, 50, 23831462, 23834812
internal_v_ ??:?,MAIN__ gomo.F90:4, 9, 366387854, 366388645
get_time_ ??:?,MAIN__ gomo.F90:4, 10, 9287, 9594
external_el_ ??:?,MAIN__ gomo.F90:4, 50, 101597848, 101599131
internal_t_ ??:?,MAIN__ gomo.F90:4, 18, 937116263, 937117794
baropg_ ??:?,lateral_viscosity_ ??:?, 10, 101699467, 101700103
baropg_ ??:?,update_initial_ ??:?, 1, 209876646, 209876669
bcond2_ua_ ??:?,external_ua_ ??:?, 50, 109202550, 109207223
bcond4_ ??:?,internal_t_ ??:?, 18, 328195100, 328209422
