external_update_,MAIN__, 50, 327539384, 327542350
surface_forcing_,MAIN__, 10, 7682132, 7682640
internal_u_,MAIN__, 9, 523442422, 523444408
__config_MOD_loadconfig,__variables_MOD_init_variables, 1, 4901208, 4901221
main,__libc_start_main, 1, 12948252367, 12978817490
init_fields_,MAIN__, 1, 52591, 52616
lateral_viscosity_,MAIN__, 10, 482260296, 482261454
mpi_barrier_,__variables_MOD_init_variables, 11, 36491066, 36492837
mpi_barrier_,MAIN__, 18, 36972640, 36974450
mpi_barrier_,read_init_, 20, 132768005, 132769510
external_ua_,MAIN__, 50, 216280995, 216284710
mpi_comm_rank_,MAIN__, 1, 1222, 1394
mpi_comm_size_,MAIN__, 1, 548, 578
mpi_get_processor_name_,MAIN__, 1, 4708, 4723
MPI_Init,MAIN__, 1, 2161739856, 2161739891
MPI_Irecv,external_update_, 50, 94770, 95934
MPI_Irecv,read_init_, 8, 17336, 17907
adjust_uv_,MAIN__, 9, 112461618, 112462592
smoth_update_,internal_q_, 9, 37640060, 37641270
MPI_Isend,external_update_, 80, 600955, 619505
MPI_Isend,internal_u_, 133, 1203772, 1236830
MPI_Isend,external_ua_, 253, 1204378, 1238049
MPI_Isend,dens_, 51, 314010, 315226
MPI_Isend,advave_, 140, 591617, 599438
MPI_Isend,external_va_, 213, 1036720, 1056036
MPI_Isend,bcond3_u_, 18, 154878, 161615
MPI_Isend,internal_q_, 90, 765231, 803379
MPI_Isend,bcond6_, 2, 28583, 30305
MPI_Isend,advct_, 140, 1199004, 1250260
MPI_Isend,MAIN__, 472, 2633377, 2647575
MPI_Isend,read_init_, 53, 355516, 356704
MPI_Isend,bcond3_v_, 9, 139700, 148098
MPI_Isend,internal_v_, 73, 493691, 508585
MPI_Isend,internal_t_, 123, 922752, 952669
MPI_Isend,baropg_, 73, 580153, 594531
MPI_Recv,internal_u_, 18, 1716664, 1717271
MPI_Recv,lateral_viscosity_, 20, 2734268, 2736286
MPI_Recv,external_ua_, 50, 1309750, 1313330
MPI_Recv,advave_, 100, 20708287, 20718809
MPI_Recv,internal_w_, 18, 4124999, 4132652
MPI_Recv,external_va_, 30, 6798200, 6800091
MPI_Recv,bcond3_u_, 18, 4655288, 4655974
MPI_Recv,internal_q_, 114, 34536203, 34547215
MPI_Recv,bcond6_, 2, 1305825, 1307400
MPI_Recv,advct_, 98, 30244799, 30252150
MPI_Recv,MAIN__, 64, 1080684, 1082361
MPI_Recv,bcond3_v_, 18, 5567196, 5568308
MPI_Recv,internal_v_, 18, 1278713, 1279359
MPI_Recv,external_el_, 160, 23880710, 23893773
MPI_Recv,internal_t_, 72, 29409696, 29411782
dens_,update_initial_, 1, 5174596, 5175475
dens_,MAIN__, 9, 38589080, 38589960
dens_,read_init_, 1, 297165342, 297165367
MPI_Send,external_update_, 50, 195368, 196380
MPI_Send,read_init_, 8, 295586, 295742
smoth_update1_,internal_t_, 18, 8908849, 8910357
advave_,mode_interaction_, 10, 185332360, 185337660
internal_w_,MAIN__, 9, 155067405, 155069459
MPI_Waitall,external_update_, 130, 868612, 873819
MPI_Waitall,internal_u_, 184, 5862658, 5875029
MPI_Waitall,external_ua_, 253, 1490609, 1506603
MPI_Waitall,dens_, 102, 263635, 265360
MPI_Waitall,advave_, 100, 598218, 603450
MPI_Waitall,external_va_, 213, 1381319, 1395855
MPI_Waitall,bcond3_u_, 18, 7513337, 7514907
MPI_Waitall,internal_q_, 90, 11254236, 11281704
MPI_Waitall,bcond6_, 2, 32310, 32550
MPI_Waitall,advct_, 127, 14949958, 14963927
MPI_Waitall,MAIN__, 848, 2269036, 2285911
MPI_Waitall,read_init_, 114, 854909, 857690
MPI_Waitall,bcond3_v_, 9, 722514, 727325
MPI_Waitall,internal_v_, 73, 3139249, 3145094
MPI_Waitall,internal_t_, 174, 3350450, 3376022
MPI_Waitall,baropg_, 124, 4506140, 4511522
lateral_bc_,MAIN__, 10, 5731, 7463
external_va_,MAIN__, 50, 180680579, 180686747
MPI_Barrier,external_update_, 7, 213640, 222843
MPI_Barrier,internal_u_, 8, 269850, 280547
MPI_Barrier,lateral_viscosity_, 1, 31096, 32857
MPI_Barrier,mpi_barrier_, 49, 206196160, 206198166
MPI_Barrier,external_ua_, 3, 87930, 91387
MPI_Barrier,adjust_uv_, 2, 60243, 63270
MPI_Barrier,smoth_update_, 1, 30879, 32403
MPI_Barrier,dens_, 9, 352717, 362899
MPI_Barrier,advave_, 5, 1512120, 1519036
MPI_Barrier,internal_w_, 2, 109469, 112465
MPI_Barrier,external_va_, 3, 100110, 103933
MPI_Barrier,bcond3_u_, 1, 79197, 80253
MPI_Barrier,adjust_ufvf_, 2, 71521, 73395
MPI_Barrier,internal_q_, 21, 863555, 889660
MPI_Barrier,bcond6_, 5, 219429, 226696
MPI_Barrier,advct_, 5, 201019, 207050
MPI_Barrier,update_initial_, 5, 145564, 151433
MPI_Barrier,mode_interaction_, 3, 88708, 92013
MPI_Barrier,bottom_friction_, 1, 81641, 83400
MPI_Barrier,read_init_, 1, 27867, 29079
MPI_Barrier,bcond1_, 1, 28496, 30124
MPI_Barrier,bcond3_v_, 1, 34683, 35830
MPI_Barrier,internal_v_, 5, 161416, 169743
MPI_Barrier,external_el_, 1, 82350, 83316
MPI_Barrier,internal_t_, 8, 845718, 900501
MPI_Barrier,baropg_, 6, 10627470, 10636079
MPI_Barrier,bcond2_ua_, 2, 60800, 62952
MPI_Barrier,bcond4_, 7, 310170, 318550
internal_update_,MAIN__, 10, 3230989, 3232513
MPI_Bcast,external_update_, 100, 975886, 980509
MPI_Bcast,read_init_, 58, 64291755, 64294781
bcond3_u_,internal_u_, 9, 70417607, 70422773
adjust_ufvf_,MAIN__, 9, 106491926, 106492770
MPI_Gather,external_update_, 50, 46471600, 46483700
internal_q_,MAIN__, 9, 1764588680, 1764589432
bcond6_,internal_q_, 9, 220859222, 220866570
advct_,lateral_viscosity_, 10, 268098880, 268099364
MPI_Comm_dup,read_init_, 50, 11007296, 11033817
update_initial_,MAIN__, 1, 364422358, 364422384
__variables_MOD_init_variables,MAIN__, 1, 4273312402, 4273312427
MPI_Comm_free,read_init_, 50, 541603, 819050
mode_interaction_,MAIN__, 10, 365053306, 365053687
MPI_Get_processor_name,mpi_get_processor_name_, 1, 3758, 3773
MAIN__,main, 1, 12948233571, 12948233985
MPI_Get_count,read_init_, 100, 301499, 370354
bottom_friction_,MAIN__, 1, 29123615, 29123643
read_init_,__variables_MOD_init_variables, 1, 4221440278, 4221440304
MPI_Type_commit,external_update_, 100, 1975517, 1983177
MPI_Type_commit,internal_u_, 51, 614715, 616341
MPI_Type_commit,dens_, 51, 613153, 614689
MPI_Type_commit,MAIN__, 408, 5032054, 5042562
MPI_Type_commit,read_init_, 145, 4582232, 4587720
MPI_Type_commit,internal_t_, 51, 600311, 601890
MPI_Type_commit,baropg_, 51, 656786, 658725
bcond1_,external_el_, 50, 37759433, 37768311
bcond3_v_,internal_v_, 9, 54356979, 54361545
MPI_Type_free,external_update_, 100, 107378, 109403
MPI_Type_free,internal_u_, 51, 45519, 46450
MPI_Type_free,dens_, 51, 42865, 43793
MPI_Type_free,MAIN__, 408, 368252, 375139
MPI_Type_free,read_init_, 145, 105262, 113170
MPI_Type_free,internal_t_, 51, 44109, 45130
MPI_Type_free,baropg_, 51, 44293, 45188
bcond2_va_,external_va_, 50, 24733977, 24738423
internal_v_,MAIN__, 9, 400149221, 400150121
MPI_Type_size,read_init_, 50, 59513, 67285
get_time_,MAIN__, 10, 7963, 8530
external_el_,MAIN__, 50, 104961455, 104965749
internal_t_,MAIN__, 18, 1252018315, 1252019960
baropg_,lateral_viscosity_, 10, 162290100, 162291815
baropg_,update_initial_, 1, 206920640, 206920654
bcond2_ua_,external_ua_, 50, 86577700, 86586097
bcond4_,internal_t_, 18, 443593312, 443606050
