external_update_,MAIN__, 50, 311796332, 311802448
surface_forcing_,MAIN__, 10, 16223505, 16223902
internal_u_,MAIN__, 9, 2346419378, 2346420592
__config_MOD_loadconfig,__variables_MOD_init_variables, 1, 4304817, 4304840
main,__libc_start_main, 1, 35093335585, 35124592192
init_fields_,MAIN__, 1, 51200, 51224
lateral_viscosity_,MAIN__, 10, 2039379674, 2039380266
mpi_barrier_,__variables_MOD_init_variables, 11, 2041988, 2044880
mpi_barrier_,MAIN__, 18, 120835102, 120837399
mpi_barrier_,read_init_, 20, 36832221, 36834353
external_ua_,MAIN__, 50, 267991700, 267997721
mpi_comm_rank_,MAIN__, 1, 1180, 1365
mpi_comm_size_,MAIN__, 1, 459, 485
mpi_get_processor_name_,MAIN__, 1, 4511, 4530
MPI_Init,MAIN__, 1, 2016180226, 2016180245
MPI_Irecv,external_update_, 50, 101073, 102659
MPI_Irecv,read_init_, 8, 16608, 16957
adjust_uv_,MAIN__, 9, 417910204, 417910920
smoth_update_,internal_q_, 9, 93254334, 93256119
MPI_Isend,external_update_, 80, 556788, 578537
MPI_Isend,internal_u_, 87, 873375, 911466
MPI_Isend,external_ua_, 253, 1208836, 1253668
MPI_Isend,dens_, 5, 42973, 43089
MPI_Isend,advave_, 140, 586030, 599205
MPI_Isend,external_va_, 213, 980370, 1002930
MPI_Isend,bcond3_u_, 18, 152960, 160427
MPI_Isend,internal_q_, 90, 841662, 886833
MPI_Isend,bcond6_, 2, 26334, 27903
MPI_Isend,advct_, 140, 1217882, 1277270
MPI_Isend,MAIN__, 104, 620962, 627859
MPI_Isend,read_init_, 7, 70183, 70353
MPI_Isend,bcond3_v_, 9, 124196, 132188
MPI_Isend,internal_v_, 73, 566045, 587475
MPI_Isend,internal_t_, 77, 730301, 767164
MPI_Isend,baropg_, 27, 295769, 312309
MPI_Recv,internal_u_, 18, 98248112, 98248753
MPI_Recv,lateral_viscosity_, 20, 13934992, 13937186
MPI_Recv,external_ua_, 50, 852050, 856139
MPI_Recv,advave_, 100, 11044843, 11059216
MPI_Recv,internal_w_, 18, 5194363, 5204087
MPI_Recv,external_va_, 30, 8687283, 8688857
MPI_Recv,bcond3_u_, 18, 46600207, 46600910
MPI_Recv,internal_q_, 114, 59984092, 59994791
MPI_Recv,bcond6_, 2, 3670182, 3671751
MPI_Recv,advct_, 98, 21974824, 21981786
MPI_Recv,MAIN__, 64, 7388347, 7390640
MPI_Recv,bcond3_v_, 18, 11505958, 11507246
MPI_Recv,internal_v_, 18, 48747924, 48748580
MPI_Recv,external_el_, 160, 4886373, 4905369
MPI_Recv,internal_t_, 72, 472887478, 472889729
dens_,update_initial_, 1, 33607031, 33607852
dens_,MAIN__, 9, 297647998, 297649111
dens_,read_init_, 1, 249100648, 249100661
MPI_Send,external_update_, 50, 182696, 183745
MPI_Send,read_init_, 8, 61148, 61312
smoth_update1_,internal_t_, 18, 70439373, 70441591
advave_,mode_interaction_, 10, 164539297, 164544048
internal_w_,MAIN__, 9, 816185823, 816187643
MPI_Waitall,external_update_, 130, 1808098, 1813734
MPI_Waitall,internal_u_, 92, 230396555, 230407345
MPI_Waitall,external_ua_, 253, 14808301, 14825211
MPI_Waitall,dens_, 10, 43156, 43330
MPI_Waitall,advave_, 100, 5666646, 5673509
MPI_Waitall,external_va_, 213, 1491423, 1506369
MPI_Waitall,bcond3_u_, 18, 42030, 45426
MPI_Waitall,internal_q_, 90, 7833710, 7873799
MPI_Waitall,bcond6_, 2, 15025395, 15025748
MPI_Waitall,advct_, 127, 20507986, 20526502
MPI_Waitall,MAIN__, 112, 783202, 794455
MPI_Waitall,read_init_, 22, 112060, 112554
MPI_Waitall,bcond3_v_, 9, 888949, 896816
MPI_Waitall,internal_v_, 73, 5104440, 5111476
MPI_Waitall,internal_t_, 82, 279156108, 279190065
MPI_Waitall,baropg_, 32, 13030117, 13033227
lateral_bc_,MAIN__, 10, 6267, 8056
external_va_,MAIN__, 50, 216455753, 216461382
MPI_Barrier,external_update_, 7, 306980, 316226
MPI_Barrier,internal_u_, 8, 27642321, 27708114
MPI_Barrier,lateral_viscosity_, 1, 27116, 28306
MPI_Barrier,mpi_barrier_, 49, 159673167, 159674830
MPI_Barrier,external_ua_, 3, 88276, 91716
MPI_Barrier,adjust_uv_, 2, 105821, 154181
MPI_Barrier,smoth_update_, 1, 29520, 31121
MPI_Barrier,dens_, 9, 258002, 269984
MPI_Barrier,advave_, 5, 204457, 255791
MPI_Barrier,internal_w_, 2, 60709, 64165
MPI_Barrier,external_va_, 3, 86432, 90752
MPI_Barrier,bcond3_u_, 1, 29526, 31319
MPI_Barrier,adjust_ufvf_, 2, 116361, 118506
MPI_Barrier,internal_q_, 21, 93036963, 93108290
MPI_Barrier,bcond6_, 5, 148076, 155669
MPI_Barrier,advct_, 5, 245043, 250680
MPI_Barrier,update_initial_, 5, 185967, 193180
MPI_Barrier,mode_interaction_, 3, 84778, 88095
MPI_Barrier,bottom_friction_, 1, 28788, 30582
MPI_Barrier,read_init_, 1, 23804, 24310
MPI_Barrier,bcond1_, 1, 28303, 29776
MPI_Barrier,bcond3_v_, 1, 33532, 35140
MPI_Barrier,internal_v_, 5, 160301, 167448
MPI_Barrier,external_el_, 1, 29272, 30985
MPI_Barrier,internal_t_, 8, 9748491, 9759064
MPI_Barrier,baropg_, 6, 268394, 282850
MPI_Barrier,bcond2_ua_, 2, 58750, 60849
MPI_Barrier,bcond4_, 7, 396645, 412178
internal_update_,MAIN__, 10, 8714404, 8715565
MPI_Bcast,external_update_, 100, 957249, 961519
MPI_Bcast,read_init_, 58, 30297634, 30299932
bcond3_u_,internal_u_, 9, 158862510, 158867934
adjust_ufvf_,MAIN__, 9, 487888139, 487888814
MPI_Gather,external_update_, 50, 14699686, 14736726
internal_q_,MAIN__, 9, 7955419295, 7955420303
bcond6_,internal_q_, 9, 603711798, 603719711
advct_,lateral_viscosity_, 10, 526009004, 526009644
MPI_Comm_dup,read_init_, 50, 5077474, 5099291
update_initial_,MAIN__, 1, 489845950, 489845968
__variables_MOD_init_variables,MAIN__, 1, 7507267031, 7507267050
MPI_Comm_free,read_init_, 50, 253109, 439346
mode_interaction_,MAIN__, 10, 1122744429, 1122745378
MPI_Get_processor_name,mpi_get_processor_name_, 1, 3461, 3477
MAIN__,main, 1, 35093315432, 35093315632
MPI_Get_count,read_init_, 100, 298216, 411067
bottom_friction_,MAIN__, 1, 27421420, 27421434
read_init_,__variables_MOD_init_variables, 1, 7431478463, 7431478478
MPI_Type_commit,external_update_, 100, 1885042, 1889232
MPI_Type_commit,internal_u_, 5, 75197, 75738
MPI_Type_commit,dens_, 5, 76512, 77138
MPI_Type_commit,MAIN__, 40, 613776, 617302
MPI_Type_commit,read_init_, 99, 4424732, 4428464
MPI_Type_commit,internal_t_, 5, 76599, 77024
MPI_Type_commit,baropg_, 5, 74750, 75299
bcond1_,external_el_, 50, 39046463, 39057146
bcond3_v_,internal_v_, 9, 106335443, 106340309
MPI_Type_free,external_update_, 100, 105036, 106647
MPI_Type_free,internal_u_, 5, 5465, 5557
MPI_Type_free,dens_, 5, 5182, 5267
MPI_Type_free,MAIN__, 40, 43233, 43957
MPI_Type_free,read_init_, 99, 61449, 67548
MPI_Type_free,internal_t_, 5, 5110, 5213
MPI_Type_free,baropg_, 5, 5262, 5364
bcond2_va_,external_va_, 50, 52828583, 52833727
internal_v_,MAIN__, 9, 1910447773, 1910449181
MPI_Type_size,read_init_, 50, 101005, 126020
get_time_,MAIN__, 10, 8801, 8993
external_el_,MAIN__, 50, 96272296, 96275580
internal_t_,MAIN__, 18, 6559755334, 6559756209
baropg_,lateral_viscosity_, 10, 1360340564, 1360342585
baropg_,update_initial_, 1, 268044773, 268044786
bcond2_ua_,external_ua_, 50, 106100269, 106110762
bcond4_,internal_t_, 18, 1302486788, 1302503926
