external_update_,MAIN__, 50, 294224807, 294229284
surface_forcing_,MAIN__, 10, 7131608, 7132032
internal_u_,MAIN__, 9, 457483914, 457485245
__config_MOD_loadconfig,__variables_MOD_init_variables, 1, 7190013, 7190038
main,__libc_start_main, 1, 11416300243, 11446771910
init_fields_,MAIN__, 1, 51846, 51870
lateral_viscosity_,MAIN__, 10, 378592996, 378593940
mpi_barrier_,__variables_MOD_init_variables, 11, 27589884, 27591672
mpi_barrier_,MAIN__, 18, 66229720, 66232151
mpi_barrier_,read_init_, 20, 129539439, 129541273
external_ua_,MAIN__, 50, 195904536, 195908672
mpi_comm_rank_,MAIN__, 1, 1256, 1426
mpi_comm_size_,MAIN__, 1, 290, 309
mpi_get_processor_name_,MAIN__, 1, 4489, 4504
MPI_Init,MAIN__, 1, 2031295392, 2031295416
MPI_Irecv,external_update_, 50, 97212, 98552
MPI_Irecv,read_init_, 8, 17090, 17400
adjust_uv_,MAIN__, 9, 77362846, 77363674
smoth_update_,internal_q_, 9, 29062097, 29063550
MPI_Isend,external_update_, 80, 525462, 545519
MPI_Isend,internal_u_, 165, 1253252, 1284398
MPI_Isend,external_ua_, 253, 1040032, 1067518
MPI_Isend,dens_, 83, 498839, 501065
MPI_Isend,advave_, 140, 511993, 519379
MPI_Isend,external_va_, 213, 943229, 965371
MPI_Isend,bcond3_u_, 18, 139900, 145550
MPI_Isend,internal_q_, 90, 636998, 666103
MPI_Isend,bcond6_, 2, 27485, 28630
MPI_Isend,advct_, 140, 980951, 1018224
MPI_Isend,MAIN__, 728, 4356529, 4375210
MPI_Isend,read_init_, 85, 535367, 537198
MPI_Isend,bcond3_v_, 9, 120894, 124089
MPI_Isend,internal_v_, 73, 482228, 496855
MPI_Isend,internal_t_, 155, 982957, 1009920
MPI_Isend,baropg_, 105, 778314, 791225
MPI_Recv,internal_u_, 18, 5872601, 5873174
MPI_Recv,lateral_viscosity_, 20, 3119092, 3121518
MPI_Recv,external_ua_, 50, 6078202, 6081880
MPI_Recv,advave_, 100, 21402492, 21410110
MPI_Recv,internal_w_, 18, 4779066, 4783873
MPI_Recv,external_va_, 30, 1213878, 1215565
MPI_Recv,bcond3_u_, 18, 10023266, 10023894
MPI_Recv,internal_q_, 114, 14521780, 14532060
MPI_Recv,bcond6_, 2, 183518, 185082
MPI_Recv,advct_, 98, 29803442, 29810100
MPI_Recv,MAIN__, 64, 998559, 1000064
MPI_Recv,bcond3_v_, 18, 3769514, 3770386
MPI_Recv,internal_v_, 18, 1039318, 1039954
MPI_Recv,external_el_, 160, 18876331, 18890013
MPI_Recv,internal_t_, 72, 56082988, 56085124
dens_,update_initial_, 1, 3690824, 3691288
dens_,MAIN__, 9, 25382790, 25383438
dens_,read_init_, 1, 278310794, 278310819
MPI_Send,external_update_, 50, 178555, 179589
MPI_Send,read_init_, 8, 59336, 59493
smoth_update1_,internal_t_, 18, 5845113, 5846741
advave_,mode_interaction_, 10, 168524302, 168528521
internal_w_,MAIN__, 9, 113374407, 113376207
MPI_Waitall,external_update_, 130, 859286, 864989
MPI_Waitall,internal_u_, 248, 9285624, 9298652
MPI_Waitall,external_ua_, 253, 1332017, 1349846
MPI_Waitall,dens_, 166, 437462, 440390
MPI_Waitall,advave_, 100, 599789, 605644
MPI_Waitall,external_va_, 213, 1269190, 1285598
MPI_Waitall,bcond3_u_, 18, 1541944, 1544198
MPI_Waitall,internal_q_, 90, 20783270, 20794340
MPI_Waitall,bcond6_, 2, 30197, 30573
MPI_Waitall,advct_, 127, 19954664, 19969911
MPI_Waitall,MAIN__, 1360, 3580769, 3604847
MPI_Waitall,read_init_, 178, 433575, 436844
MPI_Waitall,bcond3_v_, 9, 154606, 155675
MPI_Waitall,internal_v_, 73, 3949883, 3955662
MPI_Waitall,internal_t_, 238, 3102898, 3113940
MPI_Waitall,baropg_, 188, 18311699, 18318028
lateral_bc_,MAIN__, 10, 5032, 6999
external_va_,MAIN__, 50, 132159454, 132164217
MPI_Barrier,external_update_, 7, 338461, 347689
MPI_Barrier,internal_u_, 8, 255146, 268060
MPI_Barrier,lateral_viscosity_, 1, 35435, 36798
MPI_Barrier,mpi_barrier_, 49, 223320408, 223322145
MPI_Barrier,external_ua_, 3, 94676, 98492
MPI_Barrier,adjust_uv_, 2, 59359, 61878
MPI_Barrier,smoth_update_, 1, 29241, 30982
MPI_Barrier,dens_, 9, 4115382, 4127480
MPI_Barrier,advave_, 5, 167046, 216181
MPI_Barrier,internal_w_, 2, 110660, 113828
MPI_Barrier,external_va_, 3, 88921, 93140
MPI_Barrier,bcond3_u_, 1, 30952, 32725
MPI_Barrier,adjust_ufvf_, 2, 6772761, 6775354
MPI_Barrier,internal_q_, 21, 18353128, 18381363
MPI_Barrier,bcond6_, 5, 150781, 158313
MPI_Barrier,advct_, 5, 7867600, 7875293
MPI_Barrier,update_initial_, 5, 2724484, 2731351
MPI_Barrier,mode_interaction_, 3, 809087, 812987
MPI_Barrier,bottom_friction_, 1, 28147, 29631
MPI_Barrier,read_init_, 1, 25946, 27279
MPI_Barrier,bcond1_, 1, 28380, 29891
MPI_Barrier,bcond3_v_, 1, 1377570, 1379039
MPI_Barrier,internal_v_, 5, 167496, 175060
MPI_Barrier,external_el_, 1, 29425, 30336
MPI_Barrier,internal_t_, 8, 260696, 272247
MPI_Barrier,baropg_, 6, 784295, 792478
MPI_Barrier,bcond2_ua_, 2, 71748, 74451
MPI_Barrier,bcond4_, 7, 7654253, 7663581
internal_update_,MAIN__, 10, 3059519, 3060840
MPI_Bcast,external_update_, 100, 831371, 836756
MPI_Bcast,read_init_, 58, 70540034, 70542837
bcond3_u_,internal_u_, 9, 49881066, 49886042
adjust_ufvf_,MAIN__, 9, 84928582, 84929393
MPI_Gather,external_update_, 50, 74129550, 74138470
internal_q_,MAIN__, 9, 1367005215, 1367006126
bcond6_,internal_q_, 9, 191985390, 191994035
advct_,lateral_viscosity_, 10, 230302345, 230302699
MPI_Comm_dup,read_init_, 50, 13035997, 13062380
update_initial_,MAIN__, 1, 301898440, 301898467
__variables_MOD_init_variables,MAIN__, 1, 4172193444, 4172193458
MPI_Comm_free,read_init_, 50, 476140, 499896
mode_interaction_,MAIN__, 10, 302786875, 302787539
MPI_Get_processor_name,mpi_get_processor_name_, 1, 3178, 3193
MAIN__,main, 1, 11416280200, 11416280373
MPI_Get_count,read_init_, 100, 952935, 1640381
bottom_friction_,MAIN__, 1, 23544258, 23544271
read_init_,__variables_MOD_init_variables, 1, 4129476219, 4129476243
MPI_Type_commit,external_update_, 100, 2007738, 2013417
MPI_Type_commit,internal_u_, 83, 997614, 1000097
MPI_Type_commit,dens_, 83, 1001734, 1004209
MPI_Type_commit,MAIN__, 664, 8058844, 8075592
MPI_Type_commit,read_init_, 177, 4370046, 4376652
MPI_Type_commit,internal_t_, 83, 988023, 990196
MPI_Type_commit,baropg_, 83, 967732, 970152
bcond1_,external_el_, 50, 32016911, 32024310
bcond3_v_,internal_v_, 9, 41695619, 41699538
MPI_Type_free,external_update_, 100, 97732, 99726
MPI_Type_free,internal_u_, 83, 74884, 76410
MPI_Type_free,dens_, 83, 72630, 74074
MPI_Type_free,MAIN__, 664, 594059, 605941
MPI_Type_free,read_init_, 177, 122187, 128470
MPI_Type_free,internal_t_, 83, 72188, 73690
MPI_Type_free,baropg_, 83, 74733, 76240
bcond2_va_,external_va_, 50, 24068922, 24074128
internal_v_,MAIN__, 9, 299257175, 299258151
MPI_Type_size,read_init_, 50, 59917, 66868
get_time_,MAIN__, 10, 7472, 8004
external_el_,MAIN__, 50, 87942304, 87947596
internal_t_,MAIN__, 18, 951761630, 951763246
baropg_,lateral_viscosity_, 10, 109034861, 109036660
baropg_,update_initial_, 1, 173923579, 173923594
bcond2_ua_,external_ua_, 50, 73857658, 73864436
bcond4_,internal_t_, 18, 309630130, 309640469
