kernel_host_17506849007025892946,external_update_, 290, 31520532, 31536210
kernel_host_17876976960434219323,dens_, 11, 30175696, 30177016
external_update_,MAIN__, 300, 3134613897, 3134623575
kernel_host_11974978034716845838,baropg_, 11, 102534762, 102535867
surface_forcing_,MAIN__, 10, 17615092, 17615606
internal_u_,MAIN__, 9, 2859775401, 2859776631
kernel_host_2904305052371605897,lateral_viscosity_, 10, 107041875, 107042373
kernel_host_18056069231970590520,external_va_, 300, 249754257, 249792344
kernel_host_11313705801899030046,internal_u_, 9, 24837282, 24838390
kernel_host_17356059520636453398,external_ua_, 300, 186092575, 186129111
kernel_host_10227889028461526473,external_ua_, 60, 43456778, 43462139
sw_memcpy_host,external_update_, 900, 96006631, 96034741
sw_memcpy_host,surface_forcing_, 2, 216265, 217967
sw_memcpy_host,internal_u_, 144, 25163429, 25194686
sw_memcpy_host,adjust_uv_, 18, 1467900, 1475727
sw_memcpy_host,smoth_update_, 18, 15657411, 15658052
sw_memcpy_host,smoth_update1_, 18, 15606550, 15607815
sw_memcpy_host,internal_w_, 9, 6865853, 6871889
sw_memcpy_host,internal_update_, 60, 6373937, 6380801
sw_memcpy_host,bcond3_u_, 18, 8839933, 8841305
sw_memcpy_host,adjust_ufvf_, 54, 33032653, 33049091
sw_memcpy_host,internal_q_, 36, 24238812, 24250268
sw_memcpy_host,bcond6_, 18, 15719980, 15721594
sw_memcpy_host,update_initial_, 15, 7522568, 7526286
sw_memcpy_host,__variables_MOD_init_variables, 117, 44075236, 44093536
sw_memcpy_host,mode_interaction_, 50, 4085163, 4104894
sw_memcpy_host,read_init_, 3, 984429, 984855
sw_memcpy_host,bcond3_v_, 18, 8840252, 8841772
sw_memcpy_host,bcond2_va_, 900, 97703442, 97806894
sw_memcpy_host,internal_v_, 144, 23984068, 24007735
sw_memcpy_host,internal_t_, 252, 45492913, 45542043
sw_memcpy_host,baropg_, 22, 1713374, 1718345
sw_memcpy_host,bcond2_ua_, 900, 96896137, 96999898
sw_memcpy_host,bcond4_, 54, 47353168, 47367130
kernel_host_11078693922887474255,bcond1_, 300, 35291423, 35370670
kernel_host_11078693922887474255,bcond2_va_, 300, 32810374, 32865180
kernel_host_11078693922887474255,bcond2_ua_, 300, 34292376, 34386058
kernel_host_13095133616550115949,internal_u_, 9, 12952664, 12952897
kernel_host_13095133616550115949,internal_v_, 9, 12889211, 12889403
kernel_host_13095133616550115949,internal_t_, 18, 25796196, 25796701
kernel_host_10018654585745270947,advct_, 10, 89179761, 89180638
__config_MOD_loadconfig,__variables_MOD_init_variables, 1, 15078250, 15078263
kernel_host_14913372915240065947,internal_t_, 18, 203322806, 203324440
kernel_host_9476223794341086031,bcond6_, 18, 98042763, 98046526
main,__libc_start_main, 1, 55024163311, 55056291799
kernel_host_3118027215046091878,bottom_friction_, 1, 271646, 272155
init_fields_,MAIN__, 1, 53261, 53274
lateral_viscosity_,MAIN__, 10, 2370584934, 2370585565
kernel_host_940921560178879518,dens_, 11, 17989092, 17989705
kernel_host_940921560178879518,internal_q_, 9, 14660604, 14664940
kernel_host_4654656141485052332,bcond3_u_, 9, 45760363, 45761263
mpi_barrier_,__variables_MOD_init_variables, 11, 54721963, 54723922
mpi_barrier_,MAIN__, 18, 1109638388, 1109638905
mpi_barrier_,read_init_, 20, 167429003, 167429844
kernel_host_2895507310617246303,external_va_, 60, 19439023, 19447006
kernel_host_1711344829487799974,bcond4_, 18, 99423498, 99432391
external_ua_,MAIN__, 300, 1268396772, 1268409818
mpi_comm_rank_,MAIN__, 1, 1418, 1680
kernel_host_13054536613402403077,internal_q_, 9, 1915046, 1915560
kernel_host_8383241828137858514,internal_t_, 18, 4659727, 4660239
kernel_host_10908567227736662191,read_init_, 1, 1595244, 1595394
mpi_comm_size_,MAIN__, 1, 329, 343
kernel_host_11544715019137345953,adjust_uv_, 9, 16087339, 16087652
kernel_host_5354701768032446803,mode_interaction_, 10, 1374759, 1376379
kernel_host_8054816732667103883,bcond4_, 18, 106285198, 106293791
mpi_get_processor_name_,MAIN__, 1, 4417, 4439
kernel_host_18092185543702176767,internal_v_, 9, 53081080, 53082057
kernel_host_5305202362360132607,internal_q_, 9, 20598071, 20603206
MPI_Init,MAIN__, 1, 2074335970, 2074335984
kernel_host_6495952187057350598,internal_u_, 9, 14319762, 14320291
kernel_host_16025009267156524296,external_ua_, 60, 14260105, 14265760
kernel_host_14930920824767543618,advct_, 10, 103449078, 103449894
MPI_Irecv,external_update_, 300, 577714, 584762
MPI_Irecv,read_init_, 8, 14170, 14388
adjust_uv_,MAIN__, 9, 470540210, 470540366
kernel_host_17572185407420011884,bcond6_, 18, 29261372, 29264224
kernel_host_3362328253860953284,dens_, 33, 72352363, 72354301
kernel_host_3362328253860953284,internal_t_, 18, 39284868, 39294599
kernel_host_16474014825694923176,bcond4_, 36, 217161062, 217175536
smoth_update_,internal_q_, 9, 119812916, 119813062
MPI_Isend,external_update_, 580, 4926300, 5022563
MPI_Isend,internal_u_, 941, 6150470, 6188893
MPI_Isend,external_ua_, 1553, 8351744, 8573220
MPI_Isend,dens_, 859, 8683130, 8703265
MPI_Isend,advave_, 140, 735718, 746245
MPI_Isend,external_va_, 1313, 6662116, 6756367
MPI_Isend,bcond3_u_, 18, 166664, 171224
MPI_Isend,internal_q_, 90, 925655, 953780
MPI_Isend,bcond6_, 2, 28376, 29489
MPI_Isend,advct_, 140, 1318137, 1355847
MPI_Isend,MAIN__, 6936, 63386751, 63537786
MPI_Isend,read_init_, 861, 6021375, 6042991
MPI_Isend,bcond3_v_, 9, 160970, 164220
MPI_Isend,internal_v_, 73, 749417, 761636
MPI_Isend,internal_t_, 931, 5789943, 5826619
MPI_Isend,baropg_, 881, 8416137, 8442284
kernel_host_6678857161791714567,internal_v_, 9, 2357309, 2358894
kernel_host_3056794744720896216,internal_u_, 9, 15552810, 15556481
kernel_host_3056794744720896216,internal_v_, 9, 15613643, 15617974
kernel_host_10497226412570990612,adjust_ufvf_, 18, 59958873, 59959928
MPI_Recv,internal_u_, 18, 67899724, 67900468
MPI_Recv,lateral_viscosity_, 20, 20344887, 20346877
MPI_Recv,external_ua_, 250, 42738686, 42752715
MPI_Recv,advave_, 100, 106194976, 106205049
MPI_Recv,internal_w_, 18, 15245966, 15250352
MPI_Recv,external_va_, 130, 18291530, 18301329
MPI_Recv,bcond3_u_, 18, 93469084, 93469551
MPI_Recv,internal_q_, 114, 104608448, 104616491
MPI_Recv,bcond6_, 2, 73650, 74909
MPI_Recv,advct_, 98, 57396144, 57401800
MPI_Recv,MAIN__, 64, 5833222, 5835286
MPI_Recv,bcond3_v_, 18, 41779090, 41779767
MPI_Recv,internal_v_, 18, 184306762, 184307290
MPI_Recv,external_el_, 1160, 57698255, 57800001
MPI_Recv,internal_t_, 72, 372241163, 372242906
kernel_host_561946464185660303,update_initial_, 1, 2065679, 2066210
dens_,update_initial_, 1, 34910693, 34910707
dens_,MAIN__, 9, 310681830, 310681986
dens_,read_init_, 1, 389686894, 389686909
kernel_host_7666798020544911213,external_update_, 10, 1119105, 1119832
kernel_host_3801595614667731380,bcond4_, 18, 98375141, 98382960
MPI_Send,external_update_, 300, 1047489, 1053164
MPI_Send,read_init_, 8, 59879, 60021
kernel_host_17675233011309389831,internal_w_, 9, 30598109, 30598487
kernel_host_15379746689016184240,baropg_, 11, 36881753, 36885959
kernel_host_8976449558737060572,internal_q_, 18, 50476203, 50477292
smoth_update1_,internal_t_, 18, 76479375, 76480006
kernel_host_12880096600322512940,internal_u_, 9, 48735896, 48736239
advave_,mode_interaction_, 10, 380122290, 380122678
kernel_host_17600160524251074110,internal_u_, 9, 15711400, 15715961
kernel_host_17600160524251074110,internal_v_, 9, 15606093, 15609850
kernel_host_17600160524251074110,internal_t_, 18, 30324810, 30332344
internal_w_,MAIN__, 9, 946965198, 946966660
kernel_host_10447168533120541692,internal_u_, 9, 1085340, 1085564
kernel_host_10447168533120541692,internal_v_, 9, 1046391, 1046665
kernel_host_10447168533120541692,internal_t_, 18, 2117395, 2118068
MPI_Waitall,external_update_, 880, 19027973, 19052952
MPI_Waitall,internal_u_, 1800, 214776651, 214810141
MPI_Waitall,external_ua_, 1553, 198461293, 198512095
MPI_Waitall,dens_, 1718, 3917375, 3950860
MPI_Waitall,advave_, 100, 65628903, 65631610
MPI_Waitall,external_va_, 1313, 9931054, 9964327
MPI_Waitall,bcond3_u_, 18, 183915286, 183916080
MPI_Waitall,internal_q_, 90, 172496507, 172519143
MPI_Waitall,bcond6_, 2, 67999, 68076
MPI_Waitall,advct_, 127, 47473048, 47478780
MPI_Waitall,MAIN__, 13776, 34793178, 35051080
MPI_Waitall,read_init_, 1730, 4406265, 4440037
MPI_Waitall,bcond3_v_, 9, 4209417, 4212994
MPI_Waitall,internal_v_, 73, 63849245, 63851504
MPI_Waitall,internal_t_, 1790, 203960307, 204008974
MPI_Waitall,baropg_, 1740, 14819120, 14851828
kernel_host_11180554648481108675,internal_q_, 9, 1882847, 1886600
kernel_host_12580761429086804727,advave_, 10, 3690203, 3691350
kernel_host_14171480367845884996,adjust_uv_, 18, 28564681, 28570537
kernel_host_14171480367845884996,update_initial_, 2, 3322322, 3322847
kernel_host_14171480367845884996,mode_interaction_, 50, 79937879, 79940125
kernel_host_6269904581008346741,internal_q_, 9, 39986014, 39986969
kernel_host_7809988743068049318,advave_, 10, 3291689, 3292303
lateral_bc_,MAIN__, 10, 5755, 5976
kernel_host_5341804159594033185,internal_u_, 9, 14402531, 14407141
kernel_host_5341804159594033185,bcond3_u_, 9, 14394550, 14399134
kernel_host_5341804159594033185,bcond3_v_, 9, 14360721, 14364825
kernel_host_5341804159594033185,internal_v_, 9, 14380427, 14385119
kernel_host_5341804159594033185,bcond4_, 18, 29240607, 29249026
kernel_host_7756675061965279120,baropg_, 11, 19281518, 19287297
kernel_host_167483268786796797,internal_q_, 9, 33822183, 33823256
external_va_,MAIN__, 300, 934090816, 934105359
kernel_host_14523175272559072737,internal_q_, 9, 14670084, 14670870
MPI_Barrier,external_update_, 7, 1054071, 1063772
MPI_Barrier,internal_u_, 8, 8838452, 8849485
MPI_Barrier,lateral_viscosity_, 1, 11784189, 11786132
MPI_Barrier,mpi_barrier_, 49, 1331749769, 1331751476
MPI_Barrier,external_ua_, 3, 11162310, 11167613
MPI_Barrier,adjust_uv_, 2, 61439, 64085
MPI_Barrier,smoth_update_, 1, 13228948, 13230515
MPI_Barrier,dens_, 9, 24003549, 24016309
MPI_Barrier,advave_, 5, 8209600, 8217123
MPI_Barrier,internal_w_, 2, 754380, 758552
MPI_Barrier,external_va_, 3, 3021310, 3025448
MPI_Barrier,bcond3_u_, 1, 31359, 32660
MPI_Barrier,adjust_ufvf_, 2, 24558719, 24561587
MPI_Barrier,internal_q_, 21, 175729568, 175762182
MPI_Barrier,bcond6_, 5, 8603157, 8612054
MPI_Barrier,advct_, 5, 198044, 204851
MPI_Barrier,update_initial_, 5, 4531610, 4540602
MPI_Barrier,mode_interaction_, 3, 5754870, 5759708
MPI_Barrier,bottom_friction_, 1, 30707, 31856
MPI_Barrier,read_init_, 1, 27867, 29347
MPI_Barrier,bcond1_, 1, 30266, 31586
MPI_Barrier,bcond3_v_, 1, 20441749, 20442901
MPI_Barrier,internal_v_, 5, 83738810, 83746397
MPI_Barrier,external_el_, 1, 29369, 31133
MPI_Barrier,internal_t_, 8, 45586264, 45599753
MPI_Barrier,baropg_, 6, 9780626, 9791370
MPI_Barrier,bcond2_ua_, 2, 58434, 61018
MPI_Barrier,bcond4_, 7, 41751647, 41761875
kernel_host_928901692857333394,dens_, 11, 31251160, 31252388
kernel_host_3904638810941265799,internal_q_, 9, 14407833, 14417303
internal_update_,MAIN__, 10, 9561015, 9561540
kernel_host_2668086296973077183,internal_q_, 9, 25852286, 25855670
kernel_host_15777227199745514466,mode_interaction_, 20, 2206903, 2208710
MPI_Bcast,external_update_, 600, 14305909, 14344812
MPI_Bcast,read_init_, 58, 97138717, 97141430
kernel_host_2704996265738245537,internal_w_, 9, 15117407, 15122442
kernel_host_7338183325372557907,internal_q_, 18, 291081914, 291084880
bcond3_u_,internal_u_, 9, 420460516, 420460706
kernel_host_13670386984375334520,bcond2_va_, 300, 52032478, 52051592
kernel_host_13670386984375334520,bcond2_ua_, 300, 52073269, 52106197
kernel_host_14960680749554967015,internal_u_, 9, 882989, 883665
adjust_ufvf_,MAIN__, 9, 569065870, 569066027
MPI_Gather,external_update_, 300, 2054476400, 2054592240
kernel_host_13005850972175828160,adjust_uv_, 9, 16579469, 16580166
kernel_host_4023198913931606276,update_initial_, 1, 94253, 94897
kernel_host_4023198913931606276,mode_interaction_, 10, 828730, 829195
internal_q_,MAIN__, 9, 9241301157, 9241302438
kernel_host_9872960228072659106,bcond4_, 36, 215732693, 215742657
kernel_host_17156898055338419057,advct_, 10, 31489180, 31492506
bcond6_,internal_q_, 9, 624509468, 624513691
advct_,lateral_viscosity_, 10, 656902742, 656903227
kernel_host_7004053664364030334,external_update_, 900, 144200905, 144256213
MPI_Comm_dup,read_init_, 50, 45183714, 45211014
update_initial_,MAIN__, 1, 693915524, 693915537
kernel_host_13678541340789269977,external_update_, 300, 32039903, 32051573
kernel_host_13678541340789269977,internal_update_, 20, 2154822, 2156302
kernel_host_13678541340789269977,internal_q_, 9, 1048399, 1048647
kernel_host_13678541340789269977,update_initial_, 2, 405417, 405966
kernel_host_13678541340789269977,internal_t_, 18, 1958502, 1959226
kernel_host_677570178439262390,advave_, 10, 3049520, 3050512
__variables_MOD_init_variables,MAIN__, 1, 17002034918, 17002034931
kernel_host_5251974738527917755,internal_u_, 9, 2099211, 2099506
MPI_Comm_free,read_init_, 50, 264258, 291436
kernel_host_18110621675970109649,internal_q_, 9, 19810464, 19811230
kernel_host_2998007382017772732,dens_, 11, 48261508, 48262415
kernel_host_18070178787332596206,internal_q_, 9, 41544759, 41545540
kernel_host_11735378529907380392,internal_v_, 9, 29670357, 29670920
kernel_host_11711072112829525569,internal_q_, 9, 964034, 968074
kernel_host_5742318362719794899,mode_interaction_, 10, 1211306, 1212324
mode_interaction_,MAIN__, 10, 1462107798, 1462108914
kernel_host_533893640144992498,advct_, 10, 35035974, 35039609
kernel_host_11243618430834388333,external_update_, 290, 40375819, 40389300
kernel_host_13767876723361870048,smoth_update_, 18, 59610239, 59611796
kernel_host_13767876723361870048,smoth_update1_, 18, 59197588, 59198323
kernel_host_14772865060589351907,advct_, 10, 49391105, 49394736
kernel_host_13527600874346049264,dens_, 22, 35084074, 35085740
kernel_host_1406632355128019739,external_el_, 300, 97537648, 97563329
kernel_host_7308789819381199256,internal_v_, 9, 19409779, 19410315
kernel_host_13029536952378754949,internal_q_, 9, 88626273, 88629745
MPI_Get_processor_name,mpi_get_processor_name_, 1, 3268, 3281
kernel_host_5285627496081891117,dens_, 11, 18076260, 18077188
MAIN__,main, 1, 55024143448, 55024144042
kernel_host_4064066695173842015,baropg_, 11, 18506301, 18513055
kernel_host_10878038741274582305,internal_q_, 18, 28936777, 28940925
kernel_host_9870073709680686895,internal_q_, 9, 25562562, 25566771
MPI_Get_count,read_init_, 100, 306150, 375132
kernel_host_17988520462433045664,baropg_, 11, 25822527, 25828333
kernel_host_1513189204643337441,external_update_, 10, 843009, 844970
kernel_host_1513189204643337441,internal_q_, 18, 1478798, 1479500
bottom_friction_,MAIN__, 1, 33585350, 33585365
read_init_,__variables_MOD_init_variables, 1, 16854468708, 16854468721
kernel_host_5613771957553797452,external_update_, 10, 1375650, 1376531
kernel_host_11785900214035726808,adjust_ufvf_, 18, 49117836, 49122012
MPI_Type_commit,external_update_, 600, 11249464, 11274906
MPI_Type_commit,internal_u_, 859, 10220638, 10250351
MPI_Type_commit,dens_, 859, 10378483, 10428787
MPI_Type_commit,MAIN__, 6872, 83942254, 84172797
MPI_Type_commit,read_init_, 953, 16862850, 16913636
MPI_Type_commit,internal_t_, 859, 10146379, 10171204
MPI_Type_commit,baropg_, 859, 11349093, 11383977
bcond1_,external_el_, 300, 138030401, 138064870
bcond3_v_,internal_v_, 9, 175973790, 175973965
kernel_host_6151473719594853315,internal_u_, 9, 1551186, 1551535
kernel_host_6151473719594853315,internal_v_, 9, 1544307, 1544622
kernel_host_6151473719594853315,internal_t_, 18, 3065777, 3066263
MPI_Type_free,external_update_, 600, 641406, 654949
MPI_Type_free,internal_u_, 859, 787947, 805350
MPI_Type_free,dens_, 859, 877303, 891875
MPI_Type_free,MAIN__, 6872, 8023974, 8147940
MPI_Type_free,read_init_, 953, 788541, 814354
MPI_Type_free,internal_t_, 859, 780250, 796153
MPI_Type_free,baropg_, 859, 941990, 957088
bcond2_va_,external_va_, 300, 338391384, 338399380
internal_v_,MAIN__, 9, 2523081808, 2523081972
kernel_host_149332173039792024,internal_u_, 9, 973988, 974316
kernel_host_149332173039792024,internal_v_, 9, 966574, 966888
kernel_host_2769894380674479461,bcond2_va_, 300, 52085424, 52118443
kernel_host_2769894380674479461,bcond2_ua_, 300, 55442366, 55541511
MPI_Type_size,read_init_, 50, 94552, 115597
kernel_host_11364641885718042762,internal_q_, 9, 20253580, 20257821
kernel_host_14742595204480865565,bcond3_v_, 9, 23913917, 23918471
kernel_host_14177333148799137211,dens_, 11, 36146454, 36147792
kernel_host_11734272273339620725,internal_q_, 9, 29156658, 29157532
get_time_,MAIN__, 10, 7999, 8513
kernel_host_9828195426201177678,internal_t_, 18, 42353688, 42362960
kernel_host_2403034596777470961,bcond6_, 18, 88336012, 88344296
external_el_,MAIN__, 300, 413246720, 413270275
kernel_host_5425075240490291438,bcond4_, 18, 106315469, 106322084
kernel_host_3203235421309124674,advave_, 10, 3093862, 3094502
kernel_host_18194556031340472576,external_update_, 290, 46097815, 46117799
kernel_host_4089695605558063454,internal_v_, 9, 976439, 976819
kernel_host_2077031470031862986,dens_, 11, 83376481, 83377656
kernel_host_6065031066545417016,internal_q_, 9, 29775342, 29781421
internal_t_,MAIN__, 18, 7183811489, 7183812351
baropg_,lateral_viscosity_, 10, 1526432737, 1526433183
baropg_,update_initial_, 1, 402847206, 402847223
kernel_host_5579468312897313468,bcond6_, 18, 96687226, 96691613
kernel_host_16004796625768757002,advave_, 10, 3806968, 3808591
kernel_host_16514618981259130990,internal_t_, 18, 50298670, 50300412
bcond2_ua_,external_ua_, 300, 455876994, 455968472
kernel_host_14841353772382616086,external_va_, 60, 31935565, 31943887
kernel_host_669428828628634244,baropg_, 11, 61149695, 61150367
kernel_host_8607595517187487955,bcond6_, 18, 88068745, 88075710
bcond4_,internal_t_, 18, 1447490512, 1447499928
kernel_host_14516561621248944045,update_initial_, 1, 1672688, 1673580
kernel_host_5189765816641970822,internal_u_, 9, 2391459, 2391842
kernel_host_5189765816641970822,internal_v_, 9, 2204931, 2205122
kernel_host_4181240233776583252,internal_q_, 9, 25019040, 25019919
kernel_host_4582267827303034181,internal_q_, 9, 15011466, 15014990
