kernel_host_17876976960434219323,dens_, 11, 9272096, 9273230
external_update_,MAIN__, 50, 677927276, 677928434
kernel_host_11974978034716845838,baropg_, 11, 33928817, 33929851
surface_forcing_,MAIN__, 10, 12113545, 12114133
internal_u_,MAIN__, 9, 2525411953, 2525412705
kernel_host_2904305052371605897,lateral_viscosity_, 10, 43172809, 43173520
kernel_host_18056069231970590520,external_va_, 50, 16280483, 16285182
kernel_host_11313705801899030046,internal_u_, 9, 7556704, 7557089
kernel_host_17356059520636453398,external_ua_, 50, 12594406, 12601570
kernel_host_10227889028461526473,external_ua_, 10, 2992348, 2993301
sw_memcpy_host,external_update_, 3, 97913, 97973
sw_memcpy_host,surface_forcing_, 2, 69347, 70361
sw_memcpy_host,internal_u_, 144, 6621625, 6646807
sw_memcpy_host,adjust_uv_, 18, 651321, 661706
sw_memcpy_host,smoth_update_, 18, 3349685, 3350535
sw_memcpy_host,smoth_update1_, 18, 3364457, 3365480
sw_memcpy_host,internal_w_, 9, 1560997, 1565797
sw_memcpy_host,internal_update_, 60, 1902472, 1904174
sw_memcpy_host,bcond3_u_, 18, 1991644, 1992493
sw_memcpy_host,adjust_ufvf_, 54, 7361522, 7372942
sw_memcpy_host,internal_q_, 36, 5355136, 5364402
sw_memcpy_host,bcond6_, 18, 3367597, 3369170
sw_memcpy_host,update_initial_, 15, 1658520, 1661353
sw_memcpy_host,__variables_MOD_init_variables, 117, 9783725, 9786831
sw_memcpy_host,mode_interaction_, 50, 1774180, 1796631
sw_memcpy_host,read_init_, 3, 245608, 246307
sw_memcpy_host,bcond3_v_, 18, 2005922, 2006802
sw_memcpy_host,bcond2_va_, 150, 4778562, 4784705
sw_memcpy_host,internal_v_, 144, 6463955, 6481582
sw_memcpy_host,internal_t_, 252, 12128591, 12172711
sw_memcpy_host,baropg_, 22, 651340, 656913
sw_memcpy_host,bcond2_ua_, 150, 4846778, 4854575
sw_memcpy_host,bcond4_, 54, 9990657, 10003643
kernel_host_11078693922887474255,bcond1_, 50, 2157201, 2167922
kernel_host_11078693922887474255,bcond2_va_, 50, 2172448, 2180202
kernel_host_11078693922887474255,bcond2_ua_, 50, 2243793, 2254209
kernel_host_13095133616550115949,internal_u_, 9, 4011627, 4012706
kernel_host_13095133616550115949,internal_v_, 9, 3879030, 3880089
kernel_host_13095133616550115949,internal_t_, 18, 7915988, 7917483
kernel_host_10018654585745270947,advct_, 10, 33591453, 33591713
__config_MOD_loadconfig,__variables_MOD_init_variables, 1, 6541540, 6541553
kernel_host_14913372915240065947,internal_t_, 18, 77104667, 77107046
kernel_host_9476223794341086031,bcond6_, 18, 31901811, 31906550
main,__libc_start_main, 1, 36181577798, 36212003532
kernel_host_3118027215046091878,bottom_friction_, 1, 162384, 162738
init_fields_,MAIN__, 1, 52224, 52237
lateral_viscosity_,MAIN__, 10, 1271683908, 1271684056
kernel_host_940921560178879518,dens_, 11, 5707459, 5708346
kernel_host_940921560178879518,internal_q_, 9, 4698132, 4702265
kernel_host_4654656141485052332,bcond3_u_, 9, 17655064, 17655749
mpi_barrier_,__variables_MOD_init_variables, 11, 59095258, 59096450
mpi_barrier_,MAIN__, 18, 1462077300, 1462078182
mpi_barrier_,read_init_, 20, 247733255, 247734660
kernel_host_2895507310617246303,external_va_, 10, 1266029, 1267606
kernel_host_1711344829487799974,bcond4_, 18, 34331548, 34338914
external_ua_,MAIN__, 50, 237449152, 237451163
mpi_comm_rank_,MAIN__, 1, 1193, 1316
kernel_host_13054536613402403077,internal_q_, 9, 786687, 786965
kernel_host_8383241828137858514,internal_t_, 18, 1878982, 1879481
kernel_host_10908567227736662191,read_init_, 1, 476512, 476830
mpi_comm_size_,MAIN__, 1, 342, 356
kernel_host_11544715019137345953,adjust_uv_, 9, 5875942, 5876243
kernel_host_5354701768032446803,mode_interaction_, 10, 539692, 540607
kernel_host_8054816732667103883,bcond4_, 18, 34526212, 34535371
mpi_get_processor_name_,MAIN__, 1, 4480, 4495
kernel_host_18092185543702176767,internal_v_, 9, 20789406, 20790541
kernel_host_5305202362360132607,internal_q_, 9, 6378548, 6382015
MPI_Init,MAIN__, 1, 2084663434, 2084663467
kernel_host_6495952187057350598,internal_u_, 9, 4409620, 4409833
kernel_host_16025009267156524296,external_ua_, 10, 918164, 918855
kernel_host_14930920824767543618,advct_, 10, 38171391, 38172285
MPI_Irecv,external_update_, 50, 89799, 91165
MPI_Irecv,read_init_, 8, 15294, 15630
adjust_uv_,MAIN__, 9, 283945215, 283945524
kernel_host_17572185407420011884,bcond6_, 18, 8963782, 8967489
kernel_host_3362328253860953284,dens_, 33, 21477348, 21478904
kernel_host_3362328253860953284,internal_t_, 18, 11843092, 11850209
kernel_host_16474014825694923176,bcond4_, 36, 80216125, 80230107
smoth_update_,internal_q_, 9, 55411190, 55411351
MPI_Isend,internal_u_, 981, 6384696, 6430245
MPI_Isend,external_ua_, 87, 740173, 749523
MPI_Isend,dens_, 899, 6495138, 6567732
MPI_Isend,advave_, 92, 438502, 444393
MPI_Isend,external_va_, 87, 2058920, 2066604
MPI_Isend,bcond3_u_, 18, 160336, 166364
MPI_Isend,internal_q_, 90, 869106, 893416
MPI_Isend,bcond6_, 2, 29166, 30479
MPI_Isend,advct_, 140, 1248296, 1285630
MPI_Isend,MAIN__, 7256, 43192904, 43360447
MPI_Isend,read_init_, 901, 7618816, 7644378
MPI_Isend,bcond3_v_, 9, 130690, 134640
MPI_Isend,internal_v_, 73, 620171, 632258
MPI_Isend,internal_t_, 971, 6076665, 6116169
MPI_Isend,baropg_, 921, 5707217, 5734219
kernel_host_6678857161791714567,internal_v_, 9, 939079, 940103
kernel_host_3056794744720896216,internal_u_, 9, 5418817, 5423550
kernel_host_3056794744720896216,internal_v_, 9, 5376336, 5381029
kernel_host_10497226412570990612,adjust_ufvf_, 18, 18491018, 18492285
MPI_Recv,internal_u_, 18, 686440398, 686441765
MPI_Recv,lateral_viscosity_, 20, 21151842, 21155353
MPI_Recv,external_ua_, 12, 5723650, 5724382
MPI_Recv,advave_, 36, 42017892, 42020836
MPI_Recv,internal_w_, 18, 13268549, 13273697
MPI_Recv,external_va_, 12, 9206623, 9207158
MPI_Recv,bcond3_u_, 18, 82554791, 82555542
MPI_Recv,internal_q_, 114, 93005029, 93013168
MPI_Recv,bcond6_, 2, 2182905, 2184149
MPI_Recv,advct_, 98, 63727373, 63733643
MPI_Recv,MAIN__, 64, 1539424, 1541292
MPI_Recv,bcond3_v_, 18, 10181228, 10182496
MPI_Recv,internal_v_, 18, 10723227, 10724020
MPI_Recv,internal_t_, 72, 341373292, 341375183
kernel_host_561946464185660303,update_initial_, 1, 527947, 528590
dens_,update_initial_, 1, 12277293, 12277307
dens_,MAIN__, 9, 101293683, 101293851
dens_,read_init_, 1, 399480490, 399480504
kernel_host_7666798020544911213,external_update_, 10, 449712, 450528
kernel_host_3801595614667731380,bcond4_, 18, 32120513, 32129763
MPI_Send,external_update_, 50, 182470, 183705
MPI_Send,read_init_, 8, 234889, 235054
kernel_host_17675233011309389831,internal_w_, 9, 12879970, 12880498
kernel_host_15379746689016184240,baropg_, 11, 12545068, 12548946
kernel_host_8976449558737060572,internal_q_, 18, 14988662, 14989722
smoth_update1_,internal_t_, 18, 22865612, 22865898
kernel_host_12880096600322512940,internal_u_, 9, 18319180, 18320525
advave_,mode_interaction_, 10, 221269040, 221270166
kernel_host_17600160524251074110,internal_u_, 9, 5324488, 5327663
kernel_host_17600160524251074110,internal_v_, 9, 5355347, 5358555
kernel_host_17600160524251074110,internal_t_, 18, 10660730, 10667775
internal_w_,MAIN__, 9, 526970500, 526971732
kernel_host_10447168533120541692,internal_u_, 9, 423837, 424298
kernel_host_10447168533120541692,internal_v_, 9, 410231, 410606
kernel_host_10447168533120541692,internal_t_, 18, 846155, 847487
MPI_Waitall,external_update_, 50, 150687, 152450
MPI_Waitall,internal_u_, 1880, 68159708, 68199195
MPI_Waitall,external_ua_, 87, 999173, 1002195
MPI_Waitall,dens_, 1798, 7228352, 7285794
MPI_Waitall,advave_, 68, 580177, 581915
MPI_Waitall,external_va_, 87, 1158897, 1161670
MPI_Waitall,bcond3_u_, 18, 45779720, 45780730
MPI_Waitall,internal_q_, 90, 53723736, 53745989
MPI_Waitall,bcond6_, 2, 33964, 34047
MPI_Waitall,advct_, 127, 38680790, 38689852
MPI_Waitall,MAIN__, 14416, 54233600, 54493030
MPI_Waitall,read_init_, 1810, 7017728, 7052632
MPI_Waitall,bcond3_v_, 9, 829030, 833145
MPI_Waitall,internal_v_, 73, 16828073, 16829868
MPI_Waitall,internal_t_, 1870, 135971945, 136025665
MPI_Waitall,baropg_, 1820, 11277199, 11310189
kernel_host_11180554648481108675,internal_q_, 9, 756506, 760189
kernel_host_12580761429086804727,advave_, 10, 1475844, 1476726
kernel_host_14171480367845884996,adjust_uv_, 18, 8747133, 8752955
kernel_host_14171480367845884996,update_initial_, 2, 958364, 958775
kernel_host_14171480367845884996,mode_interaction_, 50, 24099155, 24101535
kernel_host_6269904581008346741,internal_q_, 9, 13944889, 13946084
kernel_host_7809988743068049318,advave_, 10, 1254508, 1256574
lateral_bc_,MAIN__, 10, 5847, 6100
kernel_host_5341804159594033185,internal_u_, 9, 4454284, 4459506
kernel_host_5341804159594033185,bcond3_u_, 9, 4498721, 4502738
kernel_host_5341804159594033185,bcond3_v_, 9, 4501736, 4506366
kernel_host_5341804159594033185,internal_v_, 9, 4525078, 4529331
kernel_host_5341804159594033185,bcond4_, 18, 8944203, 8952236
kernel_host_7756675061965279120,baropg_, 11, 6016979, 6022512
kernel_host_167483268786796797,internal_q_, 9, 10399491, 10400440
external_va_,MAIN__, 50, 185430610, 185432013
kernel_host_14523175272559072737,internal_q_, 9, 4304304, 4305252
MPI_Barrier,external_update_, 4, 126920, 131030
MPI_Barrier,internal_u_, 8, 358023571, 358036638
MPI_Barrier,lateral_viscosity_, 1, 30018, 36729
MPI_Barrier,mpi_barrier_, 49, 1768866161, 1768867470
MPI_Barrier,external_ua_, 3, 18241656, 18245817
MPI_Barrier,adjust_uv_, 2, 7956821, 7960226
MPI_Barrier,smoth_update_, 1, 8040164, 8041333
MPI_Barrier,dens_, 9, 66451366, 66507042
MPI_Barrier,advave_, 5, 37951751, 37958108
MPI_Barrier,internal_w_, 2, 32307172, 32310349
MPI_Barrier,external_va_, 3, 23769931, 23774336
MPI_Barrier,bcond3_u_, 1, 4681350, 4682996
MPI_Barrier,adjust_ufvf_, 2, 53616340, 53618345
MPI_Barrier,internal_q_, 21, 503350216, 503377760
MPI_Barrier,bcond6_, 5, 28768967, 28775999
MPI_Barrier,advct_, 5, 10367079, 10373772
MPI_Barrier,update_initial_, 5, 69208567, 69259271
MPI_Barrier,mode_interaction_, 3, 38797312, 38801908
MPI_Barrier,bottom_friction_, 1, 29473, 30454
MPI_Barrier,read_init_, 1, 28183, 29535
MPI_Barrier,bcond1_, 1, 4097238, 4098858
MPI_Barrier,bcond3_v_, 1, 14769309, 14770582
MPI_Barrier,internal_v_, 5, 52932376, 52939744
MPI_Barrier,external_el_, 1, 5835331, 5836924
MPI_Barrier,internal_t_, 8, 521504869, 521516048
MPI_Barrier,baropg_, 6, 67759254, 67767110
MPI_Barrier,bcond2_ua_, 2, 13225836, 13228577
MPI_Barrier,bcond4_, 7, 46607974, 46618386
kernel_host_928901692857333394,dens_, 11, 9537359, 9538399
kernel_host_3904638810941265799,internal_q_, 9, 4435326, 4445362
internal_update_,MAIN__, 10, 3734759, 3735681
kernel_host_2668086296973077183,internal_q_, 9, 8692040, 8696396
kernel_host_15777227199745514466,mode_interaction_, 20, 863101, 864890
MPI_Bcast,external_update_, 100, 881943, 889490
MPI_Bcast,read_init_, 58, 106934418, 106937405
kernel_host_2704996265738245537,internal_w_, 9, 4892350, 4897350
kernel_host_7338183325372557907,internal_q_, 18, 102264370, 102266876
bcond3_u_,internal_u_, 9, 201972930, 201973114
kernel_host_13670386984375334520,bcond2_va_, 50, 3794691, 3797483
kernel_host_13670386984375334520,bcond2_ua_, 50, 3827046, 3831040
kernel_host_14960680749554967015,internal_u_, 9, 337481, 337984
adjust_ufvf_,MAIN__, 9, 342187073, 342187211
MPI_Gather,external_update_, 50, 547426233, 547443416
kernel_host_13005850972175828160,adjust_uv_, 9, 5905670, 5906104
kernel_host_4023198913931606276,update_initial_, 1, 41927, 42569
kernel_host_4023198913931606276,mode_interaction_, 10, 360438, 360827
internal_q_,MAIN__, 9, 5445885323, 5445886501
kernel_host_9872960228072659106,bcond4_, 36, 80239679, 80249398
kernel_host_17156898055338419057,advct_, 10, 11932436, 11936439
bcond6_,internal_q_, 9, 334327582, 334330669
advct_,lateral_viscosity_, 10, 409594851, 409595350
kernel_host_7004053664364030334,external_update_, 3, 185073, 185674
MPI_Comm_dup,read_init_, 50, 44915750, 44940509
update_initial_,MAIN__, 1, 613427238, 613427251
kernel_host_13678541340789269977,external_update_, 1, 43563, 43594
kernel_host_13678541340789269977,internal_update_, 20, 828649, 829858
kernel_host_13678541340789269977,internal_q_, 9, 427446, 428012
kernel_host_13678541340789269977,update_initial_, 2, 90149, 90675
kernel_host_13678541340789269977,internal_t_, 18, 776824, 777872
kernel_host_677570178439262390,advave_, 10, 1223493, 1224992
__variables_MOD_init_variables,MAIN__, 1, 13429352209, 13429352222
kernel_host_5251974738527917755,internal_u_, 9, 858367, 858569
MPI_Comm_free,read_init_, 50, 449825, 592118
kernel_host_18110621675970109649,internal_q_, 9, 6344771, 6345498
kernel_host_2998007382017772732,dens_, 11, 14366941, 14367936
kernel_host_18070178787332596206,internal_q_, 9, 15299939, 15300932
kernel_host_11735378529907380392,internal_v_, 9, 8846841, 8848422
kernel_host_11711072112829525569,internal_q_, 9, 424894, 428361
kernel_host_5742318362719794899,mode_interaction_, 10, 478884, 480174
mode_interaction_,MAIN__, 10, 825347744, 825348430
kernel_host_533893640144992498,advct_, 10, 11341956, 11345679
kernel_host_13767876723361870048,smoth_update_, 18, 18046100, 18047840
kernel_host_13767876723361870048,smoth_update1_, 18, 18237195, 18237908
kernel_host_14772865060589351907,advct_, 10, 15440062, 15444371
kernel_host_13527600874346049264,dens_, 22, 10517898, 10519239
kernel_host_1406632355128019739,external_el_, 50, 6705525, 6711893
kernel_host_7308789819381199256,internal_v_, 9, 5996908, 5997185
kernel_host_13029536952378754949,internal_q_, 9, 32050055, 32055605
MPI_Get_processor_name,mpi_get_processor_name_, 1, 3589, 3602
kernel_host_5285627496081891117,dens_, 11, 5817082, 5817982
MAIN__,main, 1, 36181558137, 36181558509
kernel_host_4064066695173842015,baropg_, 11, 5954279, 5959319
kernel_host_10878038741274582305,internal_q_, 18, 8591709, 8594451
kernel_host_9870073709680686895,internal_q_, 9, 8860895, 8865160
MPI_Get_count,read_init_, 100, 305846, 409177
kernel_host_17988520462433045664,baropg_, 11, 8499699, 8503722
kernel_host_1513189204643337441,external_update_, 10, 366595, 367429
kernel_host_1513189204643337441,internal_q_, 18, 630939, 631832
bottom_friction_,MAIN__, 1, 33378351, 33378365
read_init_,__variables_MOD_init_variables, 1, 13335715265, 13335715280
kernel_host_5613771957553797452,external_update_, 10, 519936, 521163
kernel_host_11785900214035726808,adjust_ufvf_, 18, 15116282, 15119340
MPI_Type_commit,external_update_, 100, 1912017, 1918778
MPI_Type_commit,internal_u_, 899, 10603297, 10632950
MPI_Type_commit,dens_, 899, 11495478, 11688166
MPI_Type_commit,MAIN__, 7192, 85530607, 85733305
MPI_Type_commit,read_init_, 993, 17858830, 17927013
MPI_Type_commit,internal_t_, 899, 10615224, 10641400
MPI_Type_commit,baropg_, 899, 10603660, 10630808
bcond1_,external_el_, 50, 39165725, 39171980
bcond3_v_,internal_v_, 9, 86711634, 86711828
kernel_host_6151473719594853315,internal_u_, 9, 644442, 645507
kernel_host_6151473719594853315,internal_v_, 9, 648562, 649832
kernel_host_6151473719594853315,internal_t_, 18, 1281957, 1282865
MPI_Type_free,external_update_, 100, 96640, 99286
MPI_Type_free,internal_u_, 899, 829796, 846451
MPI_Type_free,dens_, 899, 803871, 830959
MPI_Type_free,MAIN__, 7192, 6667264, 6796791
MPI_Type_free,read_init_, 993, 866427, 897326
MPI_Type_free,internal_t_, 899, 808575, 825192
MPI_Type_free,baropg_, 899, 814639, 831297
bcond2_va_,external_va_, 50, 30734691, 30736316
internal_v_,MAIN__, 9, 1189618764, 1189619547
kernel_host_149332173039792024,internal_u_, 9, 385426, 386892
kernel_host_149332173039792024,internal_v_, 9, 399446, 400645
kernel_host_2769894380674479461,bcond2_va_, 50, 3692540, 3695710
kernel_host_2769894380674479461,bcond2_ua_, 50, 3809611, 3821355
MPI_Type_size,read_init_, 50, 92423, 113680
kernel_host_11364641885718042762,internal_q_, 9, 7143028, 7144117
kernel_host_14742595204480865565,bcond3_v_, 9, 10936861, 10940688
kernel_host_14177333148799137211,dens_, 11, 11175641, 11176690
kernel_host_11734272273339620725,internal_q_, 9, 8982147, 8983056
get_time_,MAIN__, 10, 7808, 8309
kernel_host_9828195426201177678,internal_t_, 18, 13761033, 13768898
kernel_host_2403034596777470961,bcond6_, 18, 29465369, 29472674
external_el_,MAIN__, 50, 87302582, 87310733
kernel_host_5425075240490291438,bcond4_, 18, 34299137, 34307900
kernel_host_3203235421309124674,advave_, 10, 1249386, 1249931
kernel_host_4089695605558063454,internal_v_, 9, 401427, 402324
kernel_host_2077031470031862986,dens_, 11, 30067291, 30068470
kernel_host_6065031066545417016,internal_q_, 9, 10615545, 10619967
internal_t_,MAIN__, 18, 4489913707, 4489915232
baropg_,lateral_viscosity_, 10, 760945576, 760946370
baropg_,update_initial_, 1, 356949373, 356949388
kernel_host_5579468312897313468,bcond6_, 18, 31893760, 31895798
kernel_host_16004796625768757002,advave_, 10, 930610, 931480
kernel_host_16514618981259130990,internal_t_, 18, 15021735, 15024393
bcond2_ua_,external_ua_, 50, 96129102, 96132666
kernel_host_14841353772382616086,external_va_, 10, 2278820, 2279974
kernel_host_669428828628634244,baropg_, 11, 22141631, 22142443
kernel_host_8607595517187487955,bcond6_, 18, 29185038, 29192121
bcond4_,internal_t_, 18, 746010543, 746020290
kernel_host_14516561621248944045,update_initial_, 1, 490042, 490498
kernel_host_5189765816641970822,internal_u_, 9, 924074, 924293
kernel_host_5189765816641970822,internal_v_, 9, 903470, 903620
kernel_host_4181240233776583252,internal_q_, 9, 8192731, 8193916
kernel_host_4582267827303034181,internal_q_, 9, 4847879, 4851865
