external_update_,MAIN__, 50, 354594303, 354595059
surface_forcing_,MAIN__, 10, 7531647, 7532215
internal_u_,MAIN__, 9, 440409930, 440410030
main,__libc_start_main, 1, 12875208054, 12891191110
__config_MOD_loadconfig,__variables_MOD_init_variables, 1, 6761275, 6761671
mpi_barrier_,__variables_MOD_init_variables, 1, 157928, 157965
mpi_barrier_,read_init_, 1, 13336, 13356
mpi_barrier_,read_init_, 1, 7020, 7040
mpi_barrier_,read_init_, 1, 7906, 7926
mpi_barrier_,MAIN__, 1, 16384, 16404
mpi_barrier_,__variables_MOD_init_variables, 1, 140578, 140614
mpi_barrier_,read_init_, 1, 6946518, 6946933
mpi_barrier_,read_init_, 1, 36151908, 36152101
mpi_barrier_,__variables_MOD_init_variables, 1, 61839, 62031
mpi_barrier_,read_init_, 1, 6117139, 6117159
mpi_barrier_,