kernel_host_10497226412570990612,adjust_ufvf_, 18, 42911699, 42914325
kernel_host_17572185407420011884,bcond6_, 18, 20979829, 20981558
kernel_host_7666798020544911213,external_update_, 10, 851854, 853070
MPI_Waitall,read_init_, 2010, 42592184, 42637584
MPI_Waitall,bcond3_v_, 18, 13265415, 13270014
MPI_Waitall,internal_v_, 18, 14483746, 14484663
MPI_Waitall,external_el_, 160, 2784539, 2788070
MPI_Waitall,internal_t_, 2070, 33312392, 33363303
MPI_Waitall,baropg_, 1998, 36952199, 37021398
MPI_Waitall,MAIN__, 16016, 294705829, 294974422
MPI_Waitall,external_update_, 50, 150520, 151394
MPI_Waitall,internal_u_, 2016, 31657610, 31691486
MPI_Waitall,lateral_viscosity_, 20, 247934, 248536
MPI_Waitall,external_ua_, 50, 410370, 412280
MPI_Waitall,dens_, 1998, 28437546, 28469044
MPI_Waitall,advave_, 100, 9111927, 9115421
MPI_Waitall,internal_w_, 18, 6236953, 6237469
MPI_Waitall,external_va_, 30, 11101133, 11102554
MPI_Waitall,bcond3_u_, 18, 79860, 80622
MPI_Waitall,print_section_, 6, 21495, 21654
MPI_Waitall,internal_q_, 114, 19251335, 19274647
MPI_Waitall,bcond6_, 2, 86301, 86334
MPI_Waitall,advct_, 98, 7317249, 7324733
kernel_host_16474014825694923176,bcond4_, 36, 171684471, 171697112
kernel_host_17675233011309389831,internal_w_, 9, 24730300, 24730954
bottom_friction_,MAIN__, 1, 87049303, 87049316
kernel_host_3056794744720896216,internal_v_, 9, 11896055, 11900764
kernel_host_3056794744720896216,internal_u_, 9, 11856373, 11859992
read_init_,__variables_MOD_init_variables, 1, 11035809855, 11035809870
MPI_Allreduce,print_section_, 5, 49348258, 49349973
kernel_host_8976449558737060572,internal_q_, 18, 35332622, 35334713
bcond1_,external_el_, 50, 46268639, 46276833
kernel_host_561946464185660303,update_initial_, 1, 1198967, 1199239
bcond3_v_,internal_v_, 9, 102803739, 102803975
kernel_host_17600160524251074110,internal_v_, 9, 12133607, 12137653
kernel_host_17600160524251074110,internal_t_, 18, 23729570, 23739250
kernel_host_17600160524251074110,internal_u_, 9, 12071271, 12075935
bcond2_va_,external_va_, 50, 40950695, 40958630
kernel_host_3801595614667731380,bcond4_, 18, 72486159, 72496584
internal_v_,MAIN__, 9, 1306443980, 1306444392
kernel_host_11180554648481108675,internal_q_, 9, 1400371, 1404864
kernel_host_15379746689016184240,baropg_, 11, 27782127, 27785036
MPI_Barrier,bottom_friction_, 1, 73962707, 73962851
MPI_Barrier,read_init_, 1, 21658209, 21658627
MPI_Barrier,bcond1_, 1, 19131363, 19131384
MPI_Barrier,bcond3_v_, 1, 14451858, 14451911
MPI_Barrier,internal_v_, 5, 168159245, 168160771
MPI_Barrier,adjust_ufvf_, 2, 201449208, 201449701
MPI_Barrier,external_el_, 1, 19406360, 19406397
MPI_Barrier,internal_t_, 8, 231309800, 231314655
MPI_Barrier,baropg_, 6, 200296041, 200298297
MPI_Barrier,bcond2_ua_, 2, 54459392, 54460351
MPI_Barrier,bcond4_, 7, 132772366, 132776170
MPI_Barrier,external_update_, 7, 162583570, 162585066
MPI_Barrier,internal_u_, 8, 241190768, 241192967
MPI_Barrier,lateral_viscosity_, 1, 20315942, 20316149
MPI_Barrier,external_ua_, 3, 70632515, 70633324
MPI_Barrier,adjust_uv_, 2, 41236967, 41237474
MPI_Barrier,smoth_update_, 1, 31941236, 31941346
MPI_Barrier,dens_, 9, 332247725, 332248860
MPI_Barrier,advave_, 5, 200582991, 200583916
MPI_Barrier,internal_w_, 2, 45778060, 45779600
MPI_Barrier,external_va_, 3, 68290085, 68290842
MPI_Barrier,mpi_barrier_, 49, 559578586, 559580172
MPI_Barrier,bcond3_u_, 1, 16764532, 16765003
MPI_Barrier,print_section_, 4, 120627731, 120628887
MPI_Barrier,internal_q_, 21, 630484699, 630494137
MPI_Barrier,bcond6_, 5, 176587149, 176589852
MPI_Barrier,advct_, 5, 101221646, 101223455
MPI_Barrier,update_initial_, 5, 131544997, 131546072
MPI_Barrier,mode_interaction_, 3, 69453507, 69454156
kernel_host_14171480367845884996,adjust_uv_, 18, 20162293, 20166048
kernel_host_14171480367845884996,update_initial_, 2, 2225199, 2225557
kernel_host_14171480367845884996,mode_interaction_, 50, 57215106, 57219843
adjust_ufvf_,MAIN__, 9, 458939098, 458939318
kernel_host_12880096600322512940,internal_u_, 9, 39215214, 39215813
MPI_Bcast,read_init_, 58, 196129632, 196147830
MPI_Bcast,external_update_, 100, 220602718, 220608341
MPI_Bcast,print_section_, 6, 18877297, 18877410
kernel_host_7809988743068049318,advave_, 10, 2442716, 2442935
get_time_,MAIN__, 10, 7302, 7653
kernel_host_10447168533120541692,internal_v_, 9, 788409, 788778
kernel_host_10447168533120541692,internal_t_, 18, 1599432, 1599825
kernel_host_10447168533120541692,internal_u_, 9, 797093, 797284
kernel_host_2895507310617246303,external_va_, 10, 2447464, 2449559
kernel_host_7756675061965279120,baropg_, 11, 13890905, 13899611
external_el_,MAIN__, 50, 104782341, 104787659
kernel_host_12580761429086804727,advave_, 10, 2848877, 2849344
MPI_Gather,external_update_, 50, 1701746, 1715527
kernel_host_3904638810941265799,internal_q_, 9, 10200571, 10208813
kernel_host_14523175272559072737,internal_q_, 9, 10127642, 10128308
kernel_host_6269904581008346741,internal_q_, 9, 30785875, 30786896
kernel_host_2704996265738245537,internal_w_, 9, 11064063, 11070569
kernel_host_2668086296973077183,internal_q_, 9, 19307204, 19311636
MPI_Comm_dup,read_init_, 50, 52756988, 52786060
kernel_host_5341804159594033185,bcond3_v_, 9, 10203306, 10207942
kernel_host_5341804159594033185,internal_v_, 9, 10183799, 10191124
kernel_host_5341804159594033185,bcond4_, 18, 20815443, 20825393
kernel_host_5341804159594033185,internal_u_, 9, 10541463, 10546944
kernel_host_5341804159594033185,bcond3_u_, 9, 10528132, 10534032
kernel_host_14960680749554967015,internal_u_, 9, 572608, 572994
kernel_host_7338183325372557907,internal_q_, 18, 224329067, 224330163
internal_t_,MAIN__, 18, 4108984808, 4108985190
MPI_Comm_free,read_init_, 50, 420915, 449208
kernel_host_167483268786796797,internal_q_, 9, 24372860, 24373471
baropg_,lateral_viscosity_, 10, 806737736, 806738620
baropg_,update_initial_, 1, 399451653, 399451676
kernel_host_9872960228072659106,bcond4_, 36, 172237462, 172251000
kernel_host_13005850972175828160,adjust_uv_, 9, 12694632, 12695843
kernel_host_928901692857333394,dens_, 11, 22137543, 22139027
kernel_host_12498671133038244182,print_section_, 1, 86653, 87129
bcond2_ua_,external_ua_, 50, 122362490, 122372267
kernel_host_17156898055338419057,advct_, 10, 25640974, 25641260
kernel_host_15777227199745514466,mode_interaction_, 20, 1663146, 1664752
kernel_host_5251974738527917755,internal_u_, 9, 1634449, 1634912
kernel_host_13670386984375334520,bcond2_va_, 50, 7008703, 7013470
kernel_host_13670386984375334520,bcond2_ua_, 50, 7356067, 7371035
kernel_host_11078693922887474255,bcond1_, 50, 4419178, 4433453
kernel_host_11078693922887474255,bcond2_va_, 50, 4117760, 4122731
kernel_host_11078693922887474255,bcond2_ua_, 50, 4121149, 4127487
kernel_host_11078693922887474255,print_section_, 1, 85854, 86285
bcond4_,internal_t_, 18, 1059272126, 1059285771
kernel_host_4023198913931606276,update_initial_, 1, 64090, 64419
kernel_host_4023198913931606276,mode_interaction_, 10, 606475, 607343
kernel_host_18070178787332596206,internal_q_, 9, 32921476, 32922343
MAIN__,main, 1, 32451688813, 32451689001
kernel_host_7004053664364030334,external_update_, 150, 18617086, 18632505
kernel_host_5742318362719794899,mode_interaction_, 10, 875293, 876761
kernel_host_677570178439262390,advave_, 10, 2205370, 2206630
MPI_Get_processor_name,mpi_get_processor_name_, 1, 3319, 3332
kernel_host_11243618430834388333,external_update_, 40, 4347463, 4351245
external_update_,MAIN__, 50, 556666190, 556668414
surface_forcing_,MAIN__, 10, 5457820, 5458314
internal_u_,MAIN__, 9, 1523767676, 1523767901
kernel_host_11711072112829525569,internal_q_, 9, 679431, 683831
kernel_host_1406632355128019739,external_el_, 50, 12608934, 12611142
kernel_host_533893640144992498,advct_, 10, 25569354, 25569516
kernel_host_13029536952378754949,internal_q_, 9, 68458630, 68464372
MPI_Get_count,read_init_, 50, 88034, 116533
kernel_host_13767876723361870048,smoth_update_, 18, 42352831, 42353770
kernel_host_13767876723361870048,smoth_update1_, 18, 42481709, 42483364
kernel_host_4064066695173842015,baropg_, 11, 13727814, 13736080
MPI_Type_commit,read_init_, 41, 1315254, 1318216
MPI_Type_commit,internal_t_, 1, 28530, 28546
MPI_Type_commit,baropg_, 1, 32307, 32326
MPI_Type_commit,MAIN__, 8, 240541, 241168
MPI_Type_commit,external_update_, 100, 1999936, 2005388
MPI_Type_commit,internal_u_, 1, 29971, 30127
MPI_Type_commit,dens_, 1, 30154, 30179
MPI_Type_commit,print_section_, 10, 180943, 181994
kernel_host_13527600874346049264,dens_, 22, 24899297, 24900523
kernel_host_9870073709680686895,internal_q_, 9, 19558790, 19563489
MPI_Type_free,read_init_, 41, 31227, 32907
MPI_Type_free,internal_t_, 1, 712, 726
MPI_Type_free,baropg_, 1, 733, 747
MPI_Type_free,MAIN__, 8, 4702, 5113
MPI_Type_free,external_update_, 100, 101415, 103118
MPI_Type_free,internal_u_, 1, 906, 920
MPI_Type_free,dens_, 1, 580, 596
MPI_Type_free,print_section_, 10, 8087, 8263
kernel_host_7308789819381199256,internal_v_, 9, 14021606, 14021909
__config_MOD_loadconfig,__variables_MOD_init_variables, 1, 12901203, 12901215
kernel_host_1513189204643337441,external_update_, 10, 626195, 626867
kernel_host_1513189204643337441,internal_q_, 18, 1094030, 1094578
MPI_Type_size,read_init_, 50, 82137, 106014
kernel_host_5285627496081891117,dens_, 11, 13732061, 13732609
kernel_host_11785900214035726808,adjust_ufvf_, 18, 35196052, 35197255
init_fields_,MAIN__, 1, 53000, 53013
lateral_viscosity_,MAIN__, 10, 1475499854, 1475500181
kernel_host_10878038741274582305,internal_q_, 18, 20372858, 20374220
kernel_host_6151473719594853315,internal_v_, 9, 1198040, 1198380
kernel_host_6151473719594853315,internal_t_, 18, 2382502, 2383276
kernel_host_6151473719594853315,internal_u_, 9, 1196704, 1196992
kernel_host_17988520462433045664,baropg_, 11, 19341407, 19344751
kernel_host_2769894380674479461,bcond2_va_, 50, 6729116, 6737924
kernel_host_2769894380674479461,bcond2_ua_, 50, 7019189, 7030517
external_ua_,MAIN__, 50, 317536626, 317539230
kernel_host_5613771957553797452,external_update_, 10, 1055349, 1056118
kernel_host_14742595204480865565,bcond3_v_, 9, 22284551, 22284905
kernel_host_10653094078730851825,print_section_, 2, 3801232, 3801867
kernel_host_11734272273339620725,internal_q_, 9, 22281948, 22282436
kernel_host_149332173039792024,internal_v_, 9, 727864, 729024
kernel_host_149332173039792024,internal_u_, 9, 732980, 734424
kernel_host_2403034596777470961,bcond6_, 18, 66287002, 66294980
kernel_host_11364641885718042762,internal_q_, 9, 15593600, 15597474
kernel_host_3203235421309124674,advave_, 10, 2338720, 2338937
kernel_host_14177333148799137211,dens_, 11, 25823005, 25824020
kernel_host_4089695605558063454,internal_v_, 9, 741429, 741566
kernel_host_5189765816641970822,internal_v_, 9, 1674379, 1675020
kernel_host_5189765816641970822,internal_u_, 9, 1650177, 1650551
kernel_host_6065031066545417016,internal_q_, 9, 26220018, 26227105
adjust_uv_,MAIN__, 9, 259257576, 259258449
kernel_host_9828195426201177678,internal_t_, 18, 31025828, 31034621
kernel_host_16004796625768757002,advave_, 10, 1774139, 1774514
smoth_update_,internal_q_, 9, 92475810, 92475951
kernel_host_5425075240490291438,bcond4_, 18, 77926790, 77936746
kernel_host_14841353772382616086,external_va_, 10, 4209285, 4209514
kernel_host_18194556031340472576,external_update_, 40, 4868847, 4869950
kernel_host_17257447492840229055,print_section_, 1, 110819, 111299
dens_,read_init_, 1, 520090035, 520090048
dens_,MAIN__, 9, 235439689, 235440187
dens_,update_initial_, 1, 26618708, 26618721
kernel_host_2077031470031862986,dens_, 11, 66144228, 66145990
kernel_host_14516561621248944045,update_initial_, 1, 1144020, 1144266
kernel_host_5579468312897313468,bcond6_, 18, 71692981, 71694932
kernel_host_4181240233776583252,internal_q_, 9, 19014616, 19015665
kernel_host_16514618981259130990,internal_t_, 18, 52980851, 52982741
kernel_host_17506849007025892946,external_update_, 40, 3426697, 3431973
smoth_update1_,internal_t_, 18, 49945577, 49945859
kernel_host_669428828628634244,baropg_, 11, 48910788, 48914391
advave_,mode_interaction_, 10, 349268845, 349269197
kernel_host_11974978034716845838,baropg_, 11, 74283959, 74287030
internal_w_,MAIN__, 9, 505706883, 505708108
kernel_host_8607595517187487955,bcond6_, 18, 66033962, 66039688
kernel_host_13678541340789269977,internal_t_, 18, 1500585, 1502200
kernel_host_13678541340789269977,external_update_, 50, 4157502, 4162347
kernel_host_13678541340789269977,internal_update_, 20, 1645331, 1647635
kernel_host_13678541340789269977,internal_q_, 9, 784424, 785539
kernel_host_13678541340789269977,update_initial_, 2, 169902, 170832
kernel_host_4582267827303034181,internal_q_, 9, 11000249, 11006039
kernel_host_18110621675970109649,internal_q_, 9, 14515211, 14516314
sw_memcpy_host,read_init_, 3, 415463, 415537
sw_memcpy_host,bcond3_v_, 18, 3520494, 3520993
sw_memcpy_host,bcond2_va_, 150, 7793790, 7797350
sw_memcpy_host,internal_v_, 144, 10605938, 10628048
sw_memcpy_host,adjust_ufvf_, 54, 13191547, 13199721
sw_memcpy_host,internal_t_, 252, 19917357, 19967880
sw_memcpy_host,baropg_, 22, 881530, 882747
sw_memcpy_host,bcond2_ua_, 150, 7737754, 7740388
sw_memcpy_host,bcond4_, 54, 18621297, 18631260
sw_memcpy_host,external_update_, 150, 7726436, 7733676
sw_memcpy_host,surface_forcing_, 2, 105534, 105890
sw_memcpy_host,internal_u_, 144, 10582992, 10605740
sw_memcpy_host,adjust_uv_, 18, 812272, 820960
sw_memcpy_host,smoth_update_, 18, 6138647, 6140092
sw_memcpy_host,smoth_update1_, 18, 6238472, 6239900
sw_memcpy_host,internal_w_, 9, 2832913, 2840718
sw_memcpy_host,internal_update_, 60, 3127360, 3129476
sw_memcpy_host,bcond3_u_, 18, 3534406, 3534821
sw_memcpy_host,internal_q_, 36, 9629857, 9642215
sw_memcpy_host,bcond6_, 18, 6189377, 6189744
sw_memcpy_host,update_initial_, 15, 3088289, 3090038
sw_memcpy_host,__variables_MOD_init_variables, 115, 17950617, 17952927
sw_memcpy_host,mode_interaction_, 50, 2224530, 2248670
kernel_host_17876976960434219323,dens_, 11, 21580255, 21580878
kernel_host_11735378529907380392,internal_v_, 9, 21669833, 21670145
lateral_bc_,MAIN__, 10, 6073, 8085
main,__libc_start_main, 1, 32451708162, 32482083788
kernel_host_18056069231970590520,external_va_, 50, 31861109, 31862654
kernel_host_2904305052371605897,lateral_viscosity_, 10, 86081349, 86081872
external_va_,MAIN__, 50, 258199412, 258201591
kernel_host_17356059520636453398,external_ua_, 50, 24381866, 24390876
mpi_barrier_,read_init_, 20, 178004706, 178005213
mpi_barrier_,MAIN__, 18, 315725086, 315726035
mpi_barrier_,__variables_MOD_init_variables, 11, 65878589, 65879364
kernel_host_11313705801899030046,internal_u_, 9, 17758660, 17761920
kernel_host_10018654585745270947,advct_, 10, 71638274, 71639142
internal_update_,MAIN__, 10, 5672329, 5672794
kernel_host_10227889028461526473,external_ua_, 10, 5549917, 5550380
mpi_comm_rank_,MAIN__, 1, 1279, 1467
kernel_host_9476223794341086031,bcond6_, 18, 72376247, 72381463
kernel_host_13095133616550115949,internal_v_, 9, 9400512, 9402563
kernel_host_13095133616550115949,internal_t_, 18, 18693213, 18694545
kernel_host_13095133616550115949,internal_u_, 9, 9288057, 9289009
bcond3_u_,internal_u_, 9, 112620062, 112620271
mpi_comm_size_,MAIN__, 1, 337, 367
print_section_,MAIN__, 1, 250867282, 250867296
kernel_host_940921560178879518,dens_, 11, 21410261, 21411772
kernel_host_940921560178879518,internal_q_, 9, 17602214, 17607224
kernel_host_14913372915240065947,internal_t_, 18, 164686903, 164688100
internal_q_,MAIN__, 9, 5425969993, 5425970706
kernel_host_13054536613402403077,internal_q_, 9, 1444560, 1444940
mpi_get_processor_name_,MAIN__, 1, 4340, 4358
bcond6_,internal_q_, 9, 564052581, 564056624
kernel_host_3118027215046091878,bottom_friction_, 1, 253946, 254260
advct_,lateral_viscosity_, 10, 540184890, 540185229
update_initial_,MAIN__, 1, 666590065, 666590079
kernel_host_10908567227736662191,read_init_, 1, 1081682, 1081705
kernel_host_4654656141485052332,bcond3_u_, 9, 35347082, 35347270
MPI_Init,MAIN__, 1, 2143901777, 2143901800
__variables_MOD_init_variables,MAIN__, 1, 11148059262, 11148059276
kernel_host_5354701768032446803,mode_interaction_, 10, 1049355, 1050817
kernel_host_2998007382017772732,dens_, 11, 34194792, 34195807
MPI_Irecv,read_init_, 3, 7859, 8073
MPI_Irecv,internal_t_, 1, 4036, 4065
MPI_Irecv,baropg_, 1, 3638, 3780
MPI_Irecv,MAIN__, 8, 27877, 28481
MPI_Irecv,external_update_, 50, 151477, 153025
MPI_Irecv,internal_u_, 1, 4094, 4119
MPI_Irecv,dens_, 1, 3772, 3935
MPI_Irecv,print_section_, 5, 12898, 13001
kernel_host_18092185543702176767,internal_v_, 9, 43091192, 43091527
kernel_host_1711344829487799974,bcond4_, 18, 75563937, 75573342
mode_interaction_,MAIN__, 10, 918950041, 918951135
kernel_host_6495952187057350598,internal_u_, 9, 10018161, 10021681
MPI_Isend,bcond3_v_, 18, 240400, 249300
MPI_Isend,internal_v_, 18, 128179, 129130
MPI_Isend,external_el_, 160, 678997, 690494
MPI_Isend,internal_t_, 72, 718801, 736972
MPI_Isend,MAIN__, 64, 289453, 294368
MPI_Isend,internal_u_, 18, 124028, 125182
MPI_Isend,lateral_viscosity_, 20, 150056, 154290
MPI_Isend,external_ua_, 50, 214839, 218491
MPI_Isend,advave_, 100, 393845, 402275
MPI_Isend,internal_w_, 18, 163392, 168190
MPI_Isend,external_va_, 30, 157092, 159413
MPI_Isend,bcond3_u_, 18, 145036, 150127
MPI_Isend,internal_q_, 114, 1097172, 1127330
MPI_Isend,bcond6_, 2, 24989, 25780
MPI_Isend,advct_, 98, 1022221, 1051786
kernel_host_8383241828137858514,internal_t_, 18, 3539649, 3540000
kernel_host_14930920824767543618,advct_, 10, 80997821, 81001683
kernel_host_11544715019137345953,adjust_uv_, 9, 12567101, 12568114
MPI_Recv,bcond3_v_, 9, 8153627, 8154022
MPI_Recv,internal_v_, 73, 34591604, 34604630
MPI_Recv,internal_t_, 72, 85565207, 85566780
MPI_Recv,baropg_, 22, 20904607, 20910241
MPI_Recv,MAIN__, 64, 3133044, 3135193
MPI_Recv,external_update_, 80, 2666816, 2673500
MPI_Recv,internal_u_, 82, 137954407, 137969390
MPI_Recv,external_ua_, 253, 25829705, 25856315
MPI_Recv,advave_, 140, 64508188, 64515016
MPI_Recv,external_va_, 213, 42464840, 42479751
MPI_Recv,bcond3_u_, 18, 19117520, 19117992
MPI_Recv,internal_q_, 90, 46429241, 46432748
MPI_Recv,bcond6_, 2, 2586559, 2587363
MPI_Recv,advct_, 140, 68308626, 68320278
kernel_host_3362328253860953284,internal_t_, 18, 28082707, 28088884
kernel_host_3362328253860953284,dens_, 33, 50774586, 50776358
kernel_host_8054816732667103883,bcond4_, 18, 78238954, 78249845
kernel_host_6678857161791714567,internal_v_, 9, 1747160, 1747472
kernel_host_5305202362360132607,internal_q_, 9, 14425282, 14428614
MPI_Send,external_update_, 50, 221193, 222247
MPI_Send,print_section_, 5, 18532, 18624
kernel_host_14772865060589351907,advct_, 10, 43465832, 43467047
kernel_host_16025009267156524296,external_ua_, 10, 1744509, 1744726
