kernel_host_10497226412570990612,adjust_ufvf_, 18, 29553805, 29556500
kernel_host_17572185407420011884,bcond6_, 18, 14577662, 14580418
kernel_host_7666798020544911213,external_update_, 10, 685931, 686507
MPI_Waitall,read_init_, 2010, 22530365, 22574217
MPI_Waitall,bcond3_v_, 18, 7011720, 7015289
MPI_Waitall,internal_v_, 18, 15255083, 15255668
MPI_Waitall,external_el_, 160, 5628370, 5632249
MPI_Waitall,internal_t_, 2070, 42566021, 42614986
MPI_Waitall,baropg_, 1998, 38512472, 38547876
MPI_Waitall,MAIN__, 16016, 297269531, 297541594
MPI_Waitall,external_update_, 50, 154782, 155700
MPI_Waitall,internal_u_, 2016, 25638441, 25674462
MPI_Waitall,lateral_viscosity_, 20, 277608, 278014
MPI_Waitall,external_ua_, 50, 298050, 300664
MPI_Waitall,dens_, 1998, 79016807, 79050291
MPI_Waitall,advave_, 100, 12039238, 12042645
MPI_Waitall,internal_w_, 18, 11859388, 11859789
MPI_Waitall,external_va_, 30, 1468160, 1468954
MPI_Waitall,bcond3_u_, 18, 73700, 74917
MPI_Waitall,print_section_, 6, 21463, 21582
MPI_Waitall,internal_q_, 114, 14134647, 14154486
MPI_Waitall,bcond6_, 2, 45104, 45147
MPI_Waitall,advct_, 98, 21781657, 21789760
kernel_host_16474014825694923176,bcond4_, 36, 108104190, 108117131
kernel_host_17675233011309389831,internal_w_, 9, 15099211, 15099949
bottom_friction_,MAIN__, 1, 49516447, 49516460
kernel_host_3056794744720896216,internal_v_, 9, 7828328, 7832299
kernel_host_3056794744720896216,internal_u_, 9, 7821992, 7825377
read_init_,__variables_MOD_init_variables, 1, 11336791313, 11336791327
MPI_Allreduce,print_section_, 5, 55052268, 55054576
kernel_host_8976449558737060572,internal_q_, 18, 24442465, 24444292
bcond1_,external_el_, 50, 49789267, 49798210
kernel_host_561946464185660303,update_initial_, 1, 824535, 824858
bcond3_v_,internal_v_, 9, 100275910, 100276128
kernel_host_17600160524251074110,internal_v_, 9, 7865204, 7869160
kernel_host_17600160524251074110,internal_t_, 18, 15618867, 15628725
kernel_host_17600160524251074110,internal_u_, 9, 7853308, 7857820
bcond2_va_,external_va_, 50, 38228255, 38236782
kernel_host_3801595614667731380,bcond4_, 18, 48473930, 48484759
internal_v_,MAIN__, 9, 1176790045, 1176790937
kernel_host_11180554648481108675,internal_q_, 9, 1068405, 1071971
kernel_host_15379746689016184240,baropg_, 11, 18418942, 18422768
MPI_Barrier,bottom_friction_, 1, 43720961, 43721125
MPI_Barrier,read_init_, 1, 21985022, 21985091
MPI_Barrier,bcond1_, 1, 27626380, 27626400
MPI_Barrier,bcond3_v_, 1, 19003464, 19003604
MPI_Barrier,internal_v_, 5, 55861041, 55862607
MPI_Barrier,adjust_ufvf_, 2, 82053600, 82054354
MPI_Barrier,external_el_, 1, 41949983, 41950026
MPI_Barrier,internal_t_, 8, 200168595, 200172527
MPI_Barrier,baropg_, 6, 167291802, 167294034
MPI_Barrier,bcond2_ua_, 2, 58052542, 58053330
MPI_Barrier,bcond4_, 7, 211476112, 211480071
MPI_Barrier,external_update_, 7, 136312956, 136314114
MPI_Barrier,internal_u_, 8, 192218299, 192221323
MPI_Barrier,lateral_viscosity_, 1, 43083227, 43083575
MPI_Barrier,external_ua_, 3, 111620220, 111621220
MPI_Barrier,adjust_uv_, 2, 51187539, 51188031
MPI_Barrier,smoth_update_, 1, 16501791, 16502010
MPI_Barrier,dens_, 9, 268149587, 268152276
MPI_Barrier,advave_, 5, 191523345, 191525182
MPI_Barrier,internal_w_, 2, 52906671, 52907526
MPI_Barrier,external_va_, 3, 98830046, 98831010
MPI_Barrier,mpi_barrier_, 49, 577857289, 577858595
MPI_Barrier,bcond3_u_, 1, 28434334, 28434824
MPI_Barrier,print_section_, 4, 110130588, 110131567
MPI_Barrier,internal_q_, 21, 556973269, 556979821
MPI_Barrier,bcond6_, 5, 247247086, 247248684
MPI_Barrier,advct_, 5, 116934578, 116936339
MPI_Barrier,update_initial_, 5, 129070320, 129072185
MPI_Barrier,mode_interaction_, 3, 113208930, 113209161
kernel_host_14171480367845884996,adjust_uv_, 18, 14310527, 14312877
kernel_host_14171480367845884996,update_initial_, 2, 1568437, 1568900
kernel_host_14171480367845884996,mode_interaction_, 50, 39649864, 39652763
adjust_ufvf_,MAIN__, 9, 308963035, 308963215
kernel_host_12880096600322512940,internal_u_, 9, 24659319, 24660166
MPI_Bcast,read_init_, 58, 201458213, 201477048
MPI_Bcast,external_update_, 100, 227969137, 227973129
MPI_Bcast,print_section_, 6, 13391667, 13391829
kernel_host_7809988743068049318,advave_, 10, 1837570, 1837953
get_time_,MAIN__, 10, 7193, 7848
kernel_host_10447168533120541692,internal_v_, 9, 633813, 634032
kernel_host_10447168533120541692,internal_t_, 18, 1284379, 1284751
kernel_host_10447168533120541692,internal_u_, 9, 631841, 632058
kernel_host_2895507310617246303,external_va_, 10, 1835075, 1836922
kernel_host_7756675061965279120,baropg_, 11, 9521659, 9530565
external_el_,MAIN__, 50, 125238532, 125244554
kernel_host_12580761429086804727,advave_, 10, 2083682, 2084218
MPI_Gather,external_update_, 50, 1746587, 1761710
kernel_host_3904638810941265799,internal_q_, 9, 7210296, 7217460
kernel_host_14523175272559072737,internal_q_, 9, 7106519, 7107343
kernel_host_6269904581008346741,internal_q_, 9, 19767440, 19768967
kernel_host_2704996265738245537,internal_w_, 9, 7692877, 7699039
kernel_host_2668086296973077183,internal_q_, 9, 12776725, 12781148
MPI_Comm_dup,read_init_, 50, 57382815, 57409002
kernel_host_5341804159594033185,bcond3_v_, 9, 7370205, 7374516
kernel_host_5341804159594033185,internal_v_, 9, 7337388, 7343544
kernel_host_5341804159594033185,bcond4_, 18, 14659513, 14668862
kernel_host_5341804159594033185,internal_u_, 9, 7242556, 7248880
kernel_host_5341804159594033185,bcond3_u_, 9, 7273389, 7277609
kernel_host_14960680749554967015,internal_u_, 9, 529378, 530014
kernel_host_7338183325372557907,internal_q_, 18, 146816642, 146818648
internal_t_,MAIN__, 18, 3777602029, 3777602826
MPI_Comm_free,read_init_, 50, 410088, 438446
kernel_host_167483268786796797,internal_q_, 9, 16993077, 16993655
baropg_,lateral_viscosity_, 10, 748186660, 748187472
baropg_,update_initial_, 1, 345745919, 345745932
kernel_host_9872960228072659106,bcond4_, 36, 108230228, 108245608
kernel_host_13005850972175828160,adjust_uv_, 9, 8216668, 8217929
kernel_host_928901692857333394,dens_, 11, 15131242, 15133150
kernel_host_12498671133038244182,print_section_, 1, 76262, 76908
bcond2_ua_,external_ua_, 50, 114792610, 114797306
kernel_host_17156898055338419057,advct_, 10, 15672171, 15672468
kernel_host_15777227199745514466,mode_interaction_, 20, 1323234, 1324986
kernel_host_5251974738527917755,internal_u_, 9, 1229919, 1231105
kernel_host_13670386984375334520,bcond2_va_, 50, 5084296, 5089089
kernel_host_13670386984375334520,bcond2_ua_, 50, 5227667, 5239996
kernel_host_11078693922887474255,bcond1_, 50, 3495714, 3511327
kernel_host_11078693922887474255,bcond2_va_, 50, 3357298, 3362517
kernel_host_11078693922887474255,bcond2_ua_, 50, 3365933, 3372295
kernel_host_11078693922887474255,print_section_, 1, 73966, 74133
bcond4_,internal_t_, 18, 867568988, 867580431
kernel_host_4023198913931606276,update_initial_, 1, 65317, 65606
kernel_host_4023198913931606276,mode_interaction_, 10, 558163, 559212
kernel_host_18070178787332596206,internal_q_, 9, 20337119, 20337870
MAIN__,main, 1, 31258669609, 31258669888
kernel_host_7004053664364030334,external_update_, 150, 14007991, 14020664
kernel_host_5742318362719794899,mode_interaction_, 10, 712610, 713861
kernel_host_677570178439262390,advave_, 10, 1649096, 1649752
MPI_Get_processor_name,mpi_get_processor_name_, 1, 3488, 3504
kernel_host_11243618430834388333,external_update_, 40, 3377910, 3381751
external_update_,MAIN__, 50, 511089881, 511091412
surface_forcing_,MAIN__, 10, 5616585, 5616899
internal_u_,MAIN__, 9, 1404813810, 1404814202
kernel_host_11711072112829525569,internal_q_, 9, 616043, 620047
kernel_host_1406632355128019739,external_el_, 50, 8898250, 8900047
kernel_host_533893640144992498,advct_, 10, 16986394, 16986621
kernel_host_13029536952378754949,internal_q_, 9, 44409146, 44413802
MPI_Get_count,read_init_, 50, 87490, 117702
kernel_host_13767876723361870048,smoth_update_, 18, 29111912, 29113185
kernel_host_13767876723361870048,smoth_update1_, 18, 29487985, 29490024
kernel_host_4064066695173842015,baropg_, 11, 9401618, 9411296
MPI_Type_commit,read_init_, 41, 1318680, 1321061
MPI_Type_commit,internal_t_, 1, 31355, 31376
MPI_Type_commit,baropg_, 1, 33451, 33599
MPI_Type_commit,MAIN__, 8, 246645, 247919
MPI_Type_commit,external_update_, 100, 1958346, 1965645
MPI_Type_commit,internal_u_, 1, 32171, 32204
MPI_Type_commit,dens_, 1, 30541, 30557
MPI_Type_commit,print_section_, 10, 181758, 182404
kernel_host_13527600874346049264,dens_, 22, 17391755, 17392972
kernel_host_9870073709680686895,internal_q_, 9, 12846809, 12851593
MPI_Type_free,read_init_, 41, 31139, 33217
MPI_Type_free,internal_t_, 1, 883, 901
MPI_Type_free,baropg_, 1, 836, 858
MPI_Type_free,MAIN__, 8, 4638, 4779
MPI_Type_free,external_update_, 100, 103839, 105594
MPI_Type_free,internal_u_, 1, 924, 940
MPI_Type_free,dens_, 1, 659, 680
MPI_Type_free,print_section_, 10, 7901, 8103
kernel_host_7308789819381199256,internal_v_, 9, 9644583, 9645050
__config_MOD_loadconfig,__variables_MOD_init_variables, 1, 12770804, 12770824
kernel_host_1513189204643337441,external_update_, 10, 567964, 568378
kernel_host_1513189204643337441,internal_q_, 18, 986003, 986637
MPI_Type_size,read_init_, 50, 81964, 104807
kernel_host_5285627496081891117,dens_, 11, 9132363, 9133222
kernel_host_11785900214035726808,adjust_ufvf_, 18, 24555568, 24556530
init_fields_,MAIN__, 1, 53696, 53717
lateral_viscosity_,MAIN__, 10, 1326623906, 1326624100
kernel_host_10878038741274582305,internal_q_, 18, 14271911, 14273541
kernel_host_6151473719594853315,internal_v_, 9, 893507, 893733
kernel_host_6151473719594853315,internal_t_, 18, 1814338, 1815395
kernel_host_6151473719594853315,internal_u_, 9, 908416, 908642
kernel_host_17988520462433045664,baropg_, 11, 12850681, 12854153
kernel_host_2769894380674479461,bcond2_va_, 50, 5078305, 5085518
kernel_host_2769894380674479461,bcond2_ua_, 50, 5353441, 5365029
external_ua_,MAIN__, 50, 343253337, 343255503
kernel_host_5613771957553797452,external_update_, 10, 820367, 821013
kernel_host_14742595204480865565,bcond3_v_, 9, 11750537, 11750824
kernel_host_10653094078730851825,print_section_, 2, 2456068, 2456643
kernel_host_11734272273339620725,internal_q_, 9, 14920124, 14920586
kernel_host_149332173039792024,internal_v_, 9, 584666, 586393
kernel_host_149332173039792024,internal_u_, 9, 602297, 603512
kernel_host_2403034596777470961,bcond6_, 18, 43925688, 43934117
kernel_host_11364641885718042762,internal_q_, 9, 10204349, 10207861
kernel_host_3203235421309124674,advave_, 10, 1726167, 1726589
kernel_host_14177333148799137211,dens_, 11, 17960786, 17961782
kernel_host_4089695605558063454,internal_v_, 9, 593165, 593399
kernel_host_5189765816641970822,internal_v_, 9, 1281913, 1282737
kernel_host_5189765816641970822,internal_u_, 9, 1262433, 1263080
kernel_host_6065031066545417016,internal_q_, 9, 17476493, 17482925
adjust_uv_,MAIN__, 9, 256876408, 256876914
kernel_host_9828195426201177678,internal_t_, 18, 20688839, 20697905
kernel_host_16004796625768757002,advave_, 10, 1382150, 1382374
smoth_update_,internal_q_, 9, 56241367, 56241515
kernel_host_5425075240490291438,bcond4_, 18, 53005613, 53014860
kernel_host_14841353772382616086,external_va_, 10, 2740993, 2741850
kernel_host_18194556031340472576,external_update_, 40, 3654648, 3655764
kernel_host_17257447492840229055,print_section_, 1, 88764, 89210
dens_,read_init_, 1, 436351711, 436351724
dens_,MAIN__, 9, 157799000, 157799162
dens_,update_initial_, 1, 18323307, 18323320
kernel_host_2077031470031862986,dens_, 11, 39930054, 39931619
kernel_host_14516561621248944045,update_initial_, 1, 835472, 835796
kernel_host_5579468312897313468,bcond6_, 18, 48339872, 48342990
kernel_host_4181240233776583252,internal_q_, 9, 12573937, 12574454
kernel_host_16514618981259130990,internal_t_, 18, 33118563, 33120340
kernel_host_17506849007025892946,external_update_, 40, 2798571, 2803185
smoth_update1_,internal_t_, 18, 37361586, 37361867
kernel_host_669428828628634244,baropg_, 11, 30692740, 30697089
advave_,mode_interaction_, 10, 320033603, 320033823
kernel_host_11974978034716845838,baropg_, 11, 51134569, 51136608
internal_w_,MAIN__, 9, 496530975, 496531394
kernel_host_8607595517187487955,bcond6_, 18, 43866743, 43872820
kernel_host_13678541340789269977,internal_t_, 18, 1237600, 1239679
kernel_host_13678541340789269977,external_update_, 50, 3495468, 3500059
kernel_host_13678541340789269977,internal_update_, 20, 1361224, 1363575
kernel_host_13678541340789269977,internal_q_, 9, 679156, 680150
kernel_host_13678541340789269977,update_initial_, 2, 147297, 147779
kernel_host_4582267827303034181,internal_q_, 9, 7329439, 7334756
kernel_host_18110621675970109649,internal_q_, 9, 9859712, 9860901
sw_memcpy_host,read_init_, 3, 516929, 517898
sw_memcpy_host,bcond3_v_, 18, 3804385, 3804901
sw_memcpy_host,bcond2_va_, 150, 8811952, 8814832
sw_memcpy_host,internal_v_, 144, 12217162, 12239032
sw_memcpy_host,adjust_ufvf_, 54, 14294533, 14302919
sw_memcpy_host,internal_t_, 252, 22761713, 22810440
sw_memcpy_host,baropg_, 22, 1094268, 1096016
sw_memcpy_host,bcond2_ua_, 150, 8800763, 8803560
sw_memcpy_host,bcond4_, 54, 19673555, 19683788
sw_memcpy_host,external_update_, 150, 8741044, 8747666
sw_memcpy_host,surface_forcing_, 2, 268235, 268595
sw_memcpy_host,internal_u_, 144, 12406536, 12429319
sw_memcpy_host,adjust_uv_, 18, 1045180, 1052868
sw_memcpy_host,smoth_update_, 18, 6655045, 6656746
sw_memcpy_host,smoth_update1_, 18, 6641630, 6642681
sw_memcpy_host,internal_w_, 9, 3000666, 3006401
sw_memcpy_host,internal_update_, 60, 3462098, 3464417
sw_memcpy_host,bcond3_u_, 18, 3833854, 3834293
sw_memcpy_host,internal_q_, 36, 10393960, 10405359
sw_memcpy_host,bcond6_, 18, 6544702, 6545509
sw_memcpy_host,update_initial_, 15, 3335974, 3338046
sw_memcpy_host,__variables_MOD_init_variables, 115, 19531242, 19533962
sw_memcpy_host,mode_interaction_, 50, 2854250, 2881631
kernel_host_17876976960434219323,dens_, 11, 14954698, 14955491
kernel_host_11735378529907380392,internal_v_, 9, 14780802, 14781351
lateral_bc_,MAIN__, 10, 6087, 7560
main,__libc_start_main, 1, 31258688263, 31289101736
kernel_host_18056069231970590520,external_va_, 50, 21690467, 21692899
kernel_host_2904305052371605897,lateral_viscosity_, 10, 51637620, 51637832
external_va_,MAIN__, 50, 290161751, 290163546
kernel_host_17356059520636453398,external_ua_, 50, 16564627, 16574250
mpi_barrier_,read_init_, 20, 217826034, 217826746
mpi_barrier_,MAIN__, 18, 295183452, 295185092
mpi_barrier_,__variables_MOD_init_variables, 11, 64876191, 64877021
kernel_host_11313705801899030046,internal_u_, 9, 12275772, 12279390
kernel_host_10018654585745270947,advct_, 10, 45031990, 45032958
internal_update_,MAIN__, 10, 5717686, 5717920
kernel_host_10227889028461526473,external_ua_, 10, 3706218, 3706519
mpi_comm_rank_,MAIN__, 1, 1473, 1566
kernel_host_9476223794341086031,bcond6_, 18, 48514790, 48520213
kernel_host_13095133616550115949,internal_v_, 9, 6601323, 6602816
kernel_host_13095133616550115949,internal_t_, 18, 12922000, 12922965
kernel_host_13095133616550115949,internal_u_, 9, 6327420, 6328622
bcond3_u_,internal_u_, 9, 116208580, 116208911
mpi_comm_size_,MAIN__, 1, 352, 370
print_section_,MAIN__, 1, 253880984, 253881008
kernel_host_940921560178879518,dens_, 11, 13224455, 13226239
kernel_host_940921560178879518,internal_q_, 9, 10883757, 10888251
kernel_host_14913372915240065947,internal_t_, 18, 102979168, 102980283
internal_q_,MAIN__, 9, 5076347209, 5076347493
kernel_host_13054536613402403077,internal_q_, 9, 1088938, 1089180
mpi_get_processor_name_,MAIN__, 1, 4516, 4529
bcond6_,internal_q_, 9, 543529199, 543533259
kernel_host_3118027215046091878,bottom_friction_, 1, 150982, 151692
advct_,lateral_viscosity_, 10, 463627216, 463627608
update_initial_,MAIN__, 1, 571727779, 571727792
kernel_host_10908567227736662191,read_init_, 1, 805086, 805099
kernel_host_4654656141485052332,bcond3_u_, 9, 21395357, 21395557
MPI_Init,MAIN__, 1, 2108241393, 2108241479
__variables_MOD_init_variables,MAIN__, 1, 11449602856, 11449602869
kernel_host_5354701768032446803,mode_interaction_, 10, 804266, 805482
kernel_host_2998007382017772732,dens_, 11, 23841346, 23842528
MPI_Irecv,read_init_, 3, 7661, 7727
MPI_Irecv,internal_t_, 1, 4415, 4444
MPI_Irecv,baropg_, 1, 4281, 4306
MPI_Irecv,MAIN__, 8, 27901, 28276
MPI_Irecv,external_update_, 50, 152026, 153536
MPI_Irecv,internal_u_, 1, 4284, 4310
MPI_Irecv,dens_, 1, 4144, 4308
MPI_Irecv,print_section_, 5, 12762, 12882
kernel_host_18092185543702176767,internal_v_, 9, 26388488, 26389050
kernel_host_1711344829487799974,bcond4_, 18, 49267241, 49277814
mode_interaction_,MAIN__, 10, 890637890, 890639000
kernel_host_6495952187057350598,internal_u_, 9, 7144370, 7148121
MPI_Isend,bcond3_v_, 18, 245668, 254696
MPI_Isend,internal_v_, 18, 129625, 131288
MPI_Isend,external_el_, 160, 675682, 690400
MPI_Isend,internal_t_, 72, 733372, 751971
MPI_Isend,MAIN__, 64, 272706, 280132
MPI_Isend,internal_u_, 18, 122792, 124354
MPI_Isend,lateral_viscosity_, 20, 148508, 151857
MPI_Isend,external_ua_, 50, 210010, 213277
MPI_Isend,advave_, 100, 430067, 437995
MPI_Isend,internal_w_, 18, 167183, 171688
MPI_Isend,external_va_, 30, 152254, 155504
MPI_Isend,bcond3_u_, 18, 147833, 153433
MPI_Isend,internal_q_, 114, 1113448, 1142220
MPI_Isend,bcond6_, 2, 25825, 27190
MPI_Isend,advct_, 98, 1022040, 1050605
kernel_host_8383241828137858514,internal_t_, 18, 2686530, 2686943
kernel_host_14930920824767543618,advct_, 10, 52251317, 52255859
kernel_host_11544715019137345953,adjust_uv_, 9, 8082646, 8083660
MPI_Recv,bcond3_v_, 9, 21339670, 21339881
MPI_Recv,internal_v_, 73, 83519709, 83531196
MPI_Recv,internal_t_, 72, 107205124, 107207013
MPI_Recv,baropg_, 22, 22162713, 22168048
MPI_Recv,MAIN__, 64, 2840440, 2842375
MPI_Recv,external_update_, 80, 10978749, 10986397
MPI_Recv,internal_u_, 82, 103881924, 103896598
MPI_Recv,external_ua_, 253, 34337966, 34361490
MPI_Recv,advave_, 140, 50752879, 50760065
MPI_Recv,external_va_, 213, 79471078, 79482976
MPI_Recv,bcond3_u_, 18, 33428321, 33428787
MPI_Recv,internal_q_, 90, 67416201, 67419391
MPI_Recv,bcond6_, 2, 13216064, 13216970
MPI_Recv,advct_, 140, 78794995, 78805710
kernel_host_3362328253860953284,internal_t_, 18, 19544630, 19550164
kernel_host_3362328253860953284,dens_, 33, 35127462, 35129770
kernel_host_8054816732667103883,bcond4_, 18, 53138483, 53148654
kernel_host_6678857161791714567,internal_v_, 9, 1304691, 1304920
kernel_host_5305202362360132607,internal_q_, 9, 9918209, 9921229
MPI_Send,external_update_, 50, 199619, 200656
MPI_Send,print_section_, 5, 19993, 20112
kernel_host_14772865060589351907,advct_, 10, 28687498, 28689296
kernel_host_16025009267156524296,external_ua_, 10, 1333006, 1333486
