MPI_Recv,bcond3_v_, 9, 8604330, 8605220
MPI_Recv,internal_v_, 73, 24637087, 24646215
MPI_Recv,internal_t_, 72, 51370627, 51372263
MPI_Recv,baropg_, 22, 7397616, 7401278
MPI_Recv,MAIN__, 64, 1250002, 1251464
MPI_Recv,external_update_, 80, 1984585, 1990537
MPI_Recv,internal_u_, 82, 22881475, 22892527
MPI_Recv,external_ua_, 253, 8806914, 8826767
MPI_Recv,advave_, 140, 48490098, 48497343
MPI_Recv,external_va_, 213, 25284990, 25298256
MPI_Recv,bcond3_u_, 18, 16369454, 16370132
MPI_Recv,internal_q_, 90, 51380226, 51384100
MPI_Recv,bcond6_, 2, 13690257, 13691228
MPI_Recv,advct_, 140, 39416524, 39427554
kernel_host_13005850972175828160,adjust_uv_, 9, 3763800, 3764916
kernel_host_9872960228072659106,bcond4_, 36, 32199869, 32213149
kernel_host_13767876723361870048,smoth_update_, 18, 8459625, 8460790
kernel_host_13767876723361870048,smoth_update1_, 18, 8398534, 8400234
kernel_host_5579468312897313468,bcond6_, 18, 13610596, 13612582
MPI_Send,external_update_, 50, 184478, 185410
MPI_Send,print_section_, 5, 16981, 17068
kernel_host_1406632355128019739,external_el_, 50, 3887019, 3889762
kernel_host_5251974738527917755,internal_u_, 9, 598711, 599020
kernel_host_8383241828137858514,internal_t_, 18, 1231298, 1232601
kernel_host_11078693922887474255,bcond1_, 50, 2088459, 2101001
kernel_host_11078693922887474255,bcond2_va_, 50, 1999398, 2003267
kernel_host_11078693922887474255,bcond2_ua_, 50, 1908021, 1912866
kernel_host_11078693922887474255,print_section_, 1, 45732, 45882
kernel_host_16025009267156524296,external_ua_, 10, 631005, 631381
MPI_Waitall,read_init_, 90, 121868, 124771
MPI_Waitall,bcond3_v_, 18, 1553654, 1556394
MPI_Waitall,internal_v_, 18, 29827, 30223
MPI_Waitall,external_el_, 160, 717915, 721236
MPI_Waitall,internal_t_, 150, 1404855, 1417082
MPI_Waitall,baropg_, 78, 878028, 879709
MPI_Waitall,MAIN__, 656, 9978330, 9993814
MPI_Waitall,external_update_, 50, 143152, 144070
MPI_Waitall,internal_u_, 96, 2070510, 2072586
MPI_Waitall,lateral_viscosity_, 20, 245504, 246043
MPI_Waitall,external_ua_, 50, 159654, 160725
MPI_Waitall,dens_, 78, 53144, 54653
MPI_Waitall,advave_, 100, 378140, 380876
MPI_Waitall,internal_w_, 18, 827359, 827810
MPI_Waitall,external_va_, 30, 112251, 113157
MPI_Waitall,bcond3_u_, 18, 37541, 38472
MPI_Waitall,print_section_, 6, 16929, 17089
MPI_Waitall,internal_q_, 114, 497439, 510454
MPI_Waitall,bcond6_, 2, 37965, 38026
MPI_Waitall,advct_, 98, 7426817, 7434110
kernel_host_13029536952378754949,internal_q_, 9, 12657954, 12662131
kernel_host_17572185407420011884,bcond6_, 18, 4405252, 4406866
bottom_friction_,MAIN__, 1, 40074584, 40074605
kernel_host_1513189204643337441,external_update_, 10, 371119, 371722
kernel_host_1513189204643337441,internal_q_, 18, 667456, 669332
read_init_,__variables_MOD_init_variables, 1, 4359513162, 4359513175
MPI_Allreduce,print_section_, 5, 25601263, 25602748
kernel_host_18194556031340472576,external_update_, 40, 1943347, 1944636
bcond1_,external_el_, 50, 49771397, 49775497
kernel_host_11785900214035726808,adjust_ufvf_, 18, 7272339, 7273466
bcond3_v_,internal_v_, 9, 62078787, 62080061
kernel_host_3801595614667731380,bcond4_, 18, 14009828, 14018022
bcond2_va_,external_va_, 50, 26317602, 26321840
kernel_host_6151473719594853315,internal_v_, 9, 441920, 442128
kernel_host_6151473719594853315,internal_t_, 18, 893913, 894510
kernel_host_6151473719594853315,internal_u_, 9, 445000, 445216
internal_v_,MAIN__, 9, 506214888, 506215144
kernel_host_15379746689016184240,baropg_, 11, 5430738, 5433060
kernel_host_2769894380674479461,bcond2_va_, 50, 2526847, 2533433
kernel_host_2769894380674479461,bcond2_ua_, 50, 2817557, 2826874
MPI_Barrier,bottom_friction_, 1, 35062556, 35062600
MPI_Barrier,read_init_, 1, 67316340, 67316503
MPI_Barrier,bcond1_, 1, 32943422, 32943470
MPI_Barrier,bcond3_v_, 1, 29050121, 29050157
MPI_Barrier,internal_v_, 5, 152712142, 152713675
MPI_Barrier,adjust_ufvf_, 2, 62007942, 62008872
MPI_Barrier,external_el_, 1, 31918622, 31918646
MPI_Barrier,internal_t_, 8, 294882940, 294885243
MPI_Barrier,baropg_, 6, 206454320, 206456274
MPI_Barrier,bcond2_ua_, 2, 64543704, 64544190
MPI_Barrier,bcond4_, 7, 242932170, 242935425
MPI_Barrier,external_update_, 7, 234517248, 234518582
MPI_Barrier,internal_u_, 8, 275490733, 275492424
MPI_Barrier,lateral_viscosity_, 1, 31860792, 31861004
MPI_Barrier,external_ua_, 3, 102365055, 102365724
MPI_Barrier,adjust_uv_, 2, 69602100, 69602740
MPI_Barrier,smoth_update_, 1, 35581946, 35581969
MPI_Barrier,dens_, 9, 362624008, 362625260
MPI_Barrier,advave_, 5, 174229750, 174230878
MPI_Barrier,internal_w_, 2, 57740956, 57741477
MPI_Barrier,external_va_, 3, 97664818, 97665313
MPI_Barrier,mpi_barrier_, 49, 185534693, 185536136
MPI_Barrier,bcond3_u_, 1, 30664785, 30665226
MPI_Barrier,print_section_, 4, 125388717, 125389753
MPI_Barrier,internal_q_, 21, 788357078, 788365278
MPI_Barrier,bcond6_, 5, 166106803, 166107933
MPI_Barrier,advct_, 5, 222524192, 222525372
MPI_Barrier,update_initial_, 5, 188220219, 188221333
MPI_Barrier,mode_interaction_, 3, 112969581, 112969703
kernel_host_533893640144992498,advct_, 10, 6085385, 6085784
adjust_ufvf_,MAIN__, 9, 130700256, 130700459
kernel_host_14742595204480865565,bcond3_v_, 9, 3792169, 3792653
MPI_Bcast,read_init_, 58, 193473189, 193488347
MPI_Bcast,external_update_, 100, 29353942, 29356419
MPI_Bcast,print_section_, 6, 1586767, 1586865
kernel_host_12580761429086804727,advave_, 10, 874269, 874561
get_time_,MAIN__, 10, 9963, 10282
kernel_host_11734272273339620725,internal_q_, 9, 3595220, 3595897
kernel_host_17876976960434219323,dens_, 11, 4339860, 4341338
external_el_,MAIN__, 50, 105835180, 105837697
kernel_host_5341804159594033185,bcond3_v_, 9, 2276378, 2281208
kernel_host_5341804159594033185,internal_v_, 9, 2252994, 2256259
kernel_host_5341804159594033185,bcond4_, 18, 4437789, 4440708
kernel_host_5341804159594033185,internal_u_, 9, 2239608, 2242511
kernel_host_5341804159594033185,bcond3_u_, 9, 2263155, 2267354
kernel_host_12880096600322512940,internal_u_, 9, 7493536, 7494009
MPI_Gather,external_update_, 50, 1331604, 1341223
kernel_host_5285627496081891117,dens_, 11, 2793073, 2794848
kernel_host_18056069231970590520,external_va_, 50, 8225817, 8227824
kernel_host_3203235421309124674,advave_, 10, 836129, 836394
kernel_host_10878038741274582305,internal_q_, 18, 4507706, 4509661
kernel_host_928901692857333394,dens_, 11, 4408054, 4409877
MPI_Comm_dup,read_init_, 50, 10328504, 10349913
kernel_host_18092185543702176767,internal_v_, 9, 7953279, 7953675
kernel_host_11364641885718042762,internal_q_, 9, 3174411, 3177612
kernel_host_7666798020544911213,external_update_, 10, 439534, 440121
internal_t_,MAIN__, 18, 1571003068, 1571003740
MPI_Comm_free,read_init_, 50, 178359, 376995
kernel_host_5305202362360132607,internal_q_, 9, 2978086, 2979107
baropg_,lateral_viscosity_, 10, 200859238, 200860130
baropg_,update_initial_, 1, 261385509, 261385522
kernel_host_3904638810941265799,internal_q_, 9, 2278035, 2282289
kernel_host_149332173039792024,internal_v_, 9, 376668, 376845
kernel_host_149332173039792024,internal_u_, 9, 377742, 377917
kernel_host_1711344829487799974,bcond4_, 18, 14328958, 14335996
kernel_host_5189765816641970822,internal_v_, 9, 567449, 568671
kernel_host_5189765816641970822,internal_u_, 9, 569992, 570897
bcond2_ua_,external_ua_, 50, 103932335, 103938072
kernel_host_4023198913931606276,update_initial_, 1, 47325, 47775
kernel_host_4023198913931606276,mode_interaction_, 10, 360141, 361122
kernel_host_16474014825694923176,bcond4_, 36, 32211233, 32220186
kernel_host_5425075240490291438,bcond4_, 18, 15029433, 15034247
kernel_host_10908567227736662191,read_init_, 1, 255427, 255443
kernel_host_2077031470031862986,dens_, 11, 12003698, 12005998
bcond4_,internal_t_, 18, 496063304, 496071671
kernel_host_5354701768032446803,mode_interaction_, 10, 455577, 457202
kernel_host_7809988743068049318,advave_, 10, 804024, 804255
MAIN__,main, 1, 14919857565, 14919857883
kernel_host_6495952187057350598,internal_u_, 9, 2270887, 2273738
kernel_host_16514618981259130990,internal_t_, 18, 7058398, 7059511
kernel_host_10497226412570990612,adjust_ufvf_, 18, 8601030, 8603504
MPI_Get_processor_name,mpi_get_processor_name_, 1, 3551, 3577
kernel_host_8607595517187487955,bcond6_, 18, 12498859, 12504122
external_update_,MAIN__, 50, 384308637, 384310211
surface_forcing_,MAIN__, 10, 1717316, 1717527
internal_u_,MAIN__, 9, 645380773, 645380947
kernel_host_4582267827303034181,internal_q_, 9, 2413577, 2416995
kernel_host_9828195426201177678,internal_t_, 18, 6516690, 6524510
kernel_host_6269904581008346741,internal_q_, 9, 5761009, 5762112
kernel_host_14516561621248944045,update_initial_, 1, 251805, 252275
MPI_Get_count,read_init_, 50, 86984, 107040
kernel_host_7756675061965279120,baropg_, 11, 2969709, 2976059
kernel_host_10018654585745270947,advct_, 10, 13217370, 13218197
MPI_Type_commit,read_init_, 41, 1187982, 1189565
MPI_Type_commit,internal_t_, 1, 25897, 25925
MPI_Type_commit,baropg_, 1, 26481, 26503
MPI_Type_commit,MAIN__, 8, 209034, 209246
MPI_Type_commit,external_update_, 100, 1900349, 1905987
MPI_Type_commit,internal_u_, 1, 26381, 26408
MPI_Type_commit,dens_, 1, 26946, 27102
MPI_Type_commit,print_section_, 10, 164919, 165289
kernel_host_14523175272559072737,internal_q_, 9, 2150182, 2151741
kernel_host_940921560178879518,dens_, 11, 5157950, 5159549
kernel_host_940921560178879518,internal_q_, 9, 4242940, 4244330
MPI_Type_free,read_init_, 41, 34366, 43037
MPI_Type_free,internal_t_, 1, 1106, 1123
MPI_Type_free,baropg_, 1, 765, 780
MPI_Type_free,MAIN__, 8, 4543, 4695
MPI_Type_free,external_update_, 100, 96827, 98804
MPI_Type_free,internal_u_, 1, 916, 932
MPI_Type_free,dens_, 1, 945, 959
MPI_Type_free,print_section_, 10, 7789, 7982
kernel_host_7338183325372557907,internal_q_, 18, 42427410, 42428324
__config_MOD_loadconfig,__variables_MOD_init_variables, 1, 3813867, 3813882
kernel_host_14960680749554967015,internal_u_, 9, 357534, 358178
MPI_Type_size,read_init_, 50, 69171, 76797
kernel_host_14772865060589351907,advct_, 10, 6888691, 6890507
kernel_host_10227889028461526473,external_ua_, 10, 1459559, 1459751
init_fields_,MAIN__, 1, 51728, 51741
kernel_host_13678541340789269977,internal_t_, 18, 697443, 698949
kernel_host_13678541340789269977,external_update_, 50, 1966712, 1969269
kernel_host_13678541340789269977,internal_update_, 20, 753263, 754106
kernel_host_13678541340789269977,internal_q_, 9, 402487, 402855
kernel_host_13678541340789269977,update_initial_, 2, 85241, 85928
lateral_viscosity_,MAIN__, 10, 642322246, 642322393
kernel_host_677570178439262390,advave_, 10, 767409, 767703
kernel_host_18110621675970109649,internal_q_, 9, 2980967, 2981522
kernel_host_12498671133038244182,print_section_, 1, 50190, 50832
external_ua_,MAIN__, 50, 277993652, 277995005
kernel_host_14913372915240065947,internal_t_, 18, 30243368, 30244531
kernel_host_18070178787332596206,internal_q_, 9, 5983365, 5984929
kernel_host_3118027215046091878,bottom_friction_, 1, 76736, 77179
kernel_host_11243618430834388333,external_update_, 40, 1769766, 1772504
kernel_host_4654656141485052332,bcond3_u_, 9, 6303924, 6304079
kernel_host_4064066695173842015,baropg_, 11, 2949835, 2954988
kernel_host_2998007382017772732,dens_, 11, 6817717, 6818630
kernel_host_9870073709680686895,internal_q_, 9, 3917762, 3922509
kernel_host_11544715019137345953,adjust_uv_, 9, 2602691, 2603664
kernel_host_2403034596777470961,bcond6_, 18, 12562298, 12569114
kernel_host_8054816732667103883,bcond4_, 18, 15038208, 15044806
kernel_host_4089695605558063454,internal_v_, 9, 363344, 363520
adjust_uv_,MAIN__, 9, 130505559, 130505977
kernel_host_5742318362719794899,mode_interaction_, 10, 424632, 425868
kernel_host_6065031066545417016,internal_q_, 9, 4329318, 4333171
smoth_update_,internal_q_, 9, 51453498, 51453643
kernel_host_3056794744720896216,internal_v_, 9, 2468139, 2468511
kernel_host_3056794744720896216,internal_u_, 9, 2511933, 2512121
kernel_host_16004796625768757002,advave_, 10, 632653, 633043
kernel_host_10447168533120541692,internal_v_, 9, 360365, 361895
kernel_host_10447168533120541692,internal_t_, 18, 727872, 729629
kernel_host_10447168533120541692,internal_u_, 9, 370702, 371715
kernel_host_14841353772382616086,external_va_, 10, 1133654, 1134032
dens_,read_init_, 1, 424776604, 424776618
dens_,MAIN__, 9, 51425860, 51426021
dens_,update_initial_, 1, 6713924, 6713938
kernel_host_7004053664364030334,external_update_, 150, 7057895, 7080026
kernel_host_17257447492840229055,print_section_, 1, 52507, 53119
kernel_host_17600160524251074110,internal_v_, 9, 2539033, 2542367
kernel_host_17600160524251074110,internal_t_, 18, 5087660, 5097721
kernel_host_17600160524251074110,internal_u_, 9, 2523403, 2528723
kernel_host_4181240233776583252,internal_q_, 9, 3690218, 3692019
kernel_host_167483268786796797,internal_q_, 9, 4870656, 4872032
kernel_host_17506849007025892946,external_update_, 40, 1575611, 1580718
smoth_update1_,internal_t_, 18, 11472120, 11472383
kernel_host_5613771957553797452,external_update_, 10, 442388, 443150
advave_,mode_interaction_, 10, 271925193, 271925536
kernel_host_13527600874346049264,dens_, 22, 5248293, 5249805
internal_w_,MAIN__, 9, 193137200, 193137371
kernel_host_11711072112829525569,internal_q_, 9, 391663, 394427
kernel_host_7308789819381199256,internal_v_, 9, 2873535, 2873939
kernel_host_13054536613402403077,internal_q_, 9, 573643, 573928
kernel_host_17988520462433045664,baropg_, 11, 3903876, 3906021
kernel_host_14930920824767543618,advct_, 10, 15422102, 15424416
kernel_host_17156898055338419057,advct_, 10, 4794480, 4795208
lateral_bc_,MAIN__, 10, 7787, 8037
sw_memcpy_host,read_init_, 3, 177142, 177220
sw_memcpy_host,bcond3_v_, 18, 1261730, 1262180
sw_memcpy_host,bcond2_va_, 150, 5241520, 5244896
sw_memcpy_host,internal_v_, 144, 6022146, 6038638
sw_memcpy_host,adjust_ufvf_, 54, 4465427, 4473820
sw_memcpy_host,internal_t_, 252, 10718415, 10748644
sw_memcpy_host,baropg_, 22, 740271, 741939
sw_memcpy_host,bcond2_ua_, 150, 5257246, 5260318
sw_memcpy_host,bcond4_, 54, 5534838, 5541322
sw_memcpy_host,external_update_, 150, 5235653, 5243138
sw_memcpy_host,surface_forcing_, 2, 79310, 79719
sw_memcpy_host,internal_u_, 144, 6002855, 6019740
sw_memcpy_host,adjust_uv_, 18, 764207, 770742
sw_memcpy_host,smoth_update_, 18, 1872799, 1873514
sw_memcpy_host,smoth_update1_, 18, 1902331, 1904000
sw_memcpy_host,internal_w_, 9, 866145, 870930
sw_memcpy_host,internal_update_, 60, 2016488, 2017846
sw_memcpy_host,bcond3_u_, 18, 1220828, 1221198
sw_memcpy_host,internal_q_, 36, 3109337, 3117971
sw_memcpy_host,bcond6_, 18, 1842637, 1842990
sw_memcpy_host,update_initial_, 15, 1068802, 1070375
sw_memcpy_host,__variables_MOD_init_variables, 113, 6701932, 6704624
sw_memcpy_host,mode_interaction_, 50, 2081116, 2099598
main,__libc_start_main, 1, 14919876480, 14950249954
kernel_host_3362328253860953284,internal_t_, 18, 5680180, 5682952
kernel_host_3362328253860953284,dens_, 33, 10267870, 10269245
kernel_host_10653094078730851825,print_section_, 2, 516915, 517725
external_va_,MAIN__, 50, 208775389, 208776770
kernel_host_561946464185660303,update_initial_, 1, 264634, 265077
mpi_barrier_,read_init_, 20, 120894055, 120895495
mpi_barrier_,MAIN__, 18, 42285338, 42286294
mpi_barrier_,__variables_MOD_init_variables, 11, 22384390, 22385039
kernel_host_15777227199745514466,mode_interaction_, 20, 786150, 787428
internal_update_,MAIN__, 10, 3586025, 3587118
kernel_host_17675233011309389831,internal_w_, 9, 4657549, 4657732
kernel_host_11974978034716845838,baropg_, 11, 13943779, 13944940
mpi_comm_rank_,MAIN__, 1, 1168, 1210
kernel_host_11180554648481108675,internal_q_, 9, 531346, 532737
kernel_host_2704996265738245537,internal_w_, 9, 2427080, 2430379
bcond3_u_,internal_u_, 9, 71378668, 71379557
mpi_comm_size_,MAIN__, 1, 494, 514
print_section_,MAIN__, 1, 187420840, 187420854
kernel_host_14171480367845884996,adjust_uv_, 18, 4371832, 4373017
kernel_host_14171480367845884996,update_initial_, 2, 489058, 489543
kernel_host_14171480367845884996,mode_interaction_, 50, 12059640, 12062239
kernel_host_17356059520636453398,external_ua_, 50, 7207026, 7211228
internal_q_,MAIN__, 9, 2294854835, 2294856010
kernel_host_2668086296973077183,internal_q_, 9, 3910710, 3913753
mpi_get_processor_name_,MAIN__, 1, 4555, 4580
bcond6_,internal_q_, 9, 288165607, 288169182
kernel_host_669428828628634244,baropg_, 11, 9062660, 9065670
advct_,lateral_viscosity_, 10, 382481823, 382481983
update_initial_,MAIN__, 1, 490057199, 490057212
kernel_host_8976449558737060572,internal_q_, 18, 7160537, 7161685
kernel_host_13670386984375334520,bcond2_va_, 50, 2553038, 2560282
kernel_host_13670386984375334520,bcond2_ua_, 50, 2635320, 2647572
MPI_Init,MAIN__, 1, 2060858649, 2060858664
__variables_MOD_init_variables,MAIN__, 1, 4397465735, 4397465754
kernel_host_11735378529907380392,internal_v_, 9, 4206592, 4206994
kernel_host_11313705801899030046,internal_u_, 9, 3682118, 3685966
MPI_Irecv,read_init_, 3, 6217, 6423
MPI_Irecv,internal_t_, 1, 3381, 3404
MPI_Irecv,baropg_, 1, 3120, 3145
MPI_Irecv,MAIN__, 8, 19739, 19933
MPI_Irecv,external_update_, 50, 138017, 139599
MPI_Irecv,internal_u_, 1, 3044, 3069
MPI_Irecv,dens_, 1, 2710, 2732
MPI_Irecv,print_section_, 5, 9940, 10033
kernel_host_6678857161791714567,internal_v_, 9, 590067, 590495
kernel_host_9476223794341086031,bcond6_, 18, 13758881, 13764653
mode_interaction_,MAIN__, 10, 520419172, 520420371
kernel_host_2904305052371605897,lateral_viscosity_, 10, 14713808, 14714015
MPI_Isend,bcond3_v_, 18, 200007, 206858
MPI_Isend,internal_v_, 18, 125510, 126835
MPI_Isend,external_el_, 160, 617670, 623171
MPI_Isend,internal_t_, 72, 554908, 572166
MPI_Isend,MAIN__, 64, 201787, 207369
MPI_Isend,internal_u_, 18, 130410, 131780
MPI_Isend,lateral_viscosity_, 20, 142203, 144311
MPI_Isend,external_ua_, 50, 178200, 181186
MPI_Isend,advave_, 100, 339662, 345242
MPI_Isend,internal_w_, 18, 152620, 155434
MPI_Isend,external_va_, 30, 135478, 137036
MPI_Isend,bcond3_u_, 18, 144694, 149480
MPI_Isend,internal_q_, 114, 880961, 904956
MPI_Isend,bcond6_, 2, 25292, 26035
MPI_Isend,advct_, 98, 801236, 822895
kernel_host_14177333148799137211,dens_, 11, 5359410, 5360148
kernel_host_13095133616550115949,internal_v_, 9, 1941969, 1943504
kernel_host_13095133616550115949,internal_t_, 18, 3912723, 3915648
kernel_host_13095133616550115949,internal_u_, 9, 1967256, 1968761
kernel_host_2895507310617246303,external_va_, 10, 854139, 856330
