kernel_host_10497226412570990612,adjust_ufvf_, 18, 33865608, 33868057
kernel_host_17572185407420011884,bcond6_, 18, 16298128, 16299461
kernel_host_7666798020544911213,external_update_, 10, 743990, 744817
MPI_Waitall,read_init_, 1610, 64094424, 64130313
MPI_Waitall,bcond3_v_, 18, 16043158, 16048193
MPI_Waitall,internal_v_, 18, 27100045, 27100620
MPI_Waitall,external_el_, 160, 10335784, 10340757
MPI_Waitall,internal_t_, 1670, 27168781, 27212970
MPI_Waitall,baropg_, 1598, 32424518, 32451787
MPI_Waitall,MAIN__, 12816, 233721000, 233928052
MPI_Waitall,external_update_, 50, 157939, 158828
MPI_Waitall,internal_u_, 1616, 31464205, 31491828
MPI_Waitall,lateral_viscosity_, 20, 252061, 252559
MPI_Waitall,external_ua_, 50, 286086, 288164
MPI_Waitall,dens_, 1598, 33286014, 33311888
MPI_Waitall,advave_, 100, 77595610, 77599148
MPI_Waitall,internal_w_, 18, 15733664, 15734120
MPI_Waitall,external_va_, 30, 1716648, 1717673
MPI_Waitall,bcond3_u_, 18, 79591, 81420
MPI_Waitall,print_section_, 6, 21978, 22091
MPI_Waitall,internal_q_, 114, 9933225, 9957610
MPI_Waitall,bcond6_, 2, 52743, 52784
MPI_Waitall,advct_, 98, 36269875, 36279332
kernel_host_16474014825694923176,bcond4_, 36, 125046297, 125060747
kernel_host_17675233011309389831,internal_w_, 9, 17721959, 17722960
bottom_friction_,MAIN__, 1, 25965201, 25965224
kernel_host_3056794744720896216,internal_v_, 9, 8862264, 8866474
kernel_host_3056794744720896216,internal_u_, 9, 8861941, 8865230
read_init_,__variables_MOD_init_variables, 1, 11090076745, 11090076758
MPI_Allreduce,print_section_, 5, 62306573, 62307899
kernel_host_8976449558737060572,internal_q_, 18, 27962179, 27964176
bcond1_,external_el_, 50, 42135433, 42142994
kernel_host_561946464185660303,update_initial_, 1, 940262, 940695
bcond3_v_,internal_v_, 9, 134172687, 134173036
kernel_host_17600160524251074110,internal_v_, 9, 8818899, 8824367
kernel_host_17600160524251074110,internal_t_, 18, 17603388, 17612480
kernel_host_17600160524251074110,internal_u_, 9, 8816710, 8821434
bcond2_va_,external_va_, 50, 40770415, 40777833
kernel_host_3801595614667731380,bcond4_, 18, 56188457, 56199070
internal_v_,MAIN__, 9, 1582694656, 1582695341
kernel_host_11180554648481108675,internal_q_, 9, 1212301, 1215293
kernel_host_15379746689016184240,baropg_, 11, 21309567, 21314275
MPI_Barrier,bottom_friction_, 1, 20830037, 20830050
MPI_Barrier,read_init_, 1, 37313334, 37313407
MPI_Barrier,bcond1_, 1, 23984522, 23984537
MPI_Barrier,bcond3_v_, 1, 16077012, 16077472
MPI_Barrier,internal_v_, 5, 134307702, 134309054
MPI_Barrier,adjust_ufvf_, 2, 49910826, 49911341
MPI_Barrier,external_el_, 1, 27850834, 27850858
MPI_Barrier,internal_t_, 8, 218135718, 218139101
MPI_Barrier,baropg_, 6, 187316962, 187319841
MPI_Barrier,bcond2_ua_, 2, 53393278, 53394065
MPI_Barrier,bcond4_, 7, 215566221, 215569969
MPI_Barrier,external_update_, 7, 165952279, 165952992
MPI_Barrier,internal_u_, 8, 315009393, 315012281
MPI_Barrier,lateral_viscosity_, 1, 27886917, 27887265
MPI_Barrier,external_ua_, 3, 83858113, 83859132
MPI_Barrier,adjust_uv_, 2, 62324940, 62325537
MPI_Barrier,smoth_update_, 1, 38492434, 38492447
MPI_Barrier,dens_, 9, 233079138, 233080586
MPI_Barrier,advave_, 5, 189053195, 189055027
MPI_Barrier,internal_w_, 2, 63571992, 63572598
MPI_Barrier,external_va_, 3, 106338122, 106338650
MPI_Barrier,mpi_barrier_, 49, 862454358, 862455537
MPI_Barrier,bcond3_u_, 1, 23283368, 23283854
MPI_Barrier,print_section_, 4, 111102042, 111102901
MPI_Barrier,internal_q_, 21, 739127736, 739135786
MPI_Barrier,bcond6_, 5, 151275701, 151277208
MPI_Barrier,advct_, 5, 120442124, 120443123
MPI_Barrier,update_initial_, 5, 150284260, 150286458
MPI_Barrier,mode_interaction_, 3, 127184073, 127184567
kernel_host_14171480367845884996,adjust_uv_, 18, 16048140, 16052112
kernel_host_14171480367845884996,update_initial_, 2, 1783210, 1783725
kernel_host_14171480367845884996,mode_interaction_, 50, 44388808, 44391351
adjust_ufvf_,MAIN__, 9, 328746760, 328747428
kernel_host_12880096600322512940,internal_u_, 9, 28944177, 28945025
MPI_Bcast,read_init_, 58, 290769536, 290790142
MPI_Bcast,external_update_, 100, 412361925, 412365870
MPI_Bcast,print_section_, 6, 21821187, 21821289
kernel_host_7809988743068049318,advave_, 10, 2077996, 2078226
get_time_,MAIN__, 10, 6733, 7312
kernel_host_10447168533120541692,internal_v_, 9, 678089, 678491
kernel_host_10447168533120541692,internal_t_, 18, 1373675, 1374442
kernel_host_10447168533120541692,internal_u_, 9, 683343, 683626
kernel_host_2895507310617246303,external_va_, 10, 2083209, 2084664
kernel_host_7756675061965279120,baropg_, 11, 10709632, 10718579
external_el_,MAIN__, 50, 107989640, 107990661
kernel_host_12580761429086804727,advave_, 10, 2386884, 2387377
MPI_Gather,external_update_, 50, 1820680, 1837865
kernel_host_3904638810941265799,internal_q_, 9, 8039102, 8047591
kernel_host_14523175272559072737,internal_q_, 9, 7964540, 7965830
kernel_host_6269904581008346741,internal_q_, 9, 22883426, 22884490
kernel_host_2704996265738245537,internal_w_, 9, 8713243, 8719923
kernel_host_2668086296973077183,internal_q_, 9, 14827791, 14832392
MPI_Comm_dup,read_init_, 50, 41807934, 41834733
kernel_host_5341804159594033185,bcond3_v_, 9, 8292693, 8297950
kernel_host_5341804159594033185,internal_v_, 9, 8188492, 8195086
kernel_host_5341804159594033185,bcond4_, 18, 16386209, 16396253
kernel_host_5341804159594033185,internal_u_, 9, 8179810, 8186086
kernel_host_5341804159594033185,bcond3_u_, 9, 8214200, 8219848
kernel_host_14960680749554967015,internal_u_, 9, 570003, 571026
kernel_host_7338183325372557907,internal_q_, 18, 171266097, 171267201
internal_t_,MAIN__, 18, 4451038147, 4451038814
MPI_Comm_free,read_init_, 50, 256971, 285654
kernel_host_167483268786796797,internal_q_, 9, 19685700, 19686179
baropg_,lateral_viscosity_, 10, 879773217, 879773797
baropg_,update_initial_, 1, 359925689, 359925713
kernel_host_9872960228072659106,bcond4_, 36, 125063339, 125077909
kernel_host_13005850972175828160,adjust_uv_, 9, 9339411, 9341056
kernel_host_928901692857333394,dens_, 11, 17380915, 17381462
kernel_host_12498671133038244182,print_section_, 1, 80442, 80861
bcond2_ua_,external_ua_, 50, 116490546, 116496198
kernel_host_17156898055338419057,advct_, 10, 18039576, 18039856
kernel_host_15777227199745514466,mode_interaction_, 20, 1412166, 1414050
kernel_host_5251974738527917755,internal_u_, 9, 1385399, 1387188
kernel_host_13670386984375334520,bcond2_va_, 50, 5614353, 5621637
kernel_host_13670386984375334520,bcond2_ua_, 50, 5866066, 5878625
kernel_host_11078693922887474255,bcond1_, 50, 3777016, 3789851
kernel_host_11078693922887474255,bcond2_va_, 50, 3627276, 3630733
kernel_host_11078693922887474255,bcond2_ua_, 50, 3590336, 3597479
kernel_host_11078693922887474255,print_section_, 1, 79054, 79193
bcond4_,internal_t_, 18, 945589765, 945603624
kernel_host_4023198913931606276,update_initial_, 1, 68311, 68574
kernel_host_4023198913931606276,mode_interaction_, 10, 582849, 584232
kernel_host_18070178787332596206,internal_q_, 9, 23669672, 23670138
MAIN__,main, 1, 34807755224, 34807755436
kernel_host_7004053664364030334,external_update_, 150, 15459552, 15477410
kernel_host_5742318362719794899,mode_interaction_, 10, 767085, 768968
kernel_host_677570178439262390,advave_, 10, 1870224, 1871363
MPI_Get_processor_name,mpi_get_processor_name_, 1, 3121, 3137
kernel_host_11243618430834388333,external_update_, 40, 3742670, 3746136
external_update_,MAIN__, 50, 712238004, 712239108
surface_forcing_,MAIN__, 10, 6761967, 6762401
internal_u_,MAIN__, 9, 1808741869, 1808742347
kernel_host_11711072112829525569,internal_q_, 9, 663077, 667358
kernel_host_1406632355128019739,external_el_, 50, 10201436, 10203104
kernel_host_533893640144992498,advct_, 10, 19562734, 19562920
kernel_host_13029536952378754949,internal_q_, 9, 51317067, 51322021
MPI_Get_count,read_init_, 50, 95420, 129297
kernel_host_13767876723361870048,smoth_update_, 18, 33591847, 33592691
kernel_host_13767876723361870048,smoth_update1_, 18, 33544202, 33545405
kernel_host_4064066695173842015,baropg_, 11, 10483211, 10492642
MPI_Type_commit,read_init_, 41, 1306720, 1309195
MPI_Type_commit,internal_t_, 1, 30330, 30360
MPI_Type_commit,baropg_, 1, 32392, 32683
MPI_Type_commit,MAIN__, 8, 239063, 240406
MPI_Type_commit,external_update_, 100, 1923469, 1928656
MPI_Type_commit,internal_u_, 1, 31615, 31773
MPI_Type_commit,dens_, 1, 30546, 30564
MPI_Type_commit,print_section_, 10, 181382, 182046
kernel_host_13527600874346049264,dens_, 22, 19442472, 19443784
kernel_host_9870073709680686895,internal_q_, 9, 14795296, 14800528
MPI_Type_free,read_init_, 41, 28570, 31246
MPI_Type_free,internal_t_, 1, 817, 833
MPI_Type_free,baropg_, 1, 747, 762
MPI_Type_free,MAIN__, 8, 5996, 6130
MPI_Type_free,external_update_, 100, 96051, 98044
MPI_Type_free,internal_u_, 1, 1410, 1426
MPI_Type_free,dens_, 1, 541, 686
MPI_Type_free,print_section_, 10, 8427, 8630
kernel_host_7308789819381199256,internal_v_, 9, 10949584, 10950342
__config_MOD_loadconfig,__variables_MOD_init_variables, 1, 4193052, 4193066
kernel_host_1513189204643337441,external_update_, 10, 600353, 600743
kernel_host_1513189204643337441,internal_q_, 18, 1036632, 1037214
MPI_Type_size,read_init_, 50, 80383, 102332
kernel_host_5285627496081891117,dens_, 11, 10189509, 10190346
kernel_host_11785900214035726808,adjust_ufvf_, 18, 28221908, 28223438
init_fields_,MAIN__, 1, 52221, 52235
lateral_viscosity_,MAIN__, 10, 1488133674, 1488133868
kernel_host_10878038741274582305,internal_q_, 18, 15936804, 15939154
kernel_host_6151473719594853315,internal_v_, 9, 986118, 986390
kernel_host_6151473719594853315,internal_t_, 18, 1979477, 1979957
kernel_host_6151473719594853315,internal_u_, 9, 998320, 998788
kernel_host_17988520462433045664,baropg_, 11, 14684655, 14689215
kernel_host_2769894380674479461,bcond2_va_, 50, 5594323, 5602234
kernel_host_2769894380674479461,bcond2_ua_, 50, 5931460, 5945529
external_ua_,MAIN__, 50, 445002072, 445004424
kernel_host_5613771957553797452,external_update_, 10, 894917, 895709
kernel_host_14742595204480865565,bcond3_v_, 9, 13791428, 13791597
kernel_host_10653094078730851825,print_section_, 2, 2697756, 2698712
kernel_host_11734272273339620725,internal_q_, 9, 16722107, 16722579
kernel_host_149332173039792024,internal_v_, 9, 612115, 613571
kernel_host_149332173039792024,internal_u_, 9, 636116, 637948
kernel_host_2403034596777470961,bcond6_, 18, 50688725, 50697961
kernel_host_11364641885718042762,internal_q_, 9, 11886764, 11890829
kernel_host_3203235421309124674,advave_, 10, 1973364, 1973725
kernel_host_14177333148799137211,dens_, 11, 20618467, 20619618
kernel_host_4089695605558063454,internal_v_, 9, 638847, 639042
kernel_host_5189765816641970822,internal_v_, 9, 1432877, 1433138
kernel_host_5189765816641970822,internal_u_, 9, 1415707, 1416092
kernel_host_6065031066545417016,internal_q_, 9, 19741802, 19748727
adjust_uv_,MAIN__, 9, 300383175, 300383684
kernel_host_9828195426201177678,internal_t_, 18, 23859513, 23868029
kernel_host_16004796625768757002,advave_, 10, 1540786, 1541032
smoth_update_,internal_q_, 9, 85294922, 85295061
kernel_host_5425075240490291438,bcond4_, 18, 60964736, 60974933
kernel_host_14841353772382616086,external_va_, 10, 3204664, 3205010
kernel_host_18194556031340472576,external_update_, 40, 4045338, 4046486
kernel_host_17257447492840229055,print_section_, 1, 94880, 95669
dens_,read_init_, 1, 339505728, 339505741
dens_,MAIN__, 9, 179132584, 179132755
dens_,update_initial_, 1, 20857754, 20857873
kernel_host_2077031470031862986,dens_, 11, 46493830, 46495926
kernel_host_14516561621248944045,update_initial_, 1, 912360, 912673
kernel_host_5579468312897313468,bcond6_, 18, 55929382, 55932411
kernel_host_4181240233776583252,internal_q_, 9, 14286854, 14287515
kernel_host_16514618981259130990,internal_t_, 18, 36718917, 36720591
kernel_host_17506849007025892946,external_update_, 40, 2987843, 2991725
smoth_update1_,internal_t_, 18, 43377908, 43378193
kernel_host_669428828628634244,baropg_, 11, 35352439, 35356338
advave_,mode_interaction_, 10, 542141670, 542142660
kernel_host_11974978034716845838,baropg_, 11, 59217301, 59218410
internal_w_,MAIN__, 9, 573433225, 573433882
kernel_host_8607595517187487955,bcond6_, 18, 50514729, 50520707
kernel_host_13678541340789269977,internal_t_, 18, 1304752, 1306995
kernel_host_13678541340789269977,external_update_, 50, 3613479, 3619140
kernel_host_13678541340789269977,internal_update_, 20, 1539788, 1541498
kernel_host_13678541340789269977,internal_q_, 9, 720714, 721934
kernel_host_13678541340789269977,update_initial_, 2, 155337, 155670
kernel_host_4582267827303034181,internal_q_, 9, 8325367, 8333003
kernel_host_18110621675970109649,internal_q_, 9, 11286902, 11288253
sw_memcpy_host,read_init_, 3, 562431, 562667
sw_memcpy_host,bcond3_v_, 18, 4835359, 4835917
sw_memcpy_host,bcond2_va_, 150, 9984753, 9988166
sw_memcpy_host,internal_v_, 144, 14506061, 14527515
sw_memcpy_host,adjust_ufvf_, 54, 18212167, 18221571
sw_memcpy_host,internal_t_, 252, 26705329, 26753648
sw_memcpy_host,baropg_, 22, 1171569, 1174679
sw_memcpy_host,bcond2_ua_, 150, 9910861, 9914232
sw_memcpy_host,bcond4_, 54, 25232620, 25241310
sw_memcpy_host,external_update_, 150, 9894543, 9901261
sw_memcpy_host,surface_forcing_, 2, 141334, 141901
sw_memcpy_host,internal_u_, 144, 14471824, 14492941
sw_memcpy_host,adjust_uv_, 18, 1154633, 1161744
sw_memcpy_host,smoth_update_, 18, 8472480, 8473630
sw_memcpy_host,smoth_update1_, 18, 8484299, 8485530
sw_memcpy_host,internal_w_, 9, 3816069, 3822921
sw_memcpy_host,internal_update_, 60, 3929495, 3931356
sw_memcpy_host,bcond3_u_, 18, 4847228, 4847741
sw_memcpy_host,internal_q_, 36, 13315796, 13328002
sw_memcpy_host,bcond6_, 18, 8509840, 8510474
sw_memcpy_host,update_initial_, 15, 4187238, 4188863
sw_memcpy_host,__variables_MOD_init_variables, 117, 24483195, 24485754
sw_memcpy_host,mode_interaction_, 50, 3132512, 3158594
kernel_host_17876976960434219323,dens_, 11, 17078875, 17079911
kernel_host_11735378529907380392,internal_v_, 9, 16576238, 16577186
lateral_bc_,MAIN__, 10, 6514, 7855
main,__libc_start_main, 1, 34807773481, 34838037686
kernel_host_18056069231970590520,external_va_, 50, 24969236, 24970916
kernel_host_2904305052371605897,lateral_viscosity_, 10, 60084110, 60084376
external_va_,MAIN__, 50, 380605756, 380606822
kernel_host_17356059520636453398,external_ua_, 50, 19115710, 19125117
mpi_barrier_,read_init_, 20, 167045652, 167046434
mpi_barrier_,MAIN__, 18, 622113979, 622115085
mpi_barrier_,__variables_MOD_init_variables, 11, 73324882, 73325702
kernel_host_11313705801899030046,internal_u_, 9, 14002449, 14006710
kernel_host_10018654585745270947,advct_, 10, 52120890, 52121765
internal_update_,MAIN__, 10, 6440491, 6440858
kernel_host_10227889028461526473,external_ua_, 10, 4276578, 4277038
mpi_comm_rank_,MAIN__, 1, 1593, 1664
kernel_host_9476223794341086031,bcond6_, 18, 55896439, 55902748
kernel_host_13095133616550115949,internal_v_, 9, 7193087, 7194394
kernel_host_13095133616550115949,internal_t_, 18, 14355356, 14356429
kernel_host_13095133616550115949,internal_u_, 9, 7160031, 7161182
bcond3_u_,internal_u_, 9, 119201697, 119201871
mpi_comm_size_,MAIN__, 1, 365, 385
print_section_,MAIN__, 1, 256041086, 256041129
kernel_host_940921560178879518,dens_, 11, 14368341, 14370251
kernel_host_940921560178879518,internal_q_, 9, 11818474, 11823723
kernel_host_14913372915240065947,internal_t_, 18, 119529096, 119530321
internal_q_,MAIN__, 9, 6074618597, 6074618962
kernel_host_13054536613402403077,internal_q_, 9, 1227514, 1228151
mpi_get_processor_name_,MAIN__, 1, 4186, 4198
bcond6_,internal_q_, 9, 457147140, 457152235
kernel_host_3118027215046091878,bottom_friction_, 1, 173770, 174098
advct_,lateral_viscosity_, 10, 502640110, 502640297
update_initial_,MAIN__, 1, 596114072, 596114085
kernel_host_10908567227736662191,read_init_, 1, 894129, 894305
kernel_host_4654656141485052332,bcond3_u_, 9, 25059433, 25059586
MPI_Init,MAIN__, 1, 2104724900, 2104724929
__variables_MOD_init_variables,MAIN__, 1, 11211035777, 11211035790
kernel_host_5354701768032446803,mode_interaction_, 10, 878414, 879742
kernel_host_2998007382017772732,dens_, 11, 27006603, 27007470
MPI_Irecv,read_init_, 3, 7211, 7436
MPI_Irecv,internal_t_, 1, 3923, 3946
MPI_Irecv,baropg_, 1, 4271, 4294
MPI_Irecv,MAIN__, 8, 28230, 28424
MPI_Irecv,external_update_, 50, 147844, 149140
MPI_Irecv,internal_u_, 1, 4066, 4088
MPI_Irecv,dens_, 1, 3620, 3642
MPI_Irecv,print_section_, 5, 12719, 12840
kernel_host_18092185543702176767,internal_v_, 9, 31118180, 31118789
kernel_host_1711344829487799974,bcond4_, 18, 57277496, 57286175
mode_interaction_,MAIN__, 10, 1240651426, 1240652323
kernel_host_6495952187057350598,internal_u_, 9, 8087840, 8091382
MPI_Isend,bcond3_v_, 18, 239956, 248824
MPI_Isend,internal_v_, 18, 119006, 120635
MPI_Isend,external_el_, 160, 650891, 665310
MPI_Isend,internal_t_, 72, 729060, 750398
MPI_Isend,MAIN__, 64, 266827, 272222
MPI_Isend,internal_u_, 18, 127488, 128898
MPI_Isend,lateral_viscosity_, 20, 157568, 161685
MPI_Isend,external_ua_, 50, 213712, 217044
MPI_Isend,advave_, 100, 400802, 409721
MPI_Isend,internal_w_, 18, 162889, 168394
MPI_Isend,external_va_, 30, 142820, 145300
MPI_Isend,bcond3_u_, 18, 152133, 157717
MPI_Isend,internal_q_, 114, 1109940, 1140807
MPI_Isend,bcond6_, 2, 25479, 26064
MPI_Isend,advct_, 98, 1022657, 1049493
kernel_host_8383241828137858514,internal_t_, 18, 3051121, 3051550
kernel_host_14930920824767543618,advct_, 10, 60480820, 60485121
kernel_host_11544715019137345953,adjust_uv_, 9, 9166520, 9167991
MPI_Recv,bcond3_v_, 9, 37898314, 37898710
MPI_Recv,internal_v_, 73, 157369415, 157382257
MPI_Recv,internal_t_, 72, 179862827, 179865051
MPI_Recv,baropg_, 22, 41233908, 41240218
MPI_Recv,MAIN__, 64, 2857873, 2859930
MPI_Recv,external_update_, 80, 10979187, 10985808
MPI_Recv,internal_u_, 82, 186007763, 186022838
MPI_Recv,external_ua_, 253, 174292958, 174321157
MPI_Recv,advave_, 140, 232973631, 232981018
MPI_Recv,external_va_, 213, 156347914, 156362890
MPI_Recv,bcond3_u_, 18, 33453510, 33453922
MPI_Recv,internal_q_, 90, 151851133, 151855157
MPI_Recv,bcond6_, 2, 13240164, 13240890
MPI_Recv,advct_, 140, 79604981, 79615097
kernel_host_3362328253860953284,internal_t_, 18, 22089184, 22095420
kernel_host_3362328253860953284,dens_, 33, 39971323, 39973112
kernel_host_8054816732667103883,bcond4_, 18, 61155779, 61165833
kernel_host_6678857161791714567,internal_v_, 9, 1470610, 1470789
kernel_host_5305202362360132607,internal_q_, 9, 11250727, 11253525
MPI_Send,external_update_, 50, 195985, 196931
MPI_Send,print_section_, 5, 19421, 19528
kernel_host_14772865060589351907,advct_, 10, 32577794, 32579183
kernel_host_16025009267156524296,external_ua_, 10, 1511390, 1511778
