<?xml version="1.0"?>

<config_definition>

<!-- ========================================================================== -->
<!--                                                                            -->
<!--       These variables MAY BE CHANGED ANYTIME during a run.                 -->
<!--       Additional machine speific variables that can be changed             -->
<!--       during a run are contained in the env_mach_specific file             -->
<!--                                                                            -->
<!--       Note1: users SHOULD NOT modify BUILD_COMPETE in env_build.xml        -->
<!--              this is done automatically by the scripts                     -->
<!--                                                                            -->
<!-- ========================================================================== -->



<!--"case run directory (by default will be set to $EXEROOT/../run) (char) " -->
<entry id="RUNDIR"   value="$CCSMROOT/run/$CASE/run"  />    

<!--"CCSM tag (char) " -->
<entry id="CCSM_REPOTAG"   value="cesm1_2_1_n14_cam5_3_01"  />    

<!--"case description (char) " -->
<entry id="CASESTR"   value="UNSET"  />    

<!-- ====================================== -->

<!--"Run initialization type, valid values: startup,hybrid,branch (char) " -->
<entry id="RUN_TYPE"   value="hybrid"  />    

<!--"Run start date (yyyy-mm-dd). Only used for startup or hybrid runs (char) " -->
<entry id="RUN_STARTDATE"   value="0001-01-01"  />    

<!--"start time-of-day (integer) " -->
<entry id="START_TOD"   value="0"  />    

<!--"Reference case for hybrid or branch runs (char*256) " -->
<entry id="RUN_REFCASE"   value="esmspinup.1234.1"  />    

<!--"Reference date for hybrid or branch runs (yyyy-mm-dd) (char*10) " -->
<entry id="RUN_REFDATE"   value="1001-01-01"  />    

<!--"Reference time of day (seconds) for hybrid or branch runs (sssss) (char) " -->
<entry id="RUN_REFTOD"   value="00000"  />    

<!--"allow same branch casename as reference casename, valid values: TRUE,FALSE (logical) " -->
<entry id="BRNCH_RETAIN_CASENAME"   value="FALSE"  />    

<!--"flag for automatically prestaging the refcase restart dataset, valid values: TRUE,FALSE (logical) " -->
<entry id="GET_REFCASE"   value="TRUE"  />    

<!-- ====================================== -->

<!--"sets the run length with STOP_N and STOP_DATE (must be nyear(s) for _GLC compsets for restarts to work properly), valid values: none,never,nsteps,nstep,nseconds,nsecond,nminutes,nminute,nhours,nhour,ndays,nday,nmonths,nmonth,nyears,nyear,date,ifdays0,end (char) " -->
<entry id="STOP_OPTION"   value="nmonths"  />    

<!--"sets the run length with STOP_OPTION and STOP_DATE (integer) " -->
<entry id="STOP_N"   value="12000"  />    

<!--"date in yyyymmdd format, sets the run length with STOP_OPTION and STOP_N (integer) " -->
<entry id="STOP_DATE"   value="-999"  />    

<!-- ====================================== -->

<!--"sets frequency of model restart writes (same options as STOP_OPTION) (must be nyear(s) for _GLC compsets) (char) " -->
<entry id="REST_OPTION"   value="nmonths"  />    

<!--"sets model restart writes with REST_OPTION and REST_DATE (char) " -->
<entry id="REST_N"   value="12"  />    

<!--"date in yyyymmdd format, sets model restart write date with REST_OPTION and REST_N (char) " -->
<entry id="REST_DATE"   value="$STOP_DATE"  />    

<!--"A setting of TRUE implies a continuation run, valid values: TRUE,FALSE (logical) " -->
<entry id="CONTINUE_RUN"   value="FALSE"  />    

<!--"If RESUBMIT is greater than 0, then case will automatically resubmit (integer) " -->
<entry id="RESUBMIT"   value="0"  />    

<!-- ====================================== -->

<!--"base period associated with NCPL coupling frequency, valid values: hour,day,year,decade (char) " -->
<entry id="NCPL_BASE_PERIOD"   value="day"  />    

<!--"number of atm coupling intervals per NCPL_BASE_PERIOD (integer) (char) " -->
<entry id="ATM_NCPL"   value="48"  />    

<!--"number of land coupling intervals per NCPL_BASE_PERIOD (integer) (char) " -->
<entry id="LND_NCPL"   value="$ATM_NCPL"  />    

<!--"number of ice coupling intervals per NCPL_BASE_PERIOD (integer) (char) " -->
<entry id="ICE_NCPL"   value="$ATM_NCPL"  />    

<!--"number of ocn coupling intervals per NCPL_BASE_PERIOD (integer) (char) " -->
<entry id="OCN_NCPL"   value="8"  />    

<!--"number of glc coupling intervals per NCPL_BASE_PERIOD (integer) (char) " -->
<entry id="GLC_NCPL"   value="1"  />    

<!--"number of rof coupling intervals per NCPL_BASE_PERIOD (integer) (char) " -->
<entry id="ROF_NCPL"   value="8"  />    

<!--"number of wav coupling intervals per NCPL_BASE_PERIOD (integer) (char) " -->
<entry id="WAV_NCPL"   value="$ATM_NCPL"  />    

<!--"if TRUE, treats ocean model like lnd/ice in coupling, valid values: TRUE,FALSE (logical) " -->
<entry id="OCN_TIGHT_COUPLING"   value="FALSE"  />    

<!-- ====================================== -->

<!--"mpi run command (char) " -->
<entry id="MPI_RUN_COMMAND"   value="UNSET"  />    

<!-- ====================================== -->

<!--"TRUE implies perform asynchronous i/o, valid values: TRUE,FALSE (logical) " -->
<entry id="PIO_ASYNC_INTERFACE"   value="FALSE"  />    

<!--"mpi task stride between io tasks (integer) " -->
<entry id="PIO_STRIDE"   value="4"  />    

<!--"pio root processor (integer) " -->
<entry id="PIO_ROOT"   value="1"  />    

<!--"pio number of io tasks (integer) " -->
<entry id="PIO_NUMTASKS"   value="-1"  />    

<!--"pio io type, valid values: netcdf,pnetcdf,netcdf4p,netcdf4c,default (char) " -->
<entry id="PIO_TYPENAME"   value="netcdf"  />    

<!--"pio debug level, valid values: 0,1,2,3,4,5,6 (integer) " -->
<entry id="PIO_DEBUG_LEVEL"   value="0"  />    

<!--"pio blocksize (integer) " -->
<entry id="PIO_BLOCKSIZE"   value="-1"  />    

<!--"pio buffer size limit (integer) " -->
<entry id="PIO_BUFFER_SIZE_LIMIT"   value="-1"  />    

<!--"pio stride (integer) " -->
<entry id="OCN_PIO_STRIDE"   value="-99"  />    

<!--"pio root processor (integer) " -->
<entry id="OCN_PIO_ROOT"   value="-99"  />    

<!--"pio number of io tasks (integer) " -->
<entry id="OCN_PIO_NUMTASKS"   value="-1"  />    

<!--"pio io type, valid values: nothing,netcdf,pnetcdf,netcdf4p,netcdf4c (char) " -->
<entry id="OCN_PIO_TYPENAME"   value="nothing"  />    

<!--"pio stride (integer) " -->
<entry id="LND_PIO_STRIDE"   value="-99"  />    

<!--"pio root processor (integer) " -->
<entry id="LND_PIO_ROOT"   value="-99"  />    

<!--"pio number of io tasks (integer) " -->
<entry id="LND_PIO_NUMTASKS"   value="-1"  />    

<!--"pio io type, valid values: nothing,netcdf,pnetcdf,netcdf4p,netcdf4c (char) " -->
<entry id="LND_PIO_TYPENAME"   value="nothing"  />    

<!--"pio stride (integer) " -->
<entry id="ROF_PIO_STRIDE"   value="-99"  />    

<!--"pio root processor (integer) " -->
<entry id="ROF_PIO_ROOT"   value="-99"  />    

<!--"pio number of io tasks (integer) " -->
<entry id="ROF_PIO_NUMTASKS"   value="-1"  />    

<!--"pio io type, valid values: nothing,netcdf,pnetcdf,netcdf4p,netcdf4c (char) " -->
<entry id="ROF_PIO_TYPENAME"   value="nothing"  />    

<!--"pio stride (integer) " -->
<entry id="ICE_PIO_STRIDE"   value="-99"  />    

<!--"pio root processor (integer) " -->
<entry id="ICE_PIO_ROOT"   value="-99"  />    

<!--"pio number of io tasks (integer) " -->
<entry id="ICE_PIO_NUMTASKS"   value="-1"  />    

<!--"pio io type, valid values: nothing,netcdf,pnetcdf,netcdf4p,netcdf4c (char) " -->
<entry id="ICE_PIO_TYPENAME"   value="nothing"  />    

<!--"pio stride (integer) " -->
<entry id="ATM_PIO_STRIDE"   value="-99"  />    

<!--"pio root processor (integer) " -->
<entry id="ATM_PIO_ROOT"   value="-99"  />    

<!--"pio number of io tasks (integer) " -->
<entry id="ATM_PIO_NUMTASKS"   value="-1"  />    

<!--"pio io type, valid values: nothing,netcdf,pnetcdf,netcdf4p,netcdf4c (char) " -->
<entry id="ATM_PIO_TYPENAME"   value="nothing"  />    

<!--"pio stride (integer) " -->
<entry id="CPL_PIO_STRIDE"   value="-99"  />    

<!--"pio root processor (integer) " -->
<entry id="CPL_PIO_ROOT"   value="-99"  />    

<!--"pio number of io tasks (integer) " -->
<entry id="CPL_PIO_NUMTASKS"   value="-1"  />    

<!--"pio io type, valid values: nothing,netcdf,pnetcdf,netcdf4p,netcdf4c (char) " -->
<entry id="CPL_PIO_TYPENAME"   value="nothing"  />    

<!--"pio stride (integer) " -->
<entry id="GLC_PIO_STRIDE"   value="-99"  />    

<!--"pio root processor (integer) " -->
<entry id="GLC_PIO_ROOT"   value="-99"  />    

<!--"pio number of io tasks (integer) " -->
<entry id="GLC_PIO_NUMTASKS"   value="-1"  />    

<!--"pio io type, valid values: nothing,netcdf,pnetcdf,netcdf4p,netcdf4c (char) " -->
<entry id="GLC_PIO_TYPENAME"   value="nothing"  />    

<!--"pio stride (integer) " -->
<entry id="WAV_PIO_STRIDE"   value="-99"  />    

<!--"pio root processor (integer) " -->
<entry id="WAV_PIO_ROOT"   value="-99"  />    

<!--"pio number of io tasks (integer) " -->
<entry id="WAV_PIO_NUMTASKS"   value="-1"  />    

<!--"pio io type, valid values: nothing,netcdf,pnetcdf,netcdf4p,netcdf4c (char) " -->
<entry id="WAV_PIO_TYPENAME"   value="nothing"  />    

<!-- ====================================== -->

<!--"logical that turns on diagnostic budgets, valid values: TRUE,FALSE (logical) " -->
<entry id="BUDGETS"   value="TRUE"  />    

<!--"Turns on component varying thread control in the driver, valid values: TRUE,FALSE (logical) " -->
<entry id="DRV_THREADING"   value="FALSE"  />    

<!--"Turns on component barriers for component timing, valid values: TRUE,FALSE (logical) " -->
<entry id="COMP_RUN_BARRIERS"   value="FALSE"  />    

<!--"turns on bit-for-bit reproducibility with varying pe counts in coupler, valid values: TRUE,FALSE (logical) " -->
<entry id="BFBFLAG"   value="FALSE"  />    

<!--"level of debug output, 0=minimum, 1=normal, 2=more, 3=too much, valid values: 0,1,2,3 (integer) " -->
<entry id="INFO_DBUG"   value="1"  />    

<!--"timer output depth (integer) " -->
<entry id="TIMER_LEVEL"   value="12"  />    

<!--"cpl decomp option, valid values: 0,1,2,3,4,5,6 (integer) " -->
<entry id="CPL_DECOMP"   value="0"  />    

<!--"logical to diagnose model timing at the end of the run, valid values: TRUE,FALSE (logical) " -->
<entry id="CHECK_TIMING"   value="TRUE"  />    

<!--"logical to save timing files in rundir, valid values: TRUE,FALSE (logical) " -->
<entry id="SAVE_TIMING"   value="FALSE"  />    

<!-- ====================================== -->

<!--"sets coupler snapshot history file frequency (like REST_OPTION) (char) " -->
<entry id="HIST_OPTION"   value="never"  />    

<!--"sets coupler snapshot history file frequency (like REST_N) (char) " -->
<entry id="HIST_N"   value="-999"  />    

<!--"yyyymmdd format, sets coupler snapshot history date (like REST_DATE) (integer) " -->
<entry id="HIST_DATE"   value="-999"  />    

<!-- ====================================== -->

<!--"command used to query batch system (char) " -->
<entry id="BATCHQUERY"   value="squeue"  />    

<!--"command used to submit to batch system (char) " -->
<entry id="BATCHSUBMIT"   value="sbatch"  />    

<!-- ====================================== -->

<!--"local inputdata directory for CCSM prestaged data (char) " -->
<entry id="DIN_LOC_ROOT"   value="/public1/home/fio_climate_model/FIO-ESM/inputdata"  />    

<!--"general ccsm inputdata directory for CLM datm forcing (char) " -->
<entry id="DIN_LOC_ROOT_CLMFORC"   value="$DIN_LOC_ROOT/atm/datm7/atm_forcing.datm7.Qian.T62.c080727"  />    

<!-- ====================================== -->

<!--"directory where log files should be copied (char) " -->
<entry id="LOGDIR"   value="$CASEROOT/logs"  />    

<!--"logical to turn on short term archiving, valid values: TRUE,FALSE (logical) " -->
<entry id="DOUT_S"   value="TRUE"  />    

<!--"local short term archiving root directory (char) " -->
<entry id="DOUT_S_ROOT"   value="$CCSMROOT/archive/$CASE"  />    

<!--"logical to archive all interim restart files, not just those at eor, valid values: TRUE,FALSE (logical) " -->
<entry id="DOUT_S_SAVE_INT_REST_FILES"   value="TRUE"  />    

<!--"logical to turn on long term archiving (if DOUT_S is also TRUE), valid values: TRUE,FALSE (logical) " -->
<entry id="DOUT_L_MS"   value="FALSE"  />    

<!--"local long term archiving root directory (char) " -->
<entry id="DOUT_L_MSROOT"   value="UNSET"  />    

<!--"hpss account number (char) " -->
<entry id="DOUT_L_HPSS_ACCNT"   value="00000000"  />    

<!--"logical to tar up long term archiver history files, valid values: TRUE,FALSE (logical) " -->
<entry id="DOUT_L_HTAR"   value="FALSE"  />    

<!--"standard ccsm baselines directory for testing (char) " -->
<entry id="CCSM_BASELINE"   value="/UNSET"  />    

<!--"standard location of the cprnc tool (char) " -->
<entry id="CCSM_CPRNC"   value="/UNSET"  />    

<!-- ====================================== -->

<!--"CAM namelist use_case (char) " -->
<entry id="CAM_NML_USE_CASE"   value="1850_cam5_pm_bgc_fioesm"  />    

<!--"CAM specific namelist settings for -namelist option (char) " -->
<entry id="CAM_NAMELIST_OPTS"   value=""  />    

<!-- ====================================== -->

<!--"CLM build-namelist options (char) " -->
<entry id="CLM_BLDNML_OPTS"   value=""  />    

<!--"CLM namelist use_case (char) " -->
<entry id="CLM_NML_USE_CASE"   value="1850_bgcfioesm_control"  />    

<!--"CLM specific namelist settings (char) " -->
<entry id="CLM_NAMELIST_OPTS"   value=""  />    

<!--"clm co2 type, valid values: constant,diagnostic,prognostic (char) " -->
<entry id="CLM_CO2_TYPE"   value="prognostic"  />    

<!--"Force CLM model to do a cold-start, valid values: on,off (char) " -->
<entry id="CLM_FORCE_COLDSTART"   value="off"  />    

<!--"My Data ID (char) " -->
<entry id="CLM_USRDAT_NAME"   value="UNSET"  />    

<!-- ====================================== -->

<!--"surface heat and freshwater forcing, partial is consistent with coupling to a data atm model, valid values: full,partial (char) " -->
<entry id="OCN_COUPLING"   value="full"  />    

<!--"under ice forcing, inactive is consistent with coupling to a data ice model, valid values: active,inactive (char) " -->
<entry id="OCN_ICE_FORCING"   value="active"  />    

<!--"provenance of surface Chl for radiative penetration computations, valid values: diagnostic,prognostic (char) " -->
<entry id="OCN_CHL_TYPE"   value="prognostic"  />    

<!--"provenance of atmospheric CO2 for gas flux computation, valid values: constant,prognostic,diagnostic (char) " -->
<entry id="OCN_CO2_TYPE"   value="prognostic"  />    

<!--"TRUE implies using fix to pH scale of carbon thermodynamic constants, valid values: TRUE,FALSE (char) " -->
<entry id="OCN_CO2_FLUX_OCMIP_BUG_FIX"   value="TRUE"  />    

<!--"specification of transient forcing datasets, valid values: unset,1850-2000,ssp126,ssp245,ssp370,ssp585,CORE2_OMIP (char) " -->
<entry id="OCN_TRANSIENT"   value="unset"  />    

<!--"tavg output control for tracer-budget terms, valid values: TRUE,FALSE (char) " -->
<entry id="OCN_TAVG_TRACER_BUDGET"   value="FALSE"  />    

<!--"tavg output control for high-frequency output, valid values: TRUE,FALSE (char) " -->
<entry id="OCN_TAVG_HIFREQ"   value="FALSE"  />    

<!-- ====================================== -->

<!--"CICE specific namelist settings for -namelist option (char) " -->
<entry id="CICE_NAMELIST_OPTS"   value="cam5=.true."  />    

<!-- ====================================== -->

<!-- ====================================== -->

<!--"RTM build-namelist options (char) " -->
<entry id="RTM_BLDNML_OPTS"   value="-simyr 1850"  />    

<!--"RTM specific namelist settings (char) " -->
<entry id="RTM_NAMELIST_OPTS"   value=""  />    

<!-- ====================================== -->

<!-- ====================================== -->

<!--"Sets sst/ice_cov stream name for pres runs, only used in F,A compset (char) " -->
<entry id="SSTICE_STREAM"   value="UNSET"  />    

<!--"Sets sst/ice_cov data filename for prescribed runs, only used in F,A compset (char) " -->
<entry id="SSTICE_DATA_FILENAME"   value="UNSET"  />    

<!--"Sets sst/ice_cov grid filename for pres runs, only used in F,A compset (char) " -->
<entry id="SSTICE_GRID_FILENAME"   value="UNSET"  />    

<!--"Sets model year align of sst/ice_cov for pres runs, only used in F,A compset (integer) " -->
<entry id="SSTICE_YEAR_ALIGN"   value="-999"  />    

<!--"Sets year start of sst/ice_cov for pres runs, only used in F,A compset (integer) " -->
<entry id="SSTICE_YEAR_START"   value="-999"  />    

<!--"Sets year end of sst/ice_cov for pres runs, only used in F,A compset (integer) " -->
<entry id="SSTICE_YEAR_END"   value="-999"  />    

<!-- ====================================== -->

<!--"Only used for C,G compsets: if ocn, ocn provides EP balance factor for precip, valid values: off,ocn (char) " -->
<entry id="CPL_EPBAL"   value="off"  />    

<!--"Only used for C,G compsets: if true, compute albedos to work with daily avg SW down, valid values: true,false (logical) " -->
<entry id="CPL_ALBAV"   value="false"  />    

<!--"BGC flag, valid values: none,CO2A,CO2B,CO2C,CO2_DMSA (char) " -->
<entry id="CCSM_BGC"   value="CO2C"  />    

<!--"Glacier model number of elevation classes, 0 implies no glacier land unit in clm, valid values: 0,1,3,5,10,36 (integer) " -->
<entry id="GLC_NEC"   value="0"  />    

<!--"CO2 ppmv (real) " -->
<entry id="CCSM_CO2_PPMV"   value="284.32"  />    

<!-- ====================================== -->

<!--"atm domain file (char) " -->
<entry id="ATM_DOMAIN_FILE"   value="domain.lnd.fv0.9x1.25_gx1v6.090309.nc"  />    

<!--"path of atm domain file (char) " -->
<entry id="ATM_DOMAIN_PATH"   value="$DIN_LOC_ROOT/share/domains"  />    

<!--"lnd domain file (char) " -->
<entry id="LND_DOMAIN_FILE"   value="domain.lnd.fv0.9x1.25_gx1v6.090309.nc"  />    

<!--"path of lnd domain file (char) " -->
<entry id="LND_DOMAIN_PATH"   value="$DIN_LOC_ROOT/share/domains"  />    

<!--"rof domain file (char) " -->
<entry id="ROF_DOMAIN_FILE"   value="UNSET"  />    

<!--"path of rof domain file (char) " -->
<entry id="ROF_DOMAIN_PATH"   value="$DIN_LOC_ROOT/share/domains"  />    

<!--"wav domain file (char) " -->
<entry id="WAV_DOMAIN_FILE"   value="UNSET"  />    

<!--"path of wav domain file (char) " -->
<entry id="WAV_DOMAIN_PATH"   value="$DIN_LOC_ROOT/share/domains"  />    

<!--"ice domain file (char) " -->
<entry id="ICE_DOMAIN_FILE"   value="domain.ocn.gx1v6.090206.nc"  />    

<!--"path of ice domain file (char) " -->
<entry id="ICE_DOMAIN_PATH"   value="$DIN_LOC_ROOT/share/domains"  />    

<!--"ocn domain file (char) " -->
<entry id="OCN_DOMAIN_FILE"   value="domain.ocn.gx1v6.090206.nc"  />    

<!--"path of ocn domain file (char) " -->
<entry id="OCN_DOMAIN_PATH"   value="$DIN_LOC_ROOT/share/domains"  />    

<!--"glc domain file (char) " -->
<entry id="GLC_DOMAIN_FILE"   value="UNSET"  />    

<!--"path of glc domain file (char) " -->
<entry id="GLC_DOMAIN_PATH"   value="$DIN_LOC_ROOT/share/domains"  />    

<!--"atm2ocn flux mapping file (char) " -->
<entry id="ATM2OCN_FMAPNAME"   value="cpl/gridmaps/fv0.9x1.25/map_fv0.9x1.25_TO_gx1v6_aave.130322.nc"  />    

<!--"atm2ocn state mapping file (char) " -->
<entry id="ATM2OCN_SMAPNAME"   value="cpl/gridmaps/fv0.9x1.25/map_fv0.9x1.25_TO_gx1v6_blin.130322.nc"  />    

<!--"atm2ocn vector mapping file (char) " -->
<entry id="ATM2OCN_VMAPNAME"   value="cpl/gridmaps/fv0.9x1.25/map_fv0.9x1.25_TO_gx1v6_patc.130322.nc"  />    

<!--"ocn2atm flux mapping file (char) " -->
<entry id="OCN2ATM_FMAPNAME"   value="cpl/gridmaps/gx1v6/map_gx1v6_TO_fv0.9x1.25_aave.130322.nc"  />    

<!--"ocn2atm state mapping file (char) " -->
<entry id="OCN2ATM_SMAPNAME"   value="cpl/gridmaps/gx1v6/map_gx1v6_TO_fv0.9x1.25_aave.130322.nc"  />    

<!--"atm2lnd flux mapping file (char) " -->
<entry id="ATM2LND_FMAPNAME"   value="idmap"  />    

<!--"atm2lnd state mapping file (char) " -->
<entry id="ATM2LND_SMAPNAME"   value="idmap"  />    

<!--"lnd2atm flux mapping file (char) " -->
<entry id="LND2ATM_FMAPNAME"   value="idmap"  />    

<!--"lnd2atm state mapping file (char) " -->
<entry id="LND2ATM_SMAPNAME"   value="idmap"  />    

<!--"rof2lnd flux mapping file (char) " -->
<entry id="ROF2LND_FMAPNAME"   value="lnd/clm2/mappingdata/maps/0.9x1.25/map_0.5x0.5_nomask_to_0.9x1.25_nomask_aave_da_c121019.nc"  />    

<!--"rof2lnd state mapping file (char) " -->
<entry id="ROF2LND_SMAPNAME"   value="lnd/clm2/mappingdata/maps/0.9x1.25/map_0.5x0.5_nomask_to_0.9x1.25_nomask_aave_da_c121019.nc"  />    

<!--"lnd2rof flux mapping file (char) " -->
<entry id="LND2ROF_FMAPNAME"   value="lnd/clm2/mappingdata/maps/0.9x1.25/map_0.9x1.25_nomask_to_0.5x0.5_nomask_aave_da_c120522.nc"  />    

<!--"rof2ocn flux mapping file (char) " -->
<entry id="ROF2OCN_FMAPNAME"   value="cpl/cpl6/map_r05_TO_g16_aave.120920.nc"  />    

<!--"rof2ocn runoff mapping file (char) " -->
<entry id="ROF2OCN_RMAPNAME"   value="cpl/cpl6/map_r05_to_gx1v6_e1000r300_090226.nc"  />    

<!--"atm2wav state mapping file (char) " -->
<entry id="ATM2WAV_SMAPNAME"   value="idmap"  />    

<!--"ocn2wav state mapping file (char) " -->
<entry id="OCN2WAV_SMAPNAME"   value="idmap"  />    

<!--"ice2wav state mapping file (char) " -->
<entry id="ICE2WAV_SMAPNAME"   value="idmap"  />    

<!--"wav2ocn state mapping file (char) " -->
<entry id="WAV2OCN_SMAPNAME"   value="idmap"  />    

<!--"vector mapping option, valid values: none,npfix,cart3d,cart3d_diag,cart3d_uvw,cart3d_uvw_diag (char) " -->
<entry id="VECT_MAP"   value="cart3d"  />    

<!--"Error tolerance for differences in fractions in domain checking (char) " -->
<entry id="EPS_FRAC"   value="1.0e-02"  />    

<!--"Error tolerance for differences in atm/land areas in domain checking (real) " -->
<entry id="EPS_AAREA"   value="9.0e-07"  />    

<!--"Error tolerance for differences in atm/land masks in domain checking (real) " -->
<entry id="EPS_AMASK"   value="1.0e-13"  />    

<!--"Error tolerance for differences in atm/land lat/lon in domain checking (real) " -->
<entry id="EPS_AGRID"   value="1.0e-12"  />    

<!--"Error tolerance for differences in ocean/ice lon/lat in domain checking (real) " -->
<entry id="EPS_OAREA"   value="1.0e-01"  />    

<!--"Error tolerance for differences in ocean/ice lon/lat in domain checking (real) " -->
<entry id="EPS_OMASK"   value="1.0e-06"  />    

<!--"Error tolerance for differences in ocean/ice lon/lat in domain checking (real) " -->
<entry id="EPS_OGRID"   value="1.0e-02"  />    

<!-- ====================================== -->

<!-- ====================================== -->

<!--"Operate on only a single point of the global grid  - DO NOT EDIT (for experts only), valid values: TRUE,FALSE (logical) " -->
<entry id="PTS_MODE"   value="FALSE"  />    

<!--"Latitude to find nearest points for points mode (only used if PTS_MODE is TRUE) (real(1)) " -->
<entry id="PTS_LAT"   value="-999.99"  />    

<!--"Longitude to find nearest points for points mode (only used if PTS_MODE is TRUE) (real(1)) " -->
<entry id="PTS_LON"   value="-999.99"  />    

<!-- ====================================== -->
</config_definition>
