kernel_host_10497226412570990612,adjust_ufvf_, 18, 88880971, 88882292
kernel_host_17572185407420011884,bcond6_, 18, 40256376, 40259379
kernel_host_7666798020544911213,external_update_, 10, 1485822, 1486548
MPI_Waitall,read_init_, 2010, 44803040, 44849369
MPI_Waitall,bcond3_v_, 18, 4193899, 4198166
MPI_Waitall,internal_v_, 18, 18492810, 18493332
MPI_Waitall,external_el_, 160, 21722521, 21726325
MPI_Waitall,internal_t_, 2070, 19775364, 19825290
MPI_Waitall,baropg_, 1998, 21694489, 21728800
MPI_Waitall,MAIN__, 16016, 294889548, 295157602
MPI_Waitall,external_update_, 50, 147372, 148291
MPI_Waitall,internal_u_, 2016, 35736523, 35771852
MPI_Waitall,lateral_viscosity_, 20, 240912, 241905
MPI_Waitall,external_ua_, 50, 295203, 297149
MPI_Waitall,dens_, 1998, 77465643, 77500493
MPI_Waitall,advave_, 100, 15309932, 15313861
MPI_Waitall,internal_w_, 18, 12571430, 12572253
MPI_Waitall,external_va_, 30, 10228455, 10229700
MPI_Waitall,bcond3_u_, 18, 67733, 68591
MPI_Waitall,print_section_, 6, 20666, 20792
MPI_Waitall,internal_q_, 114, 4656296, 4679444
MPI_Waitall,bcond6_, 2, 45889, 45917
MPI_Waitall,advct_, 98, 20111988, 20120957
kernel_host_16474014825694923176,bcond4_, 36, 387824204, 387839183
kernel_host_17675233011309389831,internal_w_, 9, 56863576, 56863880
bottom_friction_,MAIN__, 1, 25231708, 25231721
kernel_host_3056794744720896216,internal_v_, 9, 25941896, 25946035
kernel_host_3056794744720896216,internal_u_, 9, 25962232, 25966702
read_init_,__variables_MOD_init_variables, 1, 11585568830, 11585568843
MPI_Allreduce,print_section_, 5, 62472649, 62473911
kernel_host_8976449558737060572,internal_q_, 18, 69720435, 69721967
bcond1_,external_el_, 50, 48146770, 48153226
kernel_host_561946464185660303,update_initial_, 1, 2570619, 2570936
bcond3_v_,internal_v_, 9, 162589186, 162589367
kernel_host_17600160524251074110,internal_v_, 9, 25646716, 25651342
kernel_host_17600160524251074110,internal_t_, 18, 51795689, 51804680
kernel_host_17600160524251074110,internal_u_, 9, 25606511, 25611832
bcond2_va_,external_va_, 50, 60596968, 60604085
kernel_host_3801595614667731380,bcond4_, 18, 166178170, 166188129
internal_v_,MAIN__, 9, 1412073741, 1412074216
kernel_host_11180554648481108675,internal_q_, 9, 3247718, 3253243
kernel_host_15379746689016184240,baropg_, 11, 59856927, 59860289
MPI_Barrier,bottom_friction_, 1, 17877392, 17877407
MPI_Barrier,read_init_, 1, 33987502, 33987665
MPI_Barrier,bcond1_, 1, 24318624, 24318637
MPI_Barrier,bcond3_v_, 1, 25912974, 25913140
MPI_Barrier,internal_v_, 5, 63256980, 63258313
MPI_Barrier,adjust_ufvf_, 2, 40612251, 40613207
MPI_Barrier,external_el_, 1, 29581599, 29581617
MPI_Barrier,internal_t_, 8, 187160877, 187164410
MPI_Barrier,baropg_, 6, 180393625, 180395264
MPI_Barrier,bcond2_ua_, 2, 41782457, 41782932
MPI_Barrier,bcond4_, 7, 191009894, 191013911
MPI_Barrier,external_update_, 7, 138417633, 138418748
MPI_Barrier,internal_u_, 8, 245623254, 245626526
MPI_Barrier,lateral_viscosity_, 1, 34485480, 34485757
MPI_Barrier,external_ua_, 3, 63381647, 63382349
MPI_Barrier,adjust_uv_, 2, 67422679, 67422869
MPI_Barrier,smoth_update_, 1, 37933837, 37933870
MPI_Barrier,dens_, 9, 256705163, 256706007
MPI_Barrier,advave_, 5, 90084015, 90085159
MPI_Barrier,internal_w_, 2, 61757198, 61758313
MPI_Barrier,external_va_, 3, 73653740, 73654917
MPI_Barrier,mpi_barrier_, 49, 632381835, 632383288
MPI_Barrier,bcond3_u_, 1, 27905912, 27906211
MPI_Barrier,print_section_, 4, 94676876, 94678173
MPI_Barrier,internal_q_, 21, 525331400, 525337938
MPI_Barrier,bcond6_, 5, 136026430, 136027850
MPI_Barrier,advct_, 5, 135303473, 135305141
MPI_Barrier,update_initial_, 5, 124094276, 124095261
MPI_Barrier,mode_interaction_, 3, 73550761, 73550874
kernel_host_14171480367845884996,adjust_uv_, 18, 37547694, 37550511
kernel_host_14171480367845884996,update_initial_, 2, 4144021, 4144526
kernel_host_14171480367845884996,mode_interaction_, 50, 105894500, 105898960
adjust_ufvf_,MAIN__, 9, 374924519, 374925329
kernel_host_12880096600322512940,internal_u_, 9, 90197730, 90198089
MPI_Bcast,read_init_, 58, 196571013, 196589922
MPI_Bcast,external_update_, 100, 256130120, 256133485
MPI_Bcast,print_section_, 6, 6441963, 6442235
kernel_host_7809988743068049318,advave_, 10, 5896790, 5897011
get_time_,MAIN__, 10, 6611, 7246
kernel_host_10447168533120541692,internal_v_, 9, 1531418, 1531634
kernel_host_10447168533120541692,internal_t_, 18, 3072027, 3072564
kernel_host_10447168533120541692,internal_u_, 9, 1533996, 1534169
kernel_host_2895507310617246303,external_va_, 10, 5886990, 5888920
kernel_host_7756675061965279120,baropg_, 11, 28826178, 28834960
external_el_,MAIN__, 50, 148251326, 148256733
kernel_host_12580761429086804727,advave_, 10, 6822218, 6823290
MPI_Gather,external_update_, 50, 1710733, 1724373
kernel_host_3904638810941265799,internal_q_, 9, 19739641, 19747064
kernel_host_14523175272559072737,internal_q_, 9, 18980179, 18980994
kernel_host_6269904581008346741,internal_q_, 9, 69114067, 69115905
kernel_host_2704996265738245537,internal_w_, 9, 22312593, 22319334
kernel_host_2668086296973077183,internal_q_, 9, 41867489, 41871913
MPI_Comm_dup,read_init_, 50, 63406243, 63436105
kernel_host_5341804159594033185,bcond3_v_, 9, 19395151, 19399156
kernel_host_5341804159594033185,internal_v_, 9, 19430942, 19435882
kernel_host_5341804159594033185,bcond4_, 18, 38762282, 38777609
kernel_host_5341804159594033185,internal_u_, 9, 19076532, 19082167
kernel_host_5341804159594033185,bcond3_u_, 9, 19200042, 19206008
kernel_host_14960680749554967015,internal_u_, 9, 1024253, 1025571
kernel_host_7338183325372557907,internal_q_, 18, 549074395, 549075986
internal_t_,MAIN__, 18, 5405255710, 5405256610
MPI_Comm_free,read_init_, 50, 577168, 610216
kernel_host_167483268786796797,internal_q_, 9, 50332082, 50332925
baropg_,lateral_viscosity_, 10, 1034558227, 1034559282
baropg_,update_initial_, 1, 384886727, 384886749
kernel_host_9872960228072659106,bcond4_, 36, 387456696, 387472594
kernel_host_13005850972175828160,adjust_uv_, 9, 28376151, 28377066
kernel_host_928901692857333394,dens_, 11, 46039033, 46039730
kernel_host_12498671133038244182,print_section_, 1, 161470, 162141
bcond2_ua_,external_ua_, 50, 120694895, 120698093
kernel_host_17156898055338419057,advct_, 10, 56150695, 56151031
kernel_host_15777227199745514466,mode_interaction_, 20, 2836133, 2838171
kernel_host_5251974738527917755,internal_u_, 9, 3792783, 3793118
kernel_host_13670386984375334520,bcond2_va_, 50, 15576578, 15582736
kernel_host_13670386984375334520,bcond2_ua_, 50, 15631871, 15643700
kernel_host_11078693922887474255,bcond1_, 50, 7406662, 7420597
kernel_host_11078693922887474255,bcond2_va_, 50, 7159631, 7165303
kernel_host_11078693922887474255,bcond2_ua_, 50, 7185792, 7191444
kernel_host_11078693922887474255,print_section_, 1, 150279, 150450
bcond4_,internal_t_, 18, 1936668928, 1936680339
kernel_host_4023198913931606276,update_initial_, 1, 111303, 111630
kernel_host_4023198913931606276,mode_interaction_, 10, 1036522, 1036985
kernel_host_18070178787332596206,internal_q_, 9, 75937201, 75938100
MAIN__,main, 1, 36617358280, 36617358531
kernel_host_7004053664364030334,external_update_, 150, 37082294, 37097670
kernel_host_5742318362719794899,mode_interaction_, 10, 1616089, 1617077
kernel_host_677570178439262390,advave_, 10, 5068933, 5069713
MPI_Get_processor_name,mpi_get_processor_name_, 1, 3397, 3413
kernel_host_11243618430834388333,external_update_, 40, 8381490, 8386377
external_update_,MAIN__, 50, 580932117, 580933523
surface_forcing_,MAIN__, 10, 5455181, 5455400
internal_u_,MAIN__, 9, 1690293577, 1690294054
kernel_host_11711072112829525569,internal_q_, 9, 1226148, 1229779
kernel_host_1406632355128019739,external_el_, 50, 30782096, 30783874
kernel_host_533893640144992498,advct_, 10, 54445417, 54445770
kernel_host_13029536952378754949,internal_q_, 9, 165871638, 165876786
MPI_Get_count,read_init_, 50, 74936, 105761
kernel_host_13767876723361870048,smoth_update_, 18, 86506240, 86507290
kernel_host_13767876723361870048,smoth_update1_, 18, 86754859, 86757336
kernel_host_4064066695173842015,baropg_, 11, 27983478, 27992745
MPI_Type_commit,read_init_, 41, 1324227, 1327436
MPI_Type_commit,internal_t_, 1, 29736, 29876
MPI_Type_commit,baropg_, 1, 31771, 31941
MPI_Type_commit,MAIN__, 8, 236741, 237958
MPI_Type_commit,external_update_, 100, 1937541, 1944828
MPI_Type_commit,internal_u_, 1, 34691, 34723
MPI_Type_commit,dens_, 1, 28983, 29145
MPI_Type_commit,print_section_, 10, 179486, 180653
kernel_host_13527600874346049264,dens_, 22, 46178296, 46179711
kernel_host_9870073709680686895,internal_q_, 9, 41848985, 41853127
MPI_Type_free,read_init_, 41, 28181, 30756
MPI_Type_free,internal_t_, 1, 735, 751
MPI_Type_free,baropg_, 1, 720, 735
MPI_Type_free,MAIN__, 8, 5280, 5589
MPI_Type_free,external_update_, 100, 103169, 105070
MPI_Type_free,internal_u_, 1, 959, 973
MPI_Type_free,dens_, 1, 596, 611
MPI_Type_free,print_section_, 10, 7613, 7783
kernel_host_7308789819381199256,internal_v_, 9, 27147109, 27147438
__config_MOD_loadconfig,__variables_MOD_init_variables, 1, 5574651, 5574665
kernel_host_1513189204643337441,external_update_, 10, 1034915, 1035374
kernel_host_1513189204643337441,internal_q_, 18, 1850299, 1850789
MPI_Type_size,read_init_, 50, 86672, 104459
kernel_host_5285627496081891117,dens_, 11, 28452027, 28452629
kernel_host_11785900214035726808,adjust_ufvf_, 18, 70640188, 70642043
init_fields_,MAIN__, 1, 53737, 53750
lateral_viscosity_,MAIN__, 10, 2179248522, 2179248716
kernel_host_10878038741274582305,internal_q_, 18, 36912317, 36914708
kernel_host_6151473719594853315,internal_v_, 9, 2628448, 2628703
kernel_host_6151473719594853315,internal_t_, 18, 5281045, 5281420
kernel_host_6151473719594853315,internal_u_, 9, 2640196, 2640408
kernel_host_17988520462433045664,baropg_, 11, 41711596, 41715415
kernel_host_2769894380674479461,bcond2_va_, 50, 15242896, 15251970
kernel_host_2769894380674479461,bcond2_ua_, 50, 15336459, 15347271
external_ua_,MAIN__, 50, 359910966, 359913082
kernel_host_5613771957553797452,external_update_, 10, 1943885, 1944723
kernel_host_14742595204480865565,bcond3_v_, 9, 49922369, 49922551
kernel_host_10653094078730851825,print_section_, 2, 8086049, 8086708
kernel_host_11734272273339620725,internal_q_, 9, 47370249, 47371041
kernel_host_149332173039792024,internal_v_, 9, 1276812, 1277265
kernel_host_149332173039792024,internal_u_, 9, 1301590, 1301842
kernel_host_2403034596777470961,bcond6_, 18, 150607922, 150618314
kernel_host_11364641885718042762,internal_q_, 9, 34912460, 34918938
kernel_host_3203235421309124674,advave_, 10, 5582735, 5582976
kernel_host_14177333148799137211,dens_, 11, 53865091, 53866977
kernel_host_4089695605558063454,internal_v_, 9, 1378469, 1378684
kernel_host_5189765816641970822,internal_v_, 9, 3818364, 3819195
kernel_host_5189765816641970822,internal_u_, 9, 3810880, 3811206
kernel_host_6065031066545417016,internal_q_, 9, 58225572, 58231526
adjust_uv_,MAIN__, 9, 329061720, 329062545
kernel_host_9828195426201177678,internal_t_, 18, 66865974, 66875017
kernel_host_16004796625768757002,advave_, 10, 3942446, 3942851
smoth_update_,internal_q_, 9, 152660113, 152660257
kernel_host_5425075240490291438,bcond4_, 18, 179192217, 179204799
kernel_host_14841353772382616086,external_va_, 10, 10349980, 10350664
kernel_host_18194556031340472576,external_update_, 40, 9835947, 9837200
kernel_host_17257447492840229055,print_section_, 1, 198467, 198952
dens_,read_init_, 1, 463753774, 463753787
dens_,MAIN__, 9, 485573626, 485573978
dens_,update_initial_, 1, 54723863, 54723876
kernel_host_2077031470031862986,dens_, 11, 155335688, 155337030
kernel_host_14516561621248944045,update_initial_, 1, 2231162, 2231581
kernel_host_5579468312897313468,bcond6_, 18, 163616741, 163622515
kernel_host_4181240233776583252,internal_q_, 9, 39473767, 39474487
kernel_host_16514618981259130990,internal_t_, 18, 119484044, 119486080
kernel_host_17506849007025892946,external_update_, 40, 5964319, 5967331
smoth_update1_,internal_t_, 18, 94228421, 94228814
kernel_host_669428828628634244,baropg_, 11, 113289325, 113292700
advave_,mode_interaction_, 10, 277997477, 277997660
kernel_host_11974978034716845838,baropg_, 11, 178485088, 178487358
internal_w_,MAIN__, 9, 562761300, 562762158
kernel_host_8607595517187487955,bcond6_, 18, 150016484, 150022633
kernel_host_13678541340789269977,internal_t_, 18, 2602257, 2605769
kernel_host_13678541340789269977,external_update_, 50, 7198434, 7201451
kernel_host_13678541340789269977,internal_update_, 20, 3037155, 3038348
kernel_host_13678541340789269977,internal_q_, 9, 1364675, 1364911
kernel_host_13678541340789269977,update_initial_, 2, 298610, 299125
kernel_host_4582267827303034181,internal_q_, 9, 24056024, 24063287
kernel_host_18110621675970109649,internal_q_, 9, 30725543, 30726569
sw_memcpy_host,read_init_, 3, 423948, 424171
sw_memcpy_host,bcond3_v_, 18, 3548884, 3549226
sw_memcpy_host,bcond2_va_, 150, 7307305, 7310562
sw_memcpy_host,internal_v_, 144, 10215576, 10236540
sw_memcpy_host,adjust_ufvf_, 54, 13192999, 13202770
sw_memcpy_host,internal_t_, 252, 19231300, 19285967
sw_memcpy_host,baropg_, 22, 779195, 780364
sw_memcpy_host,bcond2_ua_, 150, 7221880, 7224778
sw_memcpy_host,bcond4_, 54, 18847093, 18859775
sw_memcpy_host,external_update_, 150, 7175386, 7180475
sw_memcpy_host,surface_forcing_, 2, 100401, 100772
sw_memcpy_host,internal_u_, 144, 10243018, 10264111
sw_memcpy_host,adjust_uv_, 18, 703531, 712241
sw_memcpy_host,smoth_update_, 18, 6253616, 6254040
sw_memcpy_host,smoth_update1_, 18, 6277172, 6278427
sw_memcpy_host,internal_w_, 9, 2870928, 2878340
sw_memcpy_host,internal_update_, 60, 2842561, 2843846
sw_memcpy_host,bcond3_u_, 18, 3536887, 3537257
sw_memcpy_host,internal_q_, 36, 9697958, 9709400
sw_memcpy_host,bcond6_, 18, 6269798, 6270100
sw_memcpy_host,update_initial_, 15, 3087613, 3089612
sw_memcpy_host,__variables_MOD_init_variables, 115, 17984741, 17987443
sw_memcpy_host,mode_interaction_, 50, 1878966, 1905007
kernel_host_17876976960434219323,dens_, 11, 43491572, 43492380
kernel_host_11735378529907380392,internal_v_, 9, 42251288, 42251994
lateral_bc_,MAIN__, 10, 7544, 9288
main,__libc_start_main, 1, 36617377287, 36647761872
kernel_host_18056069231970590520,external_va_, 50, 81140968, 81143596
kernel_host_2904305052371605897,lateral_viscosity_, 10, 206044707, 206045254
external_va_,MAIN__, 50, 314402773, 314404227
kernel_host_17356059520636453398,external_ua_, 50, 59657454, 59667075
mpi_barrier_,read_init_, 20, 248413357, 248414025
mpi_barrier_,MAIN__, 18, 295539365, 295541001
mpi_barrier_,__variables_MOD_init_variables, 11, 88459686, 88461083
kernel_host_11313705801899030046,internal_u_, 9, 35925820, 35929543
kernel_host_10018654585745270947,advct_, 10, 170220472, 170221203
internal_update_,MAIN__, 10, 6741406, 6741597
kernel_host_10227889028461526473,external_ua_, 10, 13715839, 13716310
mpi_comm_rank_,MAIN__, 1, 1180, 1372
kernel_host_9476223794341086031,bcond6_, 18, 163568601, 163575689
kernel_host_13095133616550115949,internal_v_, 9, 17890360, 17890753
kernel_host_13095133616550115949,internal_t_, 18, 35364648, 35366026
kernel_host_13095133616550115949,internal_u_, 9, 17475373, 17475825
bcond3_u_,internal_u_, 9, 200696172, 200696369
mpi_comm_size_,MAIN__, 1, 345, 364
print_section_,MAIN__, 1, 216015414, 216015427
kernel_host_940921560178879518,dens_, 11, 46253384, 46254725
kernel_host_940921560178879518,internal_q_, 9, 37605009, 37609020
kernel_host_14913372915240065947,internal_t_, 18, 394777129, 394778038
internal_q_,MAIN__, 9, 6479480587, 6479482090
kernel_host_13054536613402403077,internal_q_, 9, 3323166, 3323421
mpi_get_processor_name_,MAIN__, 1, 4386, 4397
bcond6_,internal_q_, 9, 882349897, 882353632
kernel_host_3118027215046091878,bottom_friction_, 1, 529940, 530540
advct_,lateral_viscosity_, 10, 884926726, 884926890
update_initial_,MAIN__, 1, 660118432, 660118445
kernel_host_10908567227736662191,read_init_, 1, 2034301, 2034342
kernel_host_4654656141485052332,bcond3_u_, 9, 78729191, 78729361
MPI_Init,MAIN__, 1, 2110712560, 2110712583
__variables_MOD_init_variables,MAIN__, 1, 11713227383, 11713227397
kernel_host_5354701768032446803,mode_interaction_, 10, 1981643, 1982786
kernel_host_2998007382017772732,dens_, 11, 71749136, 71750477
MPI_Irecv,read_init_, 3, 8302, 8527
MPI_Irecv,internal_t_, 1, 4342, 4370
MPI_Irecv,baropg_, 1, 3835, 3857
MPI_Irecv,MAIN__, 8, 27984, 28183
MPI_Irecv,external_update_, 50, 144805, 146181
MPI_Irecv,internal_u_, 1, 4080, 4109
MPI_Irecv,dens_, 1, 4943, 5111
MPI_Irecv,print_section_, 5, 13670, 13792
kernel_host_18092185543702176767,internal_v_, 9, 100888820, 100889137
kernel_host_1711344829487799974,bcond4_, 18, 176035212, 176046695
mode_interaction_,MAIN__, 10, 887245281, 887246000
kernel_host_6495952187057350598,internal_u_, 9, 19755671, 19759061
MPI_Isend,bcond3_v_, 18, 236745, 243686
MPI_Isend,internal_v_, 18, 129097, 130631
MPI_Isend,external_el_, 160, 653520, 662149
MPI_Isend,internal_t_, 72, 731973, 749317
MPI_Isend,MAIN__, 64, 270770, 278482
MPI_Isend,internal_u_, 18, 119001, 120196
MPI_Isend,lateral_viscosity_, 20, 146800, 150616
MPI_Isend,external_ua_, 50, 211560, 215518
MPI_Isend,advave_, 100, 390860, 398697
MPI_Isend,internal_w_, 18, 158736, 163513
MPI_Isend,external_va_, 30, 147813, 149995
MPI_Isend,bcond3_u_, 18, 147137, 152000
MPI_Isend,internal_q_, 114, 1120429, 1148260
MPI_Isend,bcond6_, 2, 25423, 26041
MPI_Isend,advct_, 98, 1032040, 1060587
kernel_host_8383241828137858514,internal_t_, 18, 8283436, 8283852
kernel_host_14930920824767543618,advct_, 10, 194879426, 194883558
kernel_host_11544715019137345953,adjust_uv_, 9, 28035111, 28035601
MPI_Recv,bcond3_v_, 9, 21621557, 21621789
MPI_Recv,internal_v_, 73, 67141938, 67154842
MPI_Recv,internal_t_, 72, 111032526, 111034050
MPI_Recv,baropg_, 22, 6781846, 6787340
MPI_Recv,MAIN__, 64, 3115540, 3117761
MPI_Recv,external_update_, 80, 8066219, 8073270
MPI_Recv,internal_u_, 82, 106828232, 106844331
MPI_Recv,external_ua_, 253, 44452865, 44475079
MPI_Recv,advave_, 140, 83616938, 83624634
MPI_Recv,external_va_, 213, 24337822, 24352913
MPI_Recv,bcond3_u_, 18, 43763280, 43763690
MPI_Recv,internal_q_, 90, 74035220, 74038626
MPI_Recv,bcond6_, 2, 7490851, 7491453
MPI_Recv,advct_, 140, 59583520, 59595168
kernel_host_3362328253860953284,internal_t_, 18, 52886467, 52891408
kernel_host_3362328253860953284,dens_, 33, 95796035, 95797342
kernel_host_8054816732667103883,bcond4_, 18, 179654061, 179669280
kernel_host_6678857161791714567,internal_v_, 9, 4121500, 4121670
kernel_host_5305202362360132607,internal_q_, 9, 29881624, 29884128
MPI_Send,external_update_, 50, 196271, 197246
MPI_Send,print_section_, 5, 19198, 19301
kernel_host_14772865060589351907,advct_, 10, 104321905, 104324053
kernel_host_16025009267156524296,external_ua_, 10, 3943831, 3944241
