MPI_Recv,bcond3_v_, 9, 14404711, 14405056
MPI_Recv,internal_v_, 73, 28286108, 28297048
MPI_Recv,internal_t_, 72, 187681800, 187685571
MPI_Recv,baropg_, 22, 5390850, 5394108
MPI_Recv,MAIN__, 64, 1520638, 1522733
MPI_Recv,external_update_, 30, 751859, 754042
MPI_Recv,internal_u_, 82, 32605710, 32618132
MPI_Recv,external_ua_, 147, 4619550, 4633389
MPI_Recv,advave_, 104, 56699868, 56704399
MPI_Recv,external_va_, 133, 17813264, 17824021
MPI_Recv,bcond3_u_, 18, 13024623, 13025508
MPI_Recv,internal_q_, 90, 33029147, 33032909
MPI_Recv,bcond6_, 2, 48599, 49415
MPI_Recv,advct_, 140, 37780057, 37790260
kernel_host_13005850972175828160,adjust_uv_, 9, 3625713, 3626115
kernel_host_9872960228072659106,bcond4_, 36, 34843444, 34860673
kernel_host_13767876723361870048,smoth_update_, 18, 6637689, 6639253
kernel_host_13767876723361870048,smoth_update1_, 18, 6691682, 6695033
kernel_host_5579468312897313468,bcond6_, 18, 13343049, 13345133
MPI_Send,external_update_, 50, 199914, 200833
MPI_Send,print_section_, 5, 17624, 17732
kernel_host_1406632355128019739,external_el_, 50, 3190627, 3198896
kernel_host_5251974738527917755,internal_u_, 9, 444770, 444989
kernel_host_8383241828137858514,internal_t_, 18, 890980, 892326
kernel_host_11078693922887474255,bcond1_, 50, 983893, 996136
kernel_host_11078693922887474255,bcond2_va_, 50, 974014, 978047
kernel_host_11078693922887474255,bcond2_ua_, 50, 932662, 937596
kernel_host_11078693922887474255,print_section_, 1, 25155, 25278
kernel_host_16025009267156524296,external_ua_, 10, 425099, 425575
MPI_Waitall,read_init_, 50, 4097042, 4098536
MPI_Waitall,bcond3_v_, 18, 2658790, 2661798
MPI_Waitall,internal_v_, 18, 44660, 45193
MPI_Waitall,external_el_, 60, 271390, 272643
MPI_Waitall,internal_t_, 110, 301612, 314227
MPI_Waitall,baropg_, 38, 2740471, 2741369
MPI_Waitall,MAIN__, 336, 5434287, 5446224
MPI_Waitall,external_update_, 50, 145500, 146327
MPI_Waitall,internal_u_, 56, 1642655, 1644343
MPI_Waitall,lateral_viscosity_, 20, 216841, 217383
MPI_Waitall,external_ua_, 27, 98168, 99284
MPI_Waitall,dens_, 38, 10224670, 10225577
MPI_Waitall,advave_, 52, 272645, 274020
MPI_Waitall,internal_w_, 18, 1548363, 1549016
MPI_Waitall,external_va_, 19, 63109, 64056
MPI_Waitall,bcond3_u_, 18, 27997, 28678
MPI_Waitall,print_section_, 6, 17710, 17873
MPI_Waitall,internal_q_, 114, 459503, 475806
MPI_Waitall,bcond6_, 2, 29037, 29207
MPI_Waitall,advct_, 98, 4115108, 4122810
kernel_host_13029536952378754949,internal_q_, 9, 13609488, 13614052
kernel_host_17572185407420011884,bcond6_, 18, 3112821, 3113986
bottom_friction_,MAIN__, 1, 46513700, 46513716
kernel_host_1513189204643337441,external_update_, 10, 168344, 169446
kernel_host_1513189204643337441,internal_q_, 18, 300554, 301945
read_init_,__variables_MOD_init_variables, 1, 4720307437, 4720307453
MPI_Allreduce,print_section_, 5, 6592697, 6594979
kernel_host_18194556031340472576,external_update_, 15, 419006, 419407
bcond1_,external_el_, 50, 70365793, 70373269
kernel_host_11785900214035726808,adjust_ufvf_, 18, 5515204, 5515835
bcond3_v_,internal_v_, 9, 69286135, 69286308
kernel_host_3801595614667731380,bcond4_, 18, 13739514, 13748160
bcond2_va_,external_va_, 50, 20442587, 20446948
kernel_host_6151473719594853315,internal_v_, 9, 320031, 320176
kernel_host_6151473719594853315,internal_t_, 18, 643358, 643678
kernel_host_6151473719594853315,internal_u_, 9, 317310, 317508
internal_v_,MAIN__, 9, 760382261, 760383563
kernel_host_15379746689016184240,baropg_, 11, 5036247, 5039247
kernel_host_2769894380674479461,bcond2_va_, 50, 1857580, 1862439
kernel_host_2769894380674479461,bcond2_ua_, 50, 1981119, 1990260
MPI_Barrier,bottom_friction_, 1, 40467280, 40467309
MPI_Barrier,read_init_, 1, 29109513, 29109531
MPI_Barrier,bcond1_, 1, 56111489, 56111743
MPI_Barrier,bcond3_v_, 1, 25359813, 25359976
MPI_Barrier,internal_v_, 5, 175103562, 175105140
MPI_Barrier,adjust_ufvf_, 2, 66195487, 66196136
MPI_Barrier,external_el_, 1, 43819664, 43819689
MPI_Barrier,internal_t_, 8, 300803545, 300806077
MPI_Barrier,baropg_, 6, 225284365, 225286306
MPI_Barrier,bcond2_ua_, 2, 81913591, 81913924
MPI_Barrier,bcond4_, 7, 313749756, 313752231
MPI_Barrier,external_update_, 7, 243511509, 243512327
MPI_Barrier,internal_u_, 8, 283481326, 283484255
MPI_Barrier,lateral_viscosity_, 1, 25964524, 25964709
MPI_Barrier,external_ua_, 3, 115669180, 115669953
MPI_Barrier,adjust_uv_, 2, 74485280, 74485391
MPI_Barrier,smoth_update_, 1, 34078602, 34078621
MPI_Barrier,dens_, 9, 327716090, 327717112
MPI_Barrier,advave_, 5, 182053606, 182054901
MPI_Barrier,internal_w_, 2, 82594856, 82595198
MPI_Barrier,external_va_, 3, 106817081, 106817918
MPI_Barrier,mpi_barrier_, 49, 150726912, 150728007
MPI_Barrier,bcond3_u_, 1, 38427980, 38428750
MPI_Barrier,print_section_, 4, 112458802, 112459557
MPI_Barrier,internal_q_, 21, 813855921, 813863240
MPI_Barrier,bcond6_, 5, 184957568, 184958964
MPI_Barrier,advct_, 5, 192668312, 192669439
MPI_Barrier,update_initial_, 5, 190954511, 190955068
MPI_Barrier,mode_interaction_, 3, 101416125, 101416382
kernel_host_533893640144992498,advct_, 10, 5071559, 5073192
adjust_ufvf_,MAIN__, 9, 168371727, 168372249
kernel_host_14742595204480865565,bcond3_v_, 9, 5809743, 5810249
MPI_Bcast,read_init_, 58, 411220646, 411238650
MPI_Bcast,external_update_, 100, 34749182, 34752947
MPI_Bcast,print_section_, 6, 2673122, 2673379
kernel_host_12580761429086804727,advave_, 10, 684981, 685220
get_time_,MAIN__, 10, 8332, 9098
kernel_host_11734272273339620725,internal_q_, 9, 2876968, 2877456
kernel_host_17876976960434219323,dens_, 11, 3430647, 3431926
external_el_,MAIN__, 50, 135284288, 135289865
kernel_host_5341804159594033185,bcond3_v_, 9, 1477352, 1482894
kernel_host_5341804159594033185,internal_v_, 9, 1485666, 1489390
kernel_host_5341804159594033185,bcond4_, 18, 2945924, 2951683
kernel_host_5341804159594033185,internal_u_, 9, 1461562, 1465304
kernel_host_5341804159594033185,bcond3_u_, 9, 1465524, 1470252
kernel_host_12880096600322512940,internal_u_, 9, 8090197, 8090552
MPI_Gather,external_update_, 50, 1483516, 1496780
kernel_host_5285627496081891117,dens_, 11, 2549132, 2549780
kernel_host_18056069231970590520,external_va_, 50, 7039975, 7040895
kernel_host_3203235421309124674,advave_, 10, 674938, 675297
kernel_host_10878038741274582305,internal_q_, 18, 2709270, 2712125
kernel_host_928901692857333394,dens_, 11, 3724528, 3725350
MPI_Comm_dup,read_init_, 50, 7671426, 7689390
kernel_host_18092185543702176767,internal_v_, 9, 8993452, 8993705
kernel_host_11364641885718042762,internal_q_, 9, 3265064, 3269469
kernel_host_7666798020544911213,external_update_, 10, 210797, 211620
internal_t_,MAIN__, 18, 2396249823, 2396250186
MPI_Comm_free,read_init_, 50, 174786, 196251
kernel_host_5305202362360132607,internal_q_, 9, 2494519, 2496475
baropg_,lateral_viscosity_, 10, 359439756, 359440540
baropg_,update_initial_, 1, 314204649, 314204662
kernel_host_3904638810941265799,internal_q_, 9, 1579697, 1585143
kernel_host_149332173039792024,internal_v_, 9, 191814, 191990
kernel_host_149332173039792024,internal_u_, 9, 188221, 188424
kernel_host_1711344829487799974,bcond4_, 18, 15310640, 15320747
kernel_host_5189765816641970822,internal_v_, 9, 409293, 409501
kernel_host_5189765816641970822,internal_u_, 9, 415029, 415389
bcond2_ua_,external_ua_, 50, 117045778, 117047837
kernel_host_4023198913931606276,update_initial_, 1, 23246, 23904
kernel_host_4023198913931606276,mode_interaction_, 10, 160365, 161093
kernel_host_16474014825694923176,bcond4_, 36, 34944460, 34952452
kernel_host_5425075240490291438,bcond4_, 18, 14466930, 14474453
kernel_host_10908567227736662191,read_init_, 1, 163659, 163681
kernel_host_2077031470031862986,dens_, 11, 13610923, 13612005
bcond4_,internal_t_, 18, 598492054, 598499291
kernel_host_5354701768032446803,mode_interaction_, 10, 250499, 251534
kernel_host_7809988743068049318,advave_, 10, 553465, 554289
MAIN__,main, 1, 18015333789, 18015333998
kernel_host_6495952187057350598,internal_u_, 9, 1558514, 1562037
kernel_host_16514618981259130990,internal_t_, 18, 5395046, 5396836
kernel_host_10497226412570990612,adjust_ufvf_, 18, 7042694, 7043456
MPI_Get_processor_name,mpi_get_processor_name_, 1, 3328, 3344
kernel_host_8607595517187487955,bcond6_, 18, 12481787, 12486912
external_update_,MAIN__, 50, 348454722, 348455743
surface_forcing_,MAIN__, 10, 3294461, 3294657
internal_u_,MAIN__, 9, 905269026, 905269601
kernel_host_4582267827303034181,internal_q_, 9, 2338910, 2344201
kernel_host_9828195426201177678,internal_t_, 18, 5982303, 5989504
kernel_host_6269904581008346741,internal_q_, 9, 6127666, 6128250
kernel_host_14516561621248944045,update_initial_, 1, 168161, 168432
MPI_Get_count,read_init_, 50, 65397, 82140
kernel_host_7756675061965279120,baropg_, 11, 2517371, 2522164
kernel_host_10018654585745270947,advct_, 10, 14649562, 14649866
MPI_Type_commit,read_init_, 41, 1258155, 1259714
MPI_Type_commit,internal_t_, 1, 26823, 26851
MPI_Type_commit,baropg_, 1, 25691, 25717
MPI_Type_commit,MAIN__, 8, 224922, 225555
MPI_Type_commit,external_update_, 100, 1986452, 1992062
MPI_Type_commit,internal_u_, 1, 26864, 26883
MPI_Type_commit,dens_, 1, 26796, 26818
MPI_Type_commit,print_section_, 10, 176648, 177002
kernel_host_14523175272559072737,internal_q_, 9, 1445214, 1445699
kernel_host_940921560178879518,dens_, 11, 4061240, 4061784
kernel_host_940921560178879518,internal_q_, 9, 3349729, 3351656
MPI_Type_free,read_init_, 41, 27824, 32586
MPI_Type_free,internal_t_, 1, 915, 929
MPI_Type_free,baropg_, 1, 760, 776
MPI_Type_free,MAIN__, 8, 5322, 5462
MPI_Type_free,external_update_, 100, 106410, 108664
MPI_Type_free,internal_u_, 1, 1180, 1198
MPI_Type_free,dens_, 1, 778, 800
MPI_Type_free,print_section_, 10, 7837, 8003
kernel_host_7338183325372557907,internal_q_, 18, 43943021, 43943644
__config_MOD_loadconfig,__variables_MOD_init_variables, 1, 5507420, 5507435
kernel_host_14960680749554967015,internal_u_, 9, 168589, 169353
MPI_Type_size,read_init_, 50, 88151, 102336
kernel_host_14772865060589351907,advct_, 10, 6021992, 6022980
kernel_host_10227889028461526473,external_ua_, 10, 1331039, 1331211
init_fields_,MAIN__, 1, 52178, 52191
kernel_host_13678541340789269977,internal_t_, 18, 363669, 365319
kernel_host_13678541340789269977,external_update_, 18, 352330, 353405
kernel_host_13678541340789269977,internal_update_, 20, 373800, 374406
kernel_host_13678541340789269977,internal_q_, 9, 195503, 196126
kernel_host_13678541340789269977,update_initial_, 2, 43772, 44127
lateral_viscosity_,MAIN__, 10, 792527712, 792528311
kernel_host_677570178439262390,advave_, 10, 567960, 568221
kernel_host_18110621675970109649,internal_q_, 9, 2531663, 2532674
kernel_host_12498671133038244182,print_section_, 1, 26504, 27136
external_ua_,MAIN__, 50, 298659265, 298661562
kernel_host_14913372915240065947,internal_t_, 18, 33352952, 33353412
kernel_host_18070178787332596206,internal_q_, 9, 7305298, 7306637
kernel_host_3118027215046091878,bottom_friction_, 1, 88830, 89156
kernel_host_11243618430834388333,external_update_, 15, 380674, 382340
kernel_host_4654656141485052332,bcond3_u_, 9, 7912484, 7912802
kernel_host_4064066695173842015,baropg_, 11, 2493808, 2499408
kernel_host_2998007382017772732,dens_, 11, 5393276, 5394646
kernel_host_9870073709680686895,internal_q_, 9, 3778199, 3782749
kernel_host_11544715019137345953,adjust_uv_, 9, 2732695, 2733237
kernel_host_2403034596777470961,bcond6_, 18, 12541925, 12549243
kernel_host_8054816732667103883,bcond4_, 18, 14505654, 14514554
kernel_host_4089695605558063454,internal_v_, 9, 195116, 195302
adjust_uv_,MAIN__, 9, 172850570, 172851494
kernel_host_5742318362719794899,mode_interaction_, 10, 226832, 227678
kernel_host_6065031066545417016,internal_q_, 9, 3885284, 3889290
smoth_update_,internal_q_, 9, 48344242, 48344387
kernel_host_3056794744720896216,internal_v_, 9, 2534894, 2536527
kernel_host_3056794744720896216,internal_u_, 9, 2548398, 2549457
kernel_host_16004796625768757002,advave_, 10, 421755, 422823
kernel_host_10447168533120541692,internal_v_, 9, 206087, 207354
kernel_host_10447168533120541692,internal_t_, 18, 415900, 418179
kernel_host_10447168533120541692,internal_u_, 9, 211340, 212597
kernel_host_14841353772382616086,external_va_, 10, 1072062, 1072467
dens_,read_init_, 1, 396520897, 396520910
dens_,MAIN__, 9, 43769448, 43769626
dens_,update_initial_, 1, 5797324, 5797338
kernel_host_7004053664364030334,external_update_, 54, 1506702, 1511115
kernel_host_17257447492840229055,print_section_, 1, 29210, 29844
kernel_host_17600160524251074110,internal_v_, 9, 2546125, 2550140
kernel_host_17600160524251074110,internal_t_, 18, 5084419, 5092451
kernel_host_17600160524251074110,internal_u_, 9, 2541680, 2545398
kernel_host_4181240233776583252,internal_q_, 9, 3461864, 3462954
kernel_host_167483268786796797,internal_q_, 9, 3959622, 3960693
kernel_host_17506849007025892946,external_update_, 15, 301598, 302368
smoth_update1_,internal_t_, 18, 8730343, 8730679
kernel_host_5613771957553797452,external_update_, 10, 239387, 240255
advave_,mode_interaction_, 10, 280454705, 280454901
kernel_host_13527600874346049264,dens_, 22, 3472853, 3474565
internal_w_,MAIN__, 9, 314601701, 314602338
kernel_host_11711072112829525569,internal_q_, 9, 234395, 237543
kernel_host_7308789819381199256,internal_v_, 9, 2101269, 2101583
kernel_host_13054536613402403077,internal_q_, 9, 408826, 409053
kernel_host_17988520462433045664,baropg_, 11, 3784626, 3785836
kernel_host_14930920824767543618,advct_, 10, 16167827, 16171220
kernel_host_17156898055338419057,advct_, 10, 5453174, 5454480
lateral_bc_,MAIN__, 10, 6795, 7567
sw_memcpy_host,read_init_, 3, 76479, 76697
sw_memcpy_host,bcond3_v_, 18, 539195, 539693
sw_memcpy_host,bcond2_va_, 150, 1887139, 1889965
sw_memcpy_host,internal_v_, 144, 2295654, 2310760
sw_memcpy_host,adjust_ufvf_, 54, 2005683, 2014459
sw_memcpy_host,internal_t_, 252, 4170462, 4203856
sw_memcpy_host,baropg_, 22, 254396, 256425
sw_memcpy_host,bcond2_ua_, 150, 1891610, 1894443
sw_memcpy_host,bcond4_, 54, 2730160, 2739401
sw_memcpy_host,external_update_, 54, 668082, 669621
sw_memcpy_host,surface_forcing_, 2, 30134, 30487
sw_memcpy_host,internal_u_, 144, 2241692, 2258341
sw_memcpy_host,adjust_uv_, 18, 271310, 280493
sw_memcpy_host,smoth_update_, 18, 878556, 878888
sw_memcpy_host,smoth_update1_, 18, 902338, 902646
sw_memcpy_host,internal_w_, 9, 439823, 445133
sw_memcpy_host,internal_update_, 60, 705733, 706680
sw_memcpy_host,bcond3_u_, 18, 539197, 539527
sw_memcpy_host,internal_q_, 36, 1449026, 1459236
sw_memcpy_host,bcond6_, 18, 892040, 892317
sw_memcpy_host,update_initial_, 15, 476150, 477652
sw_memcpy_host,__variables_MOD_init_variables, 113, 2882456, 2884659
sw_memcpy_host,mode_interaction_, 50, 692680, 715451
main,__libc_start_main, 1, 18015352453, 18045639508
kernel_host_3362328253860953284,internal_t_, 18, 3952040, 3955555
kernel_host_3362328253860953284,dens_, 33, 7205809, 7206974
kernel_host_10653094078730851825,print_section_, 2, 393068, 393904
external_va_,MAIN__, 50, 196670790, 196673185
kernel_host_561946464185660303,update_initial_, 1, 230207, 230532
mpi_barrier_,read_init_, 20, 83078148, 83078948
mpi_barrier_,MAIN__, 18, 56288062, 56289370
mpi_barrier_,__variables_MOD_init_variables, 11, 11392890, 11393685
kernel_host_15777227199745514466,mode_interaction_, 20, 390443, 391613
internal_update_,MAIN__, 10, 1845424, 1846349
kernel_host_17675233011309389831,internal_w_, 9, 5668423, 5668599
kernel_host_11974978034716845838,baropg_, 11, 13646848, 13648360
mpi_comm_rank_,MAIN__, 1, 1019, 1205
kernel_host_11180554648481108675,internal_q_, 9, 359368, 361210
kernel_host_2704996265738245537,internal_w_, 9, 1941102, 1945530
bcond3_u_,internal_u_, 9, 78591454, 78591607
mpi_comm_size_,MAIN__, 1, 470, 489
print_section_,MAIN__, 1, 171521192, 171521205
kernel_host_14171480367845884996,adjust_uv_, 18, 2848031, 2849321
kernel_host_14171480367845884996,update_initial_, 2, 320989, 321202
kernel_host_14171480367845884996,mode_interaction_, 50, 7850007, 7852075
kernel_host_17356059520636453398,external_ua_, 50, 6326970, 6331947
internal_q_,MAIN__, 9, 3239715162, 3239715901
kernel_host_2668086296973077183,internal_q_, 9, 3778180, 3782800
mpi_get_processor_name_,MAIN__, 1, 4191, 4213
bcond6_,internal_q_, 9, 301164949, 301167748
kernel_host_669428828628634244,baropg_, 11, 9790535, 9794126
advct_,lateral_viscosity_, 10, 373974107, 373974849
update_initial_,MAIN__, 1, 553010268, 553010281
kernel_host_8976449558737060572,internal_q_, 18, 5379460, 5380545
kernel_host_13670386984375334520,bcond2_va_, 50, 1920112, 1926653
kernel_host_13670386984375334520,bcond2_ua_, 50, 1956560, 1967344
MPI_Init,MAIN__, 1, 2020323603, 2020323664
__variables_MOD_init_variables,MAIN__, 1, 4749191707, 4749191720
kernel_host_11735378529907380392,internal_v_, 9, 3206410, 3207019
kernel_host_11313705801899030046,internal_u_, 9, 2759520, 2762760
MPI_Irecv,read_init_, 3, 6262, 6483
MPI_Irecv,internal_t_, 1, 3246, 3271
MPI_Irecv,baropg_, 1, 3131, 3153
MPI_Irecv,MAIN__, 8, 23462, 23956
MPI_Irecv,external_update_, 50, 126975, 128465
MPI_Irecv,internal_u_, 1, 3120, 3145
MPI_Irecv,dens_, 1, 2861, 2888
MPI_Irecv,print_section_, 5, 9250, 9375
kernel_host_6678857161791714567,internal_v_, 9, 450051, 450412
kernel_host_9476223794341086031,bcond6_, 18, 13296105, 13299967
mode_interaction_,MAIN__, 10, 617205931, 617207292
kernel_host_2904305052371605897,lateral_viscosity_, 10, 18362346, 18362555
MPI_Isend,bcond3_v_, 18, 234595, 240797
MPI_Isend,internal_v_, 18, 129651, 130364
MPI_Isend,external_el_, 60, 225888, 230000
MPI_Isend,internal_t_, 72, 644020, 660219
MPI_Isend,MAIN__, 64, 243584, 248280
MPI_Isend,internal_u_, 18, 119018, 119873
MPI_Isend,lateral_viscosity_, 20, 140618, 142506
MPI_Isend,external_ua_, 27, 122895, 124111
MPI_Isend,advave_, 52, 215418, 218986
MPI_Isend,internal_w_, 18, 187838, 191504
MPI_Isend,external_va_, 19, 109790, 110322
MPI_Isend,bcond3_u_, 18, 134013, 137752
MPI_Isend,internal_q_, 114, 967329, 992315
MPI_Isend,bcond6_, 2, 23460, 24522
MPI_Isend,advct_, 98, 901879, 929906
kernel_host_14177333148799137211,dens_, 11, 4235808, 4236523
kernel_host_13095133616550115949,internal_v_, 9, 1396824, 1397911
kernel_host_13095133616550115949,internal_t_, 18, 2769439, 2771253
kernel_host_13095133616550115949,internal_u_, 9, 1371016, 1371999
kernel_host_2895507310617246303,external_va_, 10, 551413, 553585
