MPI_Recv,bcond3_v_, 9, 1399925, 1400156
MPI_Recv,internal_v_, 73, 78258209, 78268370
MPI_Recv,internal_t_, 72, 136283586, 136285744
MPI_Recv,baropg_, 22, 10727869, 10731490
MPI_Recv,MAIN__, 64, 1784749, 1786366
MPI_Recv,internal_u_, 82, 28310830, 28320388
MPI_Recv,external_ua_, 87, 23769243, 23777560
MPI_Recv,advave_, 92, 115024031, 115028833
MPI_Recv,external_va_, 87, 19562839, 19570125
MPI_Recv,bcond3_u_, 18, 50254636, 50255197
MPI_Recv,internal_q_, 90, 66105067, 66109170
MPI_Recv,bcond6_, 2, 787932, 789560
MPI_Recv,advct_, 140, 34636355, 34644408
kernel_host_13005850972175828160,adjust_uv_, 9, 1056689, 1057283
kernel_host_9872960228072659106,bcond4_, 36, 9690411, 9706940
kernel_host_13767876723361870048,smoth_update_, 18, 2267687, 2270039
kernel_host_13767876723361870048,smoth_update1_, 18, 2281135, 2283790
kernel_host_5579468312897313468,bcond6_, 18, 3685007, 3686741
MPI_Send,external_update_, 50, 175927, 176974
MPI_Send,print_section_, 5, 15379, 15465
kernel_host_1406632355128019739,external_el_, 50, 1942914, 1951333
kernel_host_5251974738527917755,internal_u_, 9, 317286, 317566
kernel_host_8383241828137858514,internal_t_, 18, 639067, 639958
kernel_host_11078693922887474255,bcond1_, 50, 1341195, 1351352
kernel_host_11078693922887474255,bcond2_va_, 50, 1311232, 1314505
kernel_host_11078693922887474255,bcond2_ua_, 50, 1269018, 1273640
kernel_host_11078693922887474255,print_section_, 1, 31247, 31398
kernel_host_16025009267156524296,external_ua_, 10, 342463, 344146
MPI_Waitall,read_init_, 210, 6369801, 6373903
MPI_Waitall,bcond3_v_, 18, 1913800, 1914879
MPI_Waitall,internal_v_, 18, 29756, 30133
MPI_Waitall,internal_t_, 270, 3714574, 3722786
MPI_Waitall,baropg_, 198, 3647540, 3651503
MPI_Waitall,MAIN__, 1616, 29218221, 29245401
MPI_Waitall,external_update_, 50, 141460, 142207
MPI_Waitall,internal_u_, 216, 4416657, 4420990
MPI_Waitall,lateral_viscosity_, 20, 206878, 207341
MPI_Waitall,external_ua_, 12, 38518, 38755
MPI_Waitall,dens_, 198, 3655168, 3658414
MPI_Waitall,advave_, 36, 179002, 180028
MPI_Waitall,internal_w_, 18, 1759838, 1760524
MPI_Waitall,external_va_, 12, 33059, 33423
MPI_Waitall,bcond3_u_, 18, 35789, 36623
MPI_Waitall,print_section_, 6, 16032, 16140
MPI_Waitall,internal_q_, 114, 456002, 463117
MPI_Waitall,bcond6_, 2, 37991, 38090
MPI_Waitall,advct_, 98, 6782633, 6787844
kernel_host_13029536952378754949,internal_q_, 9, 3454151, 3455555
kernel_host_17572185407420011884,bcond6_, 18, 1364304, 1366151
bottom_friction_,MAIN__, 1, 39714189, 39714226
kernel_host_1513189204643337441,external_update_, 10, 267508, 269754
kernel_host_1513189204643337441,internal_q_, 18, 469885, 470877
read_init_,__variables_MOD_init_variables, 1, 4172643701, 4172643714
MPI_Allreduce,print_section_, 5, 43668091, 43669641
bcond1_,external_el_, 50, 64424557, 64433478
kernel_host_11785900214035726808,adjust_ufvf_, 18, 2070661, 2071440
bcond3_v_,internal_v_, 9, 51473469, 51473635
kernel_host_3801595614667731380,bcond4_, 18, 3954087, 3963319
bcond2_va_,external_va_, 50, 20653807, 20656753
kernel_host_6151473719594853315,internal_v_, 9, 267744, 268086
kernel_host_6151473719594853315,internal_t_, 18, 530039, 530390
kernel_host_6151473719594853315,internal_u_, 9, 268690, 268874
internal_v_,MAIN__, 9, 425267571, 425267709
kernel_host_15379746689016184240,baropg_, 11, 1594286, 1596294
kernel_host_2769894380674479461,bcond2_va_, 50, 1481452, 1486842
kernel_host_2769894380674479461,bcond2_ua_, 50, 1589804, 1597674
MPI_Barrier,bottom_friction_, 1, 35253301, 35253326
MPI_Barrier,read_init_, 1, 37462412, 37462529
MPI_Barrier,bcond1_, 1, 52545972, 52545994
MPI_Barrier,bcond3_v_, 1, 32416016, 32416182
MPI_Barrier,internal_v_, 5, 168115696, 168116868
MPI_Barrier,adjust_ufvf_, 2, 63015087, 63015618
MPI_Barrier,external_el_, 1, 34666925, 34666939
MPI_Barrier,internal_t_, 8, 264013788, 264016399
MPI_Barrier,baropg_, 6, 210881917, 210883004
MPI_Barrier,bcond2_ua_, 2, 114172770, 114172819
MPI_Barrier,bcond4_, 7, 237627462, 237630645
MPI_Barrier,external_update_, 4, 126861897, 126862574
MPI_Barrier,internal_u_, 8, 274408900, 274410374
MPI_Barrier,lateral_viscosity_, 1, 24708789, 24708825
MPI_Barrier,external_ua_, 3, 106194309, 106195285
MPI_Barrier,adjust_uv_, 2, 70237710, 70238061
MPI_Barrier,smoth_update_, 1, 36464844, 36464882
MPI_Barrier,dens_, 9, 376083940, 376084729
MPI_Barrier,advave_, 5, 183764474, 183765941
MPI_Barrier,internal_w_, 2, 84737793, 84738151
MPI_Barrier,external_va_, 3, 101539314, 101540249
MPI_Barrier,mpi_barrier_, 49, 275223225, 275225126
MPI_Barrier,bcond3_u_, 1, 32596682, 32596852
MPI_Barrier,print_section_, 4, 101423089, 101424092
MPI_Barrier,internal_q_, 21, 856472830, 856478803
MPI_Barrier,bcond6_, 5, 191064524, 191065531
MPI_Barrier,advct_, 5, 177123917, 177125920
MPI_Barrier,update_initial_, 5, 203310011, 203310861
MPI_Barrier,mode_interaction_, 3, 156079574, 156079678
kernel_host_533893640144992498,advct_, 10, 1645351, 1645561
adjust_ufvf_,MAIN__, 9, 98463664, 98464082
kernel_host_14742595204480865565,bcond3_v_, 9, 1440048, 1440499
MPI_Bcast,read_init_, 58, 217858245, 217871871
MPI_Bcast,external_update_, 100, 72626678, 72633344
MPI_Bcast,print_section_, 6, 3976790, 3976902
kernel_host_12580761429086804727,advave_, 10, 408032, 408307
get_time_,MAIN__, 10, 9113, 9576
kernel_host_11734272273339620725,internal_q_, 9, 1025606, 1026450
kernel_host_17876976960434219323,dens_, 11, 1222158, 1223445
external_el_,MAIN__, 50, 115732225, 115734533
kernel_host_5341804159594033185,bcond3_v_, 9, 716219, 720712
kernel_host_5341804159594033185,internal_v_, 9, 755340, 759539
kernel_host_5341804159594033185,bcond4_, 18, 1372159, 1374099
kernel_host_5341804159594033185,internal_u_, 9, 718897, 723073
kernel_host_5341804159594033185,bcond3_u_, 9, 722024, 725467
kernel_host_12880096600322512940,internal_u_, 9, 2288276, 2289147
MPI_Gather,external_update_, 50, 1153376, 1160777
kernel_host_5285627496081891117,dens_, 11, 906440, 907902
kernel_host_18056069231970590520,external_va_, 50, 3045003, 3047139
kernel_host_3203235421309124674,advave_, 10, 391169, 391433
kernel_host_10878038741274582305,internal_q_, 18, 1302325, 1304523
kernel_host_928901692857333394,dens_, 11, 1255988, 1257312
MPI_Comm_dup,read_init_, 50, 14179960, 14199040
kernel_host_18092185543702176767,internal_v_, 9, 2384416, 2384872
kernel_host_11364641885718042762,internal_q_, 9, 1017319, 1021144
kernel_host_7666798020544911213,external_update_, 10, 278690, 280608
internal_t_,MAIN__, 18, 1116767280, 1116767633
MPI_Comm_free,read_init_, 50, 163896, 175930
kernel_host_5305202362360132607,internal_q_, 9, 895849, 897924
baropg_,lateral_viscosity_, 10, 88140080, 88140527
baropg_,update_initial_, 1, 258028428, 258028441
kernel_host_3904638810941265799,internal_q_, 9, 792667, 798097
kernel_host_149332173039792024,internal_v_, 9, 243764, 244497
kernel_host_149332173039792024,internal_u_, 9, 243038, 243253
kernel_host_1711344829487799974,bcond4_, 18, 4182723, 4192268
kernel_host_5189765816641970822,internal_v_, 9, 282658, 284100
kernel_host_5189765816641970822,internal_u_, 9, 296120, 297265
bcond2_ua_,external_ua_, 50, 145085921, 145091804
kernel_host_4023198913931606276,update_initial_, 1, 34272, 34884
kernel_host_4023198913931606276,mode_interaction_, 10, 259099, 260203
kernel_host_16474014825694923176,bcond4_, 36, 9648538, 9652951
kernel_host_5425075240490291438,bcond4_, 18, 4056066, 4059678
kernel_host_10908567227736662191,read_init_, 1, 85475, 85490
kernel_host_2077031470031862986,dens_, 11, 3461330, 3462182
bcond4_,internal_t_, 18, 370418444, 370425571
kernel_host_5354701768032446803,mode_interaction_, 10, 285239, 286528
kernel_host_7809988743068049318,advave_, 10, 387135, 388436
MAIN__,main, 1, 13128667599, 13128668047
kernel_host_6495952187057350598,internal_u_, 9, 724901, 726310
kernel_host_16514618981259130990,internal_t_, 18, 1929811, 1931220
kernel_host_10497226412570990612,adjust_ufvf_, 18, 2306655, 2307469
MPI_Get_processor_name,mpi_get_processor_name_, 1, 3625, 3633
kernel_host_8607595517187487955,bcond6_, 18, 3528642, 3534366
external_update_,MAIN__, 50, 229468559, 229469772
surface_forcing_,MAIN__, 10, 841369, 841550
internal_u_,MAIN__, 9, 549777013, 549777496
kernel_host_4582267827303034181,internal_q_, 9, 807850, 811190
kernel_host_9828195426201177678,internal_t_, 18, 2166205, 2174706
kernel_host_6269904581008346741,internal_q_, 9, 1702208, 1703269
kernel_host_14516561621248944045,update_initial_, 1, 83421, 84024
MPI_Get_count,read_init_, 50, 76773, 91887
kernel_host_7756675061965279120,baropg_, 11, 1013748, 1019457
kernel_host_10018654585745270947,advct_, 10, 3764610, 3765078
MPI_Type_commit,read_init_, 41, 1127564, 1128683
MPI_Type_commit,internal_t_, 1, 26848, 26874
MPI_Type_commit,baropg_, 1, 25730, 25761
MPI_Type_commit,MAIN__, 8, 184348, 184552
MPI_Type_commit,external_update_, 100, 1817808, 1825521
MPI_Type_commit,internal_u_, 1, 26621, 26650
MPI_Type_commit,dens_, 1, 25556, 25578
MPI_Type_commit,print_section_, 10, 159864, 160392
kernel_host_14523175272559072737,internal_q_, 9, 661581, 662985
kernel_host_940921560178879518,dens_, 11, 1344158, 1344574
kernel_host_940921560178879518,internal_q_, 9, 1100210, 1101302
MPI_Type_free,read_init_, 41, 30485, 33820
MPI_Type_free,internal_t_, 1, 906, 920
MPI_Type_free,baropg_, 1, 868, 882
MPI_Type_free,MAIN__, 8, 4758, 4888
MPI_Type_free,external_update_, 100, 96183, 98230
MPI_Type_free,internal_u_, 1, 1045, 1061
MPI_Type_free,dens_, 1, 672, 687
MPI_Type_free,print_section_, 10, 7844, 8024
kernel_host_7338183325372557907,internal_q_, 18, 11531077, 11531789
__config_MOD_loadconfig,__variables_MOD_init_variables, 1, 4447334, 4447347
kernel_host_14960680749554967015,internal_u_, 9, 244816, 245098
MPI_Type_size,read_init_, 50, 60370, 66012
kernel_host_14772865060589351907,advct_, 10, 1778025, 1779628
kernel_host_10227889028461526473,external_ua_, 10, 608378, 608532
init_fields_,MAIN__, 1, 51927, 51940
kernel_host_13678541340789269977,internal_t_, 18, 482611, 483530
kernel_host_13678541340789269977,external_update_, 1, 26170, 26200
kernel_host_13678541340789269977,internal_update_, 20, 514444, 515531
kernel_host_13678541340789269977,internal_q_, 9, 250567, 251513
kernel_host_13678541340789269977,update_initial_, 2, 57862, 58478
lateral_viscosity_,MAIN__, 10, 412755211, 412755382
kernel_host_677570178439262390,advave_, 10, 377840, 377989
kernel_host_18110621675970109649,internal_q_, 9, 902396, 904132
kernel_host_12498671133038244182,print_section_, 1, 34866, 35487
external_ua_,MAIN__, 50, 317757878, 317759056
kernel_host_14913372915240065947,internal_t_, 18, 8757285, 8758007
kernel_host_18070178787332596206,internal_q_, 9, 1814672, 1816726
kernel_host_3118027215046091878,bottom_friction_, 1, 46716, 47331
kernel_host_4654656141485052332,bcond3_u_, 9, 1932317, 1932467
kernel_host_4064066695173842015,baropg_, 11, 1013217, 1018629
kernel_host_2998007382017772732,dens_, 11, 1772791, 1773487
kernel_host_9870073709680686895,internal_q_, 9, 1212083, 1216189
kernel_host_11544715019137345953,adjust_uv_, 9, 849506, 850762
kernel_host_2403034596777470961,bcond6_, 18, 3530192, 3535071
kernel_host_8054816732667103883,bcond4_, 18, 4085616, 4090734
kernel_host_4089695605558063454,internal_v_, 9, 248715, 248923
adjust_uv_,MAIN__, 9, 102741111, 102741955
kernel_host_5742318362719794899,mode_interaction_, 10, 281569, 283320
kernel_host_6065031066545417016,internal_q_, 9, 1242754, 1247306
smoth_update_,internal_q_, 9, 44425779, 44425971
kernel_host_3056794744720896216,internal_v_, 9, 828621, 829190
kernel_host_3056794744720896216,internal_u_, 9, 854221, 854530
kernel_host_16004796625768757002,advave_, 10, 341993, 343523
kernel_host_10447168533120541692,internal_v_, 9, 236226, 236430
kernel_host_10447168533120541692,internal_t_, 18, 483333, 484245
kernel_host_10447168533120541692,internal_u_, 9, 244228, 244559
kernel_host_14841353772382616086,external_va_, 10, 511523, 511881
dens_,read_init_, 1, 435065994, 435066007
dens_,MAIN__, 9, 17887621, 17887778
dens_,update_initial_, 1, 2866278, 2866291
kernel_host_7004053664364030334,external_update_, 3, 90015, 90834
kernel_host_17257447492840229055,print_section_, 1, 35854, 36483
kernel_host_17600160524251074110,internal_v_, 9, 921398, 925052
kernel_host_17600160524251074110,internal_t_, 18, 1862382, 1870215
kernel_host_17600160524251074110,internal_u_, 9, 936380, 940341
kernel_host_4181240233776583252,internal_q_, 9, 1086886, 1088296
kernel_host_167483268786796797,internal_q_, 9, 1304205, 1305912
smoth_update1_,internal_t_, 18, 4135458, 4135830
kernel_host_5613771957553797452,external_update_, 10, 282944, 284276
advave_,mode_interaction_, 10, 331399675, 331400013
kernel_host_13527600874346049264,dens_, 22, 1583813, 1585330
internal_w_,MAIN__, 9, 143377437, 143378013
kernel_host_11711072112829525569,internal_q_, 9, 251106, 252600
kernel_host_7308789819381199256,internal_v_, 9, 850921, 851236
kernel_host_13054536613402403077,internal_q_, 9, 333993, 334193
kernel_host_17988520462433045664,baropg_, 11, 1230610, 1233187
kernel_host_14930920824767543618,advct_, 10, 4379906, 4382532
kernel_host_17156898055338419057,advct_, 10, 1548719, 1549365
lateral_bc_,MAIN__, 10, 7228, 8210
sw_memcpy_host,read_init_, 3, 94010, 94255
sw_memcpy_host,bcond3_v_, 18, 569802, 570112
sw_memcpy_host,bcond2_va_, 150, 3649923, 3652621
sw_memcpy_host,internal_v_, 144, 3790530, 3802221
sw_memcpy_host,adjust_ufvf_, 54, 1977624, 1985378
sw_memcpy_host,internal_t_, 252, 6734775, 6760085
sw_memcpy_host,baropg_, 22, 537341, 538787
sw_memcpy_host,bcond2_ua_, 150, 3661899, 3665055
sw_memcpy_host,bcond4_, 54, 2292862, 2295048
sw_memcpy_host,external_update_, 3, 74118, 74337
sw_memcpy_host,surface_forcing_, 2, 51775, 52107
sw_memcpy_host,internal_u_, 144, 3782863, 3797226
sw_memcpy_host,adjust_uv_, 18, 560269, 567450
sw_memcpy_host,smoth_update_, 18, 727250, 727674
sw_memcpy_host,smoth_update1_, 18, 810004, 810498
sw_memcpy_host,internal_w_, 9, 415900, 420768
sw_memcpy_host,internal_update_, 60, 1460447, 1461524
sw_memcpy_host,bcond3_u_, 18, 575249, 575604
sw_memcpy_host,internal_q_, 36, 1360446, 1369329
sw_memcpy_host,bcond6_, 18, 756005, 756443
sw_memcpy_host,update_initial_, 15, 537205, 538550
sw_memcpy_host,__variables_MOD_init_variables, 113, 3254211, 3256753
sw_memcpy_host,mode_interaction_, 50, 1488231, 1506721
main,__libc_start_main, 1, 13128687128, 13159090067
kernel_host_3362328253860953284,internal_t_, 18, 1644186, 1645771
kernel_host_3362328253860953284,dens_, 33, 2915385, 2916891
kernel_host_10653094078730851825,print_section_, 2, 182396, 183297
external_va_,MAIN__, 50, 183596907, 183599461
kernel_host_561946464185660303,update_initial_, 1, 94030, 94711
mpi_barrier_,read_init_, 20, 121525306, 121526225
mpi_barrier_,MAIN__, 18, 113847511, 113848770
mpi_barrier_,__variables_MOD_init_variables, 11, 39879467, 39879963
kernel_host_15777227199745514466,mode_interaction_, 20, 522349, 523918
internal_update_,MAIN__, 10, 2765077, 2766432
kernel_host_17675233011309389831,internal_w_, 9, 1614961, 1615130
kernel_host_11974978034716845838,baropg_, 11, 3694742, 3695749
mpi_comm_rank_,MAIN__, 1, 1026, 1080
kernel_host_11180554648481108675,internal_q_, 9, 283546, 283853
kernel_host_2704996265738245537,internal_w_, 9, 815262, 820193
bcond3_u_,internal_u_, 9, 97299678, 97299828
mpi_comm_size_,MAIN__, 1, 502, 521
print_section_,MAIN__, 1, 177828988, 177829030
kernel_host_14171480367845884996,adjust_uv_, 18, 1397467, 1399606
kernel_host_14171480367845884996,update_initial_, 2, 159021, 159678
kernel_host_14171480367845884996,mode_interaction_, 50, 3726813, 3729897
kernel_host_17356059520636453398,external_ua_, 50, 2747286, 2749824
internal_q_,MAIN__, 9, 1722924314, 1722924908
kernel_host_2668086296973077183,internal_q_, 9, 1208016, 1211670
mpi_get_processor_name_,MAIN__, 1, 4546, 4560
bcond6_,internal_q_, 9, 251216950, 251218136
kernel_host_669428828628634244,baropg_, 11, 2726973, 2729557
advct_,lateral_viscosity_, 10, 285122832, 285123024
update_initial_,MAIN__, 1, 488185240, 488185254
kernel_host_8976449558737060572,internal_q_, 18, 1978967, 1980837
kernel_host_13670386984375334520,bcond2_va_, 50, 1479272, 1483074
kernel_host_13670386984375334520,bcond2_ua_, 50, 1524129, 1533828
MPI_Init,MAIN__, 1, 2052198822, 2052198852
__variables_MOD_init_variables,MAIN__, 1, 4222750883, 4222750897
kernel_host_11735378529907380392,internal_v_, 9, 1113811, 1114229
kernel_host_11313705801899030046,internal_u_, 9, 1052332, 1054607
MPI_Irecv,read_init_, 3, 6123, 6347
MPI_Irecv,internal_t_, 1, 3953, 3978
MPI_Irecv,baropg_, 1, 3960, 3983
MPI_Irecv,MAIN__, 8, 16441, 16749
MPI_Irecv,external_update_, 50, 126555, 128040
MPI_Irecv,internal_u_, 1, 3241, 3264
MPI_Irecv,dens_, 1, 2848, 2873
MPI_Irecv,print_section_, 5, 8981, 9086
kernel_host_6678857161791714567,internal_v_, 9, 303939, 304189
kernel_host_9476223794341086031,bcond6_, 18, 3821651, 3824627
mode_interaction_,MAIN__, 10, 549675595, 549676754
kernel_host_2904305052371605897,lateral_viscosity_, 10, 4372090, 4372873
MPI_Isend,bcond3_v_, 18, 148289, 153294
MPI_Isend,internal_v_, 18, 119780, 120321
MPI_Isend,internal_t_, 72, 412212, 422744
MPI_Isend,MAIN__, 64, 155050, 159056
MPI_Isend,internal_u_, 18, 120782, 121427
MPI_Isend,lateral_viscosity_, 20, 129250, 132144
MPI_Isend,external_ua_, 12, 82160, 82476
MPI_Isend,advave_, 36, 151538, 154222
MPI_Isend,internal_w_, 18, 141968, 144656
MPI_Isend,external_va_, 12, 77955, 78553
MPI_Isend,bcond3_u_, 18, 131275, 134644
MPI_Isend,internal_q_, 114, 704218, 726904
MPI_Isend,bcond6_, 2, 23683, 25264
MPI_Isend,advct_, 98, 643656, 660561
kernel_host_14177333148799137211,dens_, 11, 1430884, 1431998
kernel_host_13095133616550115949,internal_v_, 9, 626855, 627442
kernel_host_13095133616550115949,internal_t_, 18, 1246956, 1248906
kernel_host_13095133616550115949,internal_u_, 9, 626367, 627159
kernel_host_2895507310617246303,external_va_, 10, 387685, 389615
